Latitude,Longitude,MedInc,cluster
32.71,-117.03,3.2596,1
33.77,-118.16,3.8125,1
34.66,-120.48,4.1563,4
32.69,-117.11,1.9425,1
36.78,-119.8,3.5542,4
37.42,-121.86,6.6227,2
34.04,-117.97,2.5192,1
37.91,-122.53,7.9892,2
34.13,-117.9,1.5,1
34.02,-117.79,6.4266,3
37.72,-122.45,4.2167,2
33.97,-118.35,2.2303,1
37.46,-119.72,2.875,4
37.33,-121.88,2.0972,5
34.18,-118.34,2.8125,1
33.89,-118.23,3.1667,1
36.67,-121.65,2.8924,5
38.03,-121.34,4.4063,2
34.32,-118.43,4.2330000000000005,3
33.93,-118.28,1.4329,1
34.16,-117.34,2.1935,1
37.24,-121.98,8.5425,2
38.94,-123.15,2.7171,5
33.98,-118.28,1.575,1
40.89,-122.31,2.2583,5
37.89,-122.28,5.4171,2
39.48,-121.57,0.8252,5
34.08,-118.26,3.5039,1
33.8,-118.07,3.8792,1
36.06,-120.79,2.4881,4
33.12,-117.07,2.7216,1
34.55,-118.01,4.071000000000001,3
33.99,-118.4,2.825,1
34.08,-118.06,2.5119,1
32.79,-117.01,3.4421,1
33.88,-118.11,3.5893,1
40.66,-122.36,2.0119,5
33.97,-118.21,3.1901,1
33.86,-118.06,5.0778,3
33.65,-117.92,0.9702,1
34.1,-118.47,11.1978,0
34.1,-118.03,3.94,1
33.93,-117.41,4.0156,1
33.97,-118.38,6.019,3
33.76,-118.02,3.6289,1
32.95,-117.05,3.2369,1
38.55,-121.51,2.8417,5
33.91,-118.07,3.1957,1
33.6,-117.7,3.1131,1
34.17,-118.14,4.0524,3
34.07,-118.26,2.4038,1
37.94,-122.07,4.475,2
39.76,-121.65,3.0,5
32.77,-117.01,2.6678,1
34.06,-118.35,3.2411,1
33.5,-117.7,8.7591,0
37.82,-122.08,11.3421,0
33.9,-118.24,1.2083,1
34.04,-118.36,2.7917,1
32.8,-117.24,2.9258,1
32.72,-117.14,2.0529,1
34.18,-118.14,3.3068,1
38.96,-122.63,1.75,5
36.66,-118.96,3.1964,4
37.56,-122.27,5.6936,2
34.15,-118.23,5.3369,3
33.68,-117.89,3.3409,1
33.99,-118.32,1.9779,1
33.77,-118.18,1.1483,1
33.98,-117.47,4.9886,3
37.32,-122.27,5.3951,2
33.81,-118.18,1.75,1
32.75,-117.09,1.2286,1
37.38,-121.85,5.2415,2
38.61,-121.32,2.774,5
37.97,-121.25,1.7895,5
33.84,-117.93,3.2301,1
34.88,-117.13,2.3373,1
33.95,-118.14,3.6635,1
36.97,-122.13,4.7188,2
34.06,-118.06,2.5763,1
37.86,-122.27,2.6914,5
34.19,-118.47,5.0929,3
38.71,-121.44,3.5129,5
37.99,-121.79,5.7321,2
34.02,-118.17,2.45,1
32.75,-117.16,2.9705,1
34.1,-118.29,2.9417,1
38.11,-122.6,5.3962,2
37.81,-121.99,4.9018,2
33.78,-117.91,3.045,1
37.8,-121.21,1.4853,5
38.03,-121.25,6.6605,2
34.05,-118.49,7.0285,3
33.63,-117.67,4.4063,3
33.67,-118.0,4.8125,3
33.99,-117.37,1.685,1
36.73,-119.79,1.975,4
38.13,-121.29,5.0,2
33.83,-118.19,6.4468,3
34.61,-120.16,3.0185,4
37.4,-120.84,2.6214,5
32.76,-117.18,2.6493,1
33.14,-117.08,3.5462,1
37.85,-122.24,4.9643,2
40.89,-124.01,2.4559,5
40.77,-122.96,3.2891,5
33.86,-118.27,3.7466,1
36.55,-121.91,5.7248,2
37.71,-121.96,7.2494,2
34.1,-118.18,4.9231,3
33.73,-117.81,3.5719,1
33.77,-118.15,3.5292,1
37.48,-122.23,2.7969,5
38.37,-121.98,2.8438,5
37.96,-121.7,3.2813,5
33.67,-117.33,1.9194,1
38.01,-122.24,6.0102,2
37.36,-121.98,4.5625,2
38.52,-121.47,1.2575,5
33.61,-117.89,5.0,3
33.79,-117.76,8.2653,0
37.75,-122.41,4.2891,2
34.04,-118.17,3.5938,1
35.33,-119.1,6.759,3
36.88,-121.6,4.7813,2
36.21,-119.35,1.6378,4
34.04,-118.33,3.6373,1
33.82,-117.95,4.3269,3
37.47,-122.15,3.0521,5
39.48,-121.79,3.3929,5
34.96,-120.44,2.9167,4
33.97,-118.39,6.235,3
37.78,-122.42,2.1516,5
32.85,-117.2,4.7891,3
33.82,-117.89,5.0605,3
39.72,-121.82,1.5064,5
35.54,-117.84,5.0762,3
33.83,-117.91,1.119,1
34.05,-118.39,4.0153,3
32.68,-117.08,1.324,1
37.9,-122.05,4.6528,2
34.15,-117.2,7.732,3
37.93,-122.08,5.0761,2
38.68,-121.38,4.0673,5
40.95,-124.16,3.1406,5
40.59,-124.15,2.0938,5
34.01,-118.43,6.4232,3
34.1,-117.84,3.8465,1
40.05,-123.78,2.1864,5
37.26,-121.0,1.7062,5
33.61,-117.89,5.1923,3
33.88,-117.89,5.7519,3
32.73,-117.02,4.7952,3
33.69,-117.99,3.7479,1
32.95,-117.26,5.8343,3
34.29,-118.72,6.0368,3
37.47,-122.14,3.7917,5
38.39,-121.37,6.2575,2
34.09,-118.34,2.4432,1
33.99,-118.28,2.5848,1
33.03,-117.27,4.87,3
34.28,-117.17,7.1997,3
34.0,-118.33,0.9304,1
37.95,-122.34,2.875,5
36.86,-121.45,3.1375,5
33.87,-118.37,3.5048,1
33.93,-118.25,1.1346,1
33.39,-117.14,3.8547,1
37.56,-122.31,4.2955,2
33.92,-118.22,2.1366,1
37.47,-122.13,5.0893,2
33.92,-118.27,1.7262,1
38.43,-122.68,6.0774,2
33.94,-118.26,1.65,1
38.72,-121.71,2.8882,5
34.12,-117.66,8.8204,0
37.0,-122.04,2.9712,5
34.07,-118.21,2.3859,1
37.69,-121.78,3.3618,5
37.02,-120.06,3.5258,4
32.81,-116.97,2.1422,1
33.22,-117.22,1.9571,1
37.48,-122.25,7.1621,2
33.98,-118.27,1.3042,1
37.37,-122.07,4.8021,2
37.79,-122.44,8.0755,2
38.53,-122.94,3.7143,5
34.07,-117.73,2.2596,1
37.33,-121.94,4.3,2
36.77,-119.77,2.0564,4
33.71,-117.88,4.1,3
40.12,-123.82,2.087,5
37.89,-122.53,5.9073,2
37.28,-122.03,9.8937,0
36.32,-119.7,2.6477,4
33.85,-116.53,2.9647,1
35.35,-119.02,1.983,4
37.76,-122.49,3.5302,5
38.58,-121.3,2.8966,5
34.13,-118.32,4.0833,3
36.91,-119.77,5.3272,2
38.11,-122.6,3.8068,5
33.77,-118.2,1.2864,1
33.81,-117.94,4.5714,3
32.97,-116.67,5.359,3
34.16,-118.36,2.4835,1
33.77,-118.01,5.8362,3
38.01,-121.8,2.2532,5
33.86,-118.07,3.425,1
33.82,-117.99,2.8625,1
38.58,-121.43,3.9167,5
33.9,-118.09,3.1441,1
35.28,-120.7,4.6071,4
34.01,-118.25,1.4464,1
33.93,-118.36,3.0132,1
33.99,-118.33,3.2083,1
33.82,-118.13,5.1795,3
37.8,-122.2,4.9559,2
34.24,-118.63,4.8333,3
39.17,-123.73,2.375,5
36.57,-119.61,1.5833,4
32.72,-117.14,2.2804,1
33.37,-117.25,1.995,1
38.75,-120.54,3.9812,5
37.84,-122.02,7.7072,2
36.79,-119.79,1.5122,4
37.78,-122.44,2.8569,5
36.7,-119.81,1.2404,4
41.74,-122.64,3.3095,5
33.91,-118.14,3.0465,1
34.52,-120.39,2.5667,4
38.44,-122.72,0.9437,5
40.75,-124.17,4.8516,2
33.61,-117.66,7.1497,3
39.15,-121.07,2.4726,5
38.7,-122.52,0.536,5
37.53,-121.98,4.6,2
33.83,-118.11,4.918,3
37.8,-122.23,1.9375,5
33.9,-117.85,5.2037,3
37.94,-122.53,4.7344,2
41.77,-124.21,2.5795,5
34.02,-118.32,2.0304,1
33.95,-118.02,4.6184,3
35.82,-118.7,2.3937,4
32.74,-117.24,4.0268,1
33.95,-118.37,3.111,1
37.97,-121.98,5.9617,2
36.98,-121.88,4.8953,2
32.92,-116.84,3.1607,1
34.07,-117.89,3.9808,1
37.59,-120.94,2.3152,5
38.9,-120.3,0.9227,5
34.17,-118.3,3.0687,1
33.92,-118.12,2.5893,1
41.69,-122.56,2.4107,5
34.22,-118.4,3.6442,1
37.76,-122.45,5.6235,2
38.92,-121.22,4.4958,2
33.93,-118.21,1.9668,1
33.15,-117.2,3.0139,1
38.72,-121.47,4.0227,5
41.86,-122.33,2.234,5
34.15,-118.25,3.6875,1
37.93,-121.22,4.75,2
33.8,-117.98,5.4876,3
38.63,-121.44,1.3462,5
34.08,-118.21,1.9495,1
33.91,-118.35,4.3187,3
32.99,-117.01,8.4284,3
33.98,-118.15,2.3,1
33.79,-118.13,3.7716,1
34.41,-119.7,2.8042,4
34.17,-118.62,6.8482,3
33.83,-118.1,5.3735,3
33.88,-118.36,2.65,1
34.07,-118.07,3.125,1
36.76,-119.79,1.175,4
36.22,-119.33,3.5039,4
40.2,-122.38,2.8447,5
34.08,-118.05,2.0433,1
40.88,-124.1,2.0657,5
37.66,-122.44,3.1927,5
38.25,-122.0,4.9222,2
41.5,-121.76,1.0667,5
37.56,-122.29,5.3683,2
34.04,-118.22,1.4189,1
34.1,-118.35,2.6458,1
38.32,-122.48,3.1129,5
34.16,-119.19,3.9722,3
33.72,-116.37,3.0021,1
33.87,-118.38,5.7415,3
34.11,-118.29,12.9591,0
34.19,-119.2,5.0016,3
37.54,-121.97,4.6349,2
38.42,-120.97,4.3029,2
32.95,-117.26,5.6582,3
33.97,-118.26,1.55,1
33.68,-116.3,2.8882,1
36.56,-119.64,2.0658,4
34.15,-117.71,7.9068,3
37.37,-122.09,6.8374,2
34.43,-119.8,5.6604,3
37.67,-122.45,4.4286,2
37.01,-122.02,10.0968,0
34.09,-117.29,1.1806,1
36.75,-119.76,2.19,4
34.17,-118.43,4.4464,3
38.44,-122.86,3.4471,5
32.91,-117.15,4.9464,3
34.3,-118.51,7.5078,3
37.68,-121.73,5.4496,2
33.75,-117.83,4.9957,3
32.79,-117.06,9.6023,0
37.35,-122.03,3.5154,5
34.08,-117.87,5.6015,3
33.82,-117.91,3.7014,1
33.95,-118.23,2.2391,1
37.53,-122.04,3.9667,5
33.86,-117.97,3.6006,1
33.78,-117.99,3.1049,1
38.05,-122.14,3.2891,5
38.01,-121.89,4.0972,5
33.63,-114.58,3.3438,1
37.76,-122.14,5.5701,2
34.07,-117.95,4.1172,3
38.44,-122.74,2.6576,5
37.7,-121.93,4.4087,2
36.34,-119.34,4.0144,4
39.52,-121.36,2.3917,5
35.35,-119.01,1.9125,4
36.71,-119.72,3.0179,4
37.44,-122.13,5.9277,2
36.69,-119.69,2.1563,4
34.11,-118.59,6.4504,3
33.98,-118.24,2.125,1
33.96,-118.43,8.7819,0
32.71,-117.24,6.6661,3
37.68,-120.99,2.6932,5
32.8,-116.86,4.875,3
32.96,-117.12,6.0175,3
34.02,-118.5,2.9934,1
32.94,-117.24,5.2648,3
38.35,-121.94,4.412,2
33.99,-118.19,3.3869,1
33.71,-117.98,4.4766,3
37.4,-121.9,3.7622,5
37.78,-122.47,4.0652,5
37.15,-122.13,3.9423,5
33.73,-117.9,3.2639,1
37.79,-122.42,2.6607,5
34.23,-118.46,3.0187,1
33.82,-117.97,3.7655,1
34.0,-118.44,4.1083,3
34.02,-118.24,1.8485,1
34.28,-118.74,5.9024,3
33.95,-118.12,5.752000000000001,3
37.34,-121.96,3.4375,5
34.0,-118.33,4.2917,3
33.89,-118.27,4.4659,3
34.22,-118.22,7.0059,3
34.44,-119.67,5.2888,3
33.99,-118.46,4.0598,3
33.91,-118.35,4.0775,3
37.67,-120.96,2.9219,5
37.09,-119.4,3.3269,4
36.99,-120.7,2.9271,4
33.84,-118.31,3.625,1
34.07,-118.1,2.5964,1
34.12,-117.28,1.3571,1
34.05,-117.17,4.2059,3
34.27,-119.24,3.2792,1
34.12,-118.09,7.8347,3
33.96,-118.29,1.5294,1
33.96,-118.22,2.8,1
34.03,-117.32,3.9024,1
37.99,-122.49,6.994,2
34.26,-118.52,3.7816,1
32.75,-117.23,3.1389,1
32.7,-117.09,1.4583,1
32.78,-115.57,4.0375,1
37.81,-122.25,3.125,5
37.77,-122.42,1.375,5
37.93,-121.94,7.5695,2
33.91,-118.23,2.1734,1
37.92,-122.5,6.1632,2
34.15,-116.33,1.5489,1
33.03,-117.05,4.3571,3
38.64,-121.44,1.0398,5
37.23,-120.25,2.1845,4
33.89,-118.25,2.4537,1
38.0,-122.26,5.2375,2
32.8,-117.13,3.9732,1
33.87,-117.92,2.1991,1
34.47,-119.67,4.9757,3
37.82,-122.24,6.155,2
38.54,-122.48,4.2096,5
33.98,-118.22,2.5352,1
33.85,-116.52,3.4886,1
32.76,-117.12,2.3594,1
36.79,-119.63,4.526,4
37.33,-121.85,2.8024,5
37.54,-122.03,4.8214,2
33.72,-116.29,3.1771,1
34.21,-116.22,2.2083,1
33.88,-118.24,2.4821,1
37.27,-121.8,6.223,2
36.8,-119.71,3.0,4
39.34,-123.81,3.1563,5
33.79,-118.17,1.55,1
32.82,-117.25,7.8013,3
37.36,-120.63,4.0694,2
33.84,-117.82,10.1299,0
35.73,-117.87,4.1518,3
32.8,-117.14,3.9417,1
38.13,-120.26,4.0583,5
38.12,-120.55,2.5,5
33.93,-118.3,3.2024,1
39.73,-121.83,2.0064,5
37.6,-120.92,3.7611,5
37.37,-120.5,2.4012,4
34.09,-117.73,2.4375,1
36.62,-121.92,2.5263,5
34.26,-119.25,2.67,1
33.73,-118.02,5.5599,3
37.97,-121.27,1.1141,5
33.79,-117.83,2.9312,1
33.93,-118.07,4.125,3
34.25,-118.27,5.0234,3
37.99,-121.77,5.4409,2
37.95,-122.34,3.2833,5
33.49,-117.12,3.9963,1
32.71,-117.16,1.0918,1
34.06,-118.12,3.1892,1
37.23,-121.97,4.6065,2
34.25,-118.58,5.521,3
37.84,-122.21,7.0548,2
32.85,-117.23,6.3955,3
32.73,-117.17,1.815,1
37.31,-121.81,3.1382,5
32.56,-117.06,1.7301,1
34.02,-117.6,5.2849,3
32.76,-117.12,2.0673,1
37.93,-122.32,2.675,5
33.67,-116.18,2.2141,1
34.89,-120.42,5.0099,3
33.99,-118.31,2.0915,1
33.9,-118.21,2.0817,1
33.99,-118.34,4.8125,3
36.91,-121.75,1.6875,5
34.06,-118.34,3.7167,1
34.52,-118.22,6.5538,3
34.0,-117.88,3.6308,1
36.83,-119.84,6.8645,2
35.32,-119.05,3.4827,4
37.78,-122.46,3.4605,5
34.16,-118.27,2.9148,1
33.64,-117.66,6.7079,3
32.81,-116.99,4.2386,3
37.38,-122.05,4.072,2
37.35,-120.43,5.9378,2
34.11,-117.83,4.9844,3
34.07,-117.98,2.9107,1
34.21,-118.59,5.0462,3
37.16,-121.72,4.7386,2
37.3,-121.96,4.3081,2
37.66,-121.03,2.1528,5
32.77,-117.18,3.4,1
34.08,-118.39,3.5114,1
36.32,-119.68,2.5833,4
33.92,-118.23,1.6437,1
33.9,-118.24,2.375,1
32.61,-117.03,5.1538,3
37.87,-122.28,2.8676,5
36.78,-119.81,3.0,4
37.53,-122.33,6.7042,2
34.0,-117.68,5.7338,3
33.97,-118.17,2.4049,1
33.81,-118.11,3.9722,1
33.79,-117.99,3.1801,1
34.56,-118.21,4.7097,3
37.78,-122.27,5.2601,2
33.91,-118.14,3.0703,1
37.33,-120.46,6.3215,2
37.9,-122.3,3.4091,5
34.03,-118.45,3.3482,1
33.91,-118.36,3.8,1
33.83,-118.37,4.7308,3
38.64,-121.24,5.259,2
33.21,-117.25,2.066,1
38.93,-120.01,2.9960000000000004,5
38.14,-121.25,2.3,5
34.12,-118.1,6.3013,3
37.98,-122.27,6.0289,2
33.93,-118.2,2.5185,1
36.6,-121.9,2.8727,5
34.08,-118.29,1.925,1
38.69,-121.41,3.6429,5
32.76,-117.08,3.0833,1
36.52,-119.54,4.2045,4
37.77,-120.87,3.5959,5
32.86,-117.21,6.5382,3
33.23,-117.24,3.4359,1
37.88,-122.26,2.944,5
37.27,-121.8,5.0772,2
41.12,-121.47,2.83,5
34.07,-117.14,5.5875,3
34.17,-118.44,3.8081,1
37.8,-122.23,1.9028,5
37.04,-122.08,4.1161,2
36.32,-118.94,4.0703,4
37.31,-121.86,2.2259,5
32.61,-117.05,3.5096,1
37.99,-120.35,2.4191,5
37.82,-122.26,2.6104,5
34.0,-118.29,1.2347,1
37.56,-122.26,5.6683,2
33.66,-117.88,3.5426,1
34.16,-118.27,3.6587,1
32.74,-116.0,1.4338,1
37.6,-122.02,3.5,5
37.94,-122.31,3.8343,5
37.77,-122.2,2.4338,5
38.54,-121.51,3.9792,5
34.18,-118.15,2.3029,1
38.0,-121.85,4.2647,2
34.0,-118.06,3.9243,1
34.14,-118.9,5.1457,3
33.65,-117.9,3.4125,1
38.99,-120.98,3.6354,5
34.44,-119.78,4.835,3
34.05,-118.3,2.4297,1
34.21,-118.58,3.0187,1
37.49,-119.9,3.0,4
37.55,-122.05,5.1321,2
34.05,-118.38,3.238,1
38.54,-121.54,3.0536,5
37.27,-121.96,5.2533,2
36.06,-119.05,3.1625,4
34.18,-118.87,3.4676,1
36.72,-119.82,1.6435,4
33.93,-116.98,2.1581,1
38.47,-122.66,3.7617,5
35.37,-118.96,1.365,4
37.54,-122.29,4.9464,2
38.44,-120.69,4.2917,2
32.83,-115.57,3.5282,1
34.28,-118.68,5.0962,3
33.71,-116.38,4.5556,3
34.05,-117.49,3.9464,1
36.85,-121.79,2.7321,5
33.19,-117.34,5.7409,3
34.14,-118.13,3.4531,1
36.32,-119.32,4.3816,4
40.4,-122.23,3.0556,5
33.87,-117.76,7.0592,3
36.52,-121.69,8.0922,2
32.78,-116.95,3.3906,1
33.75,-117.95,5.1416,3
33.96,-117.23,5.252999999999999,3
33.9,-117.84,7.0352,3
39.8,-120.45,1.7829,5
38.56,-121.43,2.5417,5
37.86,-122.03,6.112,2
33.0,-116.78,5.5102,3
32.82,-115.37,3.5735,1
36.79,-119.76,3.3281,4
34.0,-118.46,2.3542,1
33.93,-117.83,6.5841,3
33.59,-117.65,8.0409,3
32.77,-117.17,3.767,1
37.76,-122.48,4.4094,2
34.05,-118.04,2.6579,1
33.94,-118.17,4.6389,3
37.96,-122.52,5.2818,2
37.98,-121.26,0.9782,5
34.56,-118.07,4.2329,3
34.04,-118.5,15.0001,0
38.49,-121.49,2.735,5
33.84,-118.03,4.0156,1
34.69,-118.14,3.4327,1
34.05,-118.74,7.9184,0
38.0,-121.86,3.5857,5
33.82,-117.95,4.0735,3
37.34,-121.96,4.4453,2
33.73,-116.22,2.1217,1
36.67,-121.65,1.9385,5
38.69,-120.85,3.4872,5
37.69,-122.48,4.4821,2
36.57,-119.59,3.5987,4
36.98,-122.0,4.3,2
37.78,-122.49,4.2414,2
33.78,-117.06,2.5847,1
37.76,-121.43,3.6312,5
37.75,-122.46,6.5372,2
33.77,-118.17,2.1378,1
37.31,-121.82,3.7102,5
37.31,-122.02,5.9714,2
34.2,-118.56,4.175,3
32.75,-117.03,3.0897,1
33.86,-117.87,3.1534,1
33.68,-117.7,2.8192,1
33.94,-118.27,1.1468,1
34.07,-117.62,2.5677,1
37.7,-122.43,4.7708,2
35.42,-119.04,1.8403,4
38.35,-122.69,7.226,2
37.79,-122.28,2.5444,5
37.39,-122.08,3.2083,5
39.74,-121.57,2.4623,5
38.54,-122.75,5.4886,2
34.13,-118.42,12.7823,0
37.39,-122.02,4.7431,2
33.76,-117.97,4.7464,3
33.02,-117.21,10.156,0
37.57,-122.33,3.625,5
34.14,-117.29,2.5417,1
37.73,-122.15,4.9135,2
38.42,-122.66,4.023,5
37.99,-121.84,3.3625,5
37.78,-122.46,3.7887,5
33.12,-117.09,2.5284,1
36.02,-119.8,3.05,4
34.26,-118.6,5.6392,3
34.1,-117.77,2.8818,1
32.8,-117.01,3.7159,1
33.88,-118.21,3.4485,1
38.14,-121.29,3.875,5
32.74,-117.13,3.6852,1
32.72,-117.01,2.3068,1
33.06,-116.93,4.8836,3
36.81,-119.85,3.755,4
33.6,-117.96,5.2333,3
34.03,-118.18,2.0764,1
39.79,-121.58,2.7863,5
40.28,-124.25,1.9417,5
34.28,-118.51,6.3911,3
32.58,-117.11,2.4213,1
35.89,-119.27,1.7572,4
34.08,-117.64,3.3958,1
32.73,-117.05,3.5529,1
37.54,-122.28,3.9699,5
33.76,-117.93,3.3710000000000004,1
39.13,-121.32,3.0,5
34.27,-118.51,4.1042,3
37.34,-121.79,4.9318,2
37.9,-122.3,2.9219,5
34.2,-118.32,3.9866,1
33.21,-117.24,2.1875,1
33.89,-118.34,5.372999999999999,3
38.32,-120.88,3.2589,5
33.81,-117.92,5.6047,3
37.1,-121.96,6.3617,2
37.66,-121.85,5.6399,2
34.05,-118.02,3.0625,1
33.54,-115.22,1.625,1
37.95,-121.26,1.725,5
40.91,-124.08,1.6667,5
34.03,-118.5,6.48,3
34.05,-118.2,2.0885,1
39.91,-122.19,1.8571,5
37.75,-122.16,3.8047,5
37.76,-122.15,6.0749,2
34.09,-117.4,4.4034,3
38.61,-121.44,1.8792,5
37.38,-122.02,4.0911,2
34.16,-118.05,3.5694,1
32.76,-117.12,2.4821,1
34.1,-118.15,3.1211,1
33.94,-118.11,4.4375,3
33.74,-117.84,3.3611,1
36.85,-119.79,1.9511,4
38.47,-122.74,3.0714,5
33.88,-118.12,3.0795,1
36.18,-119.27,2.6098,4
38.9,-121.52,2.9048,5
34.05,-117.93,4.2926,3
34.1,-118.37,15.0001,0
32.91,-117.13,3.6111,1
38.36,-122.01,7.1053,2
32.76,-117.18,3.6492,1
34.04,-117.94,3.8864,1
34.24,-117.28,5.2185,3
33.93,-118.26,1.4917,1
34.14,-117.27,4.4435,3
32.8,-115.57,1.875,1
35.13,-120.66,1.9653,4
39.3,-121.96,2.1845,5
40.59,-124.05,3.4408,5
34.09,-118.34,3.2946,1
37.48,-121.14,3.7045,5
34.05,-117.99,3.7917,1
40.45,-124.03,2.6094,5
38.55,-121.34,4.1447,5
33.98,-118.06,4.2206,3
33.98,-118.33,1.8472,1
37.41,-121.86,7.3861,2
33.96,-118.4,4.1852,3
37.99,-121.88,5.5676,2
37.83,-122.25,3.1484,5
37.98,-120.4,2.6696,5
33.67,-117.81,7.2025,3
39.07,-123.21,3.7833,5
34.13,-117.92,2.8643,1
33.97,-118.22,2.881,1
32.79,-117.25,1.8365,1
34.1,-118.32,2.2311,1
33.73,-116.94,3.7175,1
37.38,-122.08,3.3917,5
33.8,-118.01,5.32,3
37.31,-121.97,3.9187,5
37.88,-122.53,6.8742,2
34.19,-118.31,2.0875,1
34.44,-118.53,6.0398,3
37.74,-122.16,4.0417,5
33.97,-118.37,3.3889,1
32.96,-117.14,6.3721,3
37.57,-122.36,10.7339,0
33.66,-117.99,3.0625,1
35.24,-120.52,5.0267,2
37.83,-122.2,8.401,2
37.64,-118.97,3.0921,4
33.98,-118.22,2.4387,1
34.44,-119.8,5.0294,3
34.45,-119.71,5.5922,3
33.9,-116.81,1.3286,1
37.43,-121.87,6.2892,2
34.05,-118.35,2.8841,1
33.66,-116.31,3.6354,1
33.99,-118.42,3.725,1
34.08,-118.0,3.994,1
37.23,-121.86,5.8904,2
34.21,-119.18,4.3897,3
36.75,-119.79,1.0,4
37.33,-122.03,7.4863,2
34.07,-117.64,2.2765,1
33.62,-117.92,5.2416,3
34.17,-118.61,3.8819,1
33.93,-117.93,3.7933,1
33.99,-118.32,2.5909,1
33.85,-118.16,4.0815,3
33.73,-116.31,3.2846,1
39.04,-122.73,1.9833,5
36.81,-121.6,5.2203,2
37.88,-122.27,4.2813,2
35.26,-120.68,3.2464,4
37.26,-121.95,5.2,2
34.1,-117.74,2.6779,1
34.07,-118.37,4.25,3
33.83,-117.91,2.5509,1
37.48,-122.26,5.6038,2
33.85,-118.35,5.6426,3
34.09,-118.43,7.9835,0
33.84,-118.08,3.3438,1
33.87,-118.03,5.93,3
34.06,-117.25,3.0042,1
33.96,-118.35,1.2094,1
33.94,-118.36,3.4063,1
37.29,-121.91,5.6266,2
36.34,-119.64,1.8606,4
37.84,-122.28,1.6875,5
37.91,-122.3,2.9441,5
34.21,-118.41,4.0167,3
32.76,-117.04,3.141,1
34.01,-118.38,4.7612,3
37.35,-121.89,2.0549,5
35.87,-119.3,2.1434,4
37.94,-121.28,1.7039,5
32.78,-117.07,4.7143,3
34.12,-117.29,1.8438,1
35.23,-118.82,1.9688,4
33.12,-117.25,5.311,3
34.08,-118.69,9.7646,0
33.82,-117.81,10.8111,0
37.71,-122.13,3.5781,5
37.27,-121.99,5.4051,2
33.69,-117.79,6.5783,3
36.11,-119.59,2.25,4
38.55,-121.4,2.925,5
32.79,-115.54,1.6607,1
39.78,-121.59,1.4048,5
38.72,-121.31,3.9506,5
33.8,-118.17,3.5313,1
37.75,-122.16,2.5568,5
36.76,-119.77,1.5174,4
33.82,-118.1,4.8462,3
35.3,-119.09,3.6852,4
34.07,-117.96,4.6118,3
36.82,-121.64,4.1696,2
37.93,-121.7,4.6587,2
34.18,-118.97,7.0242,3
34.09,-118.3,1.4497,1
33.41,-117.6,4.5476,3
33.77,-118.27,1.5369,1
33.94,-117.97,4.0893,3
36.81,-119.71,2.0536,4
34.01,-118.4,5.4035,3
37.54,-122.36,10.1675,0
32.62,-117.09,2.4866,1
37.34,-122.08,10.5142,0
36.67,-121.63,2.5263,5
34.17,-118.9,5.3558,3
37.81,-121.31,3.1429,5
33.72,-118.04,4.0238,1
32.81,-117.29,6.9553,3
33.69,-116.18,2.375,1
37.58,-121.99,6.2073,2
37.25,-121.97,7.9135,2
33.87,-118.05,5.8855,3
33.6,-117.86,6.6265,3
34.16,-118.11,4.2065,3
37.99,-122.33,3.911,5
34.05,-117.76,2.3859,1
33.97,-118.1,2.9922,1
33.82,-117.94,3.4,1
38.23,-122.7,3.5673,5
33.9,-118.22,2.3542,1
37.72,-122.15,2.9097,5
37.71,-122.44,3.9567,5
34.13,-118.21,3.25,1
34.07,-118.32,11.2185,0
37.76,-122.24,3.6719,5
33.86,-117.94,2.1432,1
37.66,-120.93,4.744,2
33.74,-116.9,2.3712,1
33.96,-118.02,4.5446,3
38.0,-121.83,4.8359,2
33.73,-116.95,3.2371,1
34.09,-118.3,2.1927,1
33.04,-117.24,3.212,1
34.0,-118.4,4.85,3
39.17,-120.93,3.6563,5
34.13,-117.82,6.1321,3
36.31,-119.33,5.3909,3
34.28,-119.24,4.4038,3
36.59,-121.84,4.3269,2
34.02,-118.49,4.1365,3
37.79,-121.23,2.7734,5
33.95,-117.93,7.4597,3
34.1,-117.8,6.2456,3
37.93,-122.34,2.1287,5
33.86,-118.32,4.6563,3
37.64,-121.01,1.9013,5
39.76,-121.84,2.3155,5
38.77,-120.58,2.3583,5
40.73,-124.19,3.5363,5
33.48,-117.66,2.3846,1
34.05,-118.29,1.8571,1
37.99,-121.34,3.9615,5
32.74,-117.28,2.7515,1
37.38,-122.06,5.6999,2
33.88,-118.41,5.2533,3
33.51,-117.18,6.992999999999999,3
34.18,-118.34,3.24,1
34.12,-118.02,6.1536,3
37.36,-122.11,13.1867,0
36.83,-121.37,4.76,2
34.08,-117.71,4.2639,3
38.69,-121.25,4.1607,5
33.84,-117.87,4.5112,3
34.03,-118.4,6.5669,3
40.79,-124.16,2.2566,5
34.11,-117.21,3.4103,1
34.21,-118.52,4.3261,3
34.07,-118.09,2.5938,1
36.8,-119.78,1.8514,4
33.99,-117.32,4.711,3
34.42,-117.27,3.2077,1
37.89,-122.26,6.6828,2
37.78,-122.17,3.6875,5
37.69,-121.8,5.4324,2
37.6,-122.39,2.56,5
36.31,-119.77,2.6218,4
38.94,-121.1,1.0179,5
32.75,-117.19,6.1309,3
39.24,-120.04,2.65,5
34.08,-118.06,3.2569,1
34.2,-118.44,2.9360000000000004,1
38.1,-122.26,1.3007,5
34.04,-118.36,2.0538,1
36.1,-119.57,2.0595,4
34.09,-118.32,2.5556,1
38.51,-121.49,3.1768,5
34.03,-118.22,1.8125,1
38.13,-122.26,1.6368,5
36.92,-121.76,2.6434,5
34.04,-117.84,6.9754,3
33.75,-118.11,5.0926,3
38.57,-121.5,3.358,5
33.99,-118.4,5.9632,3
33.68,-117.95,5.0287,3
38.46,-123.07,2.3611,5
33.76,-118.02,4.25,3
32.84,-116.92,4.6674,3
37.8,-122.24,2.1944,5
37.31,-121.78,6.4664,2
37.48,-122.2,3.4427,5
33.82,-118.39,4.5817,3
37.69,-122.14,2.9958,5
34.05,-118.1,2.9130000000000003,1
37.28,-122.0,5.4103,2
37.81,-122.22,4.072,5
37.39,-122.0,5.791,2
33.84,-118.1,5.1836,3
34.28,-118.39,4.4818,3
40.19,-122.24,3.7,5
33.99,-118.4,5.4663,3
35.25,-120.68,2.2868,4
34.15,-117.99,3.1304,1
37.74,-121.42,2.825,5
37.73,-122.48,5.2598,2
33.96,-118.0,9.1541,0
33.79,-118.11,5.587000000000001,3
37.76,-122.42,1.3365,5
32.87,-117.21,4.1429,3
34.09,-118.34,2.3568,1
39.09,-121.07,2.8864,5
33.82,-118.36,3.3565,1
37.95,-121.26,2.1583,5
40.16,-123.82,1.2227,5
37.33,-122.02,7.3693,2
33.68,-117.93,5.069,3
32.63,-117.17,3.5357,1
34.17,-118.37,2.4107,1
34.15,-118.05,8.2004,0
33.8,-118.35,4.875,3
37.91,-121.6,5.1017,2
36.88,-121.96,4.7468,2
33.76,-118.13,4.5469,3
37.31,-121.91,4.7287,2
34.1,-117.3,1.775,1
37.83,-122.25,2.4234,5
37.73,-122.49,3.9219,5
33.91,-118.17,3.1087,1
33.93,-117.49,3.9522,1
38.55,-121.47,1.1458,5
39.79,-121.59,1.625,5
38.48,-122.66,3.267,5
33.91,-117.9,3.5403,1
36.97,-119.85,4.475,4
33.81,-118.37,6.9296,3
35.4,-120.86,2.7043,4
38.02,-121.33,4.3008,2
32.82,-117.08,7.1298,3
34.21,-118.44,2.875,1
33.95,-118.3,2.2031,1
39.21,-122.01,2.4559,5
34.21,-118.37,3.1563,1
33.66,-118.0,4.2289,3
34.45,-119.82,6.7247,3
37.6,-120.87,2.6619,5
37.45,-122.17,5.1995,2
32.78,-117.17,2.2768,1
36.18,-120.43,2.1458,4
33.89,-118.2,2.7212,1
37.3,-121.96,4.0403,2
33.08,-117.08,4.9844,3
37.32,-121.96,3.73,5
37.61,-122.08,3.7931,5
34.64,-120.45,3.8512,4
37.87,-122.13,10.3713,0
33.98,-117.37,1.1194,1
35.62,-119.69,2.1186,4
37.78,-122.44,2.151,5
33.75,-117.99,3.3125,1
34.95,-120.45,2.375,4
34.28,-119.27,4.125,3
32.76,-117.11,1.9799,1
34.06,-118.42,6.1527,3
33.85,-117.9,4.325,3
33.87,-117.86,5.1784,3
37.76,-122.42,1.65,5
37.22,-121.78,5.0958,2
32.61,-117.05,3.2633,1
37.34,-121.9,2.619,5
33.83,-117.76,6.4415,3
37.35,-121.9,3.25,5
38.81,-120.84,3.1635,5
34.35,-119.32,2.475,1
37.31,-121.9,5.8186,2
33.87,-117.96,3.7222,1
37.25,-121.81,2.0288,5
39.82,-120.74,3.9583,5
32.66,-117.06,3.5066,1
33.82,-118.02,3.7885,1
34.18,-118.44,2.2461,1
34.22,-118.58,5.6345,3
33.96,-118.1,4.1711,3
38.35,-122.72,2.4117,5
32.85,-117.0,5.282,3
33.88,-118.37,4.4828,3
37.79,-122.43,5.0049,2
33.19,-117.37,1.9562,1
33.51,-117.67,3.4792,1
34.23,-118.46,2.7121,1
34.44,-117.31,3.6007,1
38.04,-121.9,1.2024,5
34.13,-117.27,2.9628,1
33.88,-117.87,3.3036,1
38.58,-121.35,8.6572,2
38.62,-122.86,2.7432,5
37.79,-122.24,2.3173,5
38.52,-121.45,2.5592,5
33.91,-118.26,2.8859,1
34.13,-118.24,4.0272,3
37.35,-122.04,7.4729,2
37.78,-122.4,2.5742,5
32.77,-117.03,2.3393,1
34.01,-118.31,1.7386,1
37.89,-122.29,5.1675,2
33.6,-117.89,7.8164,3
34.14,-118.11,4.1324,3
37.8,-122.22,4.5428,2
35.75,-119.25,1.517,4
32.75,-117.12,1.64,1
37.8,-122.27,1.8477,5
33.69,-116.25,2.7667,1
34.03,-118.12,5.6112,3
34.11,-118.11,6.7099,3
32.7,-117.1,3.6042,1
32.58,-117.12,3.0613,1
38.67,-121.31,4.8224,2
33.92,-117.53,6.1561,3
34.41,-119.73,4.4375,3
37.94,-122.01,6.3809,2
34.28,-118.67,5.6949,3
34.04,-118.42,6.626,3
40.18,-122.21,2.1898,5
34.02,-118.26,2.1667,1
38.51,-121.06,6.8869,2
33.89,-118.4,6.6321,3
33.81,-118.12,4.2143,3
37.16,-121.98,5.3468,2
38.45,-122.69,3.9191,5
34.16,-118.41,6.3703,3
38.57,-121.33,2.3684,5
33.73,-117.99,3.8365,1
33.16,-117.35,3.975,1
34.06,-117.12,1.3906,1
33.78,-118.4,8.5421,0
34.01,-118.25,1.2857,1
38.66,-121.07,4.6394,2
39.33,-120.2,3.7841,5
34.03,-117.19,4.6806,3
37.52,-120.89,2.5402,5
37.47,-122.24,3.929,5
32.56,-117.09,4.8984,3
38.75,-120.63,2.7201,5
33.49,-117.65,4.3603,3
33.08,-117.29,5.7787,3
37.89,-122.2,7.3195,2
34.18,-118.15,2.2328,1
37.66,-120.97,3.1286,5
37.67,-120.96,4.2969,2
36.76,-121.34,4.1528,2
33.66,-116.17,1.9306,1
39.05,-122.86,2.5326,5
33.96,-117.37,7.2519,3
39.04,-121.06,4.2802,5
37.96,-122.04,2.2411,5
32.72,-117.03,3.0588,1
37.72,-122.43,3.0107,5
37.93,-122.01,7.5898,2
34.19,-118.33,3.138,1
33.97,-118.2,2.754,1
33.8,-117.86,2.8235,1
36.81,-121.36,5.0871,2
34.12,-117.17,6.2178,3
37.76,-122.51,2.8448,5
38.27,-121.26,4.4125,2
38.0,-121.88,5.3098,2
33.86,-118.16,2.5068,1
33.96,-118.27,0.5495,1
35.17,-120.43,3.851,4
32.75,-117.13,2.693,1
32.96,-115.56,3.8177,1
38.0,-122.33,2.9781,5
34.15,-116.39,1.9779,1
34.13,-116.35,1.5491,1
37.71,-122.48,3.5296,5
36.32,-119.29,1.1419,4
37.57,-120.88,3.9821,5
34.17,-118.34,4.875,3
37.4,-122.12,7.0245,2
34.18,-118.44,4.375,3
33.75,-118.12,3.9934,1
34.14,-118.4,5.1377,3
33.73,-116.93,4.0433,1
37.76,-122.39,3.7051,5
36.02,-119.01,2.375,4
32.81,-115.58,3.6597,1
33.83,-117.2,3.6618,1
37.75,-122.2,1.5809,5
37.32,-120.45,3.6471,4
34.15,-117.66,8.0103,3
32.78,-117.11,3.6528,1
34.11,-118.08,5.5924,3
35.27,-120.66,3.7337,4
33.94,-118.1,3.1607,1
35.41,-119.03,2.0331,4
33.92,-117.92,5.1952,3
37.72,-121.93,4.9107,2
34.02,-118.47,2.3382,1
33.7,-117.96,5.3428,3
34.03,-118.19,1.9719,1
39.23,-121.18,3.7125,5
37.84,-122.28,1.9274,5
34.11,-117.24,2.2109,1
37.89,-122.18,8.1489,2
34.08,-117.99,2.8906,1
33.75,-118.12,7.3672,3
33.96,-118.38,4.6923,3
38.29,-122.28,1.9875,5
32.91,-117.12,2.8728,1
34.08,-118.13,2.5787,1
34.09,-118.18,2.6226,1
37.79,-121.2,2.4798,5
38.09,-122.11,2.3929,5
37.62,-122.4,4.0238,5
33.85,-118.01,3.8864,1
33.92,-117.95,4.3426,3
33.9,-117.19,4.189,3
38.76,-120.6,3.0217,5
37.34,-121.96,5.3873,2
37.84,-121.96,7.5139,2
36.71,-119.74,2.1905,4
33.7,-117.77,3.7147,1
33.84,-117.79,8.3931,0
32.57,-117.12,4.8274,3
33.94,-118.33,1.9309,1
34.01,-118.28,1.7143,1
34.06,-117.98,4.0274,1
33.13,-117.03,4.7022,3
37.65,-122.46,4.8096,2
33.79,-118.18,2.0186,1
35.37,-119.01,1.2469,4
33.79,-118.19,1.8109,1
36.61,-121.84,1.875,5
36.1,-118.93,2.3792,4
39.1,-121.48,2.5952,5
32.83,-117.21,4.1806,3
33.89,-118.36,3.375,1
38.58,-122.57,1.9925,5
34.18,-118.94,5.5181,3
37.9,-122.14,10.3224,0
36.83,-119.85,4.8036,2
33.93,-118.2,2.1715,1
37.69,-122.03,6.5,2
32.81,-117.21,5.2837,3
37.87,-121.27,2.9531,5
33.76,-117.96,4.2813,3
34.21,-118.38,3.8,1
33.93,-118.01,3.275,1
34.17,-118.58,6.2064,3
33.63,-117.91,3.5388,1
37.99,-121.79,5.6506,2
33.06,-117.28,4.0118,1
37.66,-122.1,3.7303,5
34.41,-118.4,10.0285,0
34.08,-118.3,2.3846,1
39.17,-120.18,3.6563,5
38.14,-121.28,4.119,5
33.63,-117.91,2.7264,1
33.52,-117.69,3.4455,1
32.64,-117.04,4.0298,1
37.83,-122.26,3.48,5
34.23,-118.41,4.5909,3
37.95,-121.96,3.6133,5
33.91,-118.21,2.6429,1
32.71,-117.1,1.7075,1
39.78,-120.57,2.1216,5
34.03,-118.53,7.0318,3
35.37,-118.99,1.7292,4
34.02,-118.36,3.8643,1
36.95,-122.01,2.0547,5
33.7,-117.88,3.8029,1
32.56,-117.1,3.75,1
34.43,-119.71,2.1974,4
34.03,-117.92,3.975,1
33.99,-118.08,3.6196,1
39.76,-121.83,3.1142,5
33.68,-117.8,4.4391,3
37.71,-120.98,2.4211,5
33.81,-117.98,2.582,1
33.77,-118.02,5.2077,3
32.62,-117.04,4.9962,3
37.53,-122.3,4.5116,2
33.85,-117.77,7.3681,3
32.74,-117.04,3.6848,1
35.43,-119.02,3.1736,4
32.83,-116.95,3.3081,1
32.78,-117.07,1.6815,1
32.8,-117.23,3.225,1
37.77,-122.18,2.8125,5
33.14,-117.07,4.7426,3
34.09,-117.78,3.7177,1
37.44,-122.15,7.2543,2
37.29,-120.46,2.3594,4
37.93,-122.54,5.5385,2
33.82,-118.26,3.6477,1
33.99,-117.35,2.6071,1
37.77,-122.21,4.0904,5
34.1,-117.68,2.8326,1
37.82,-122.22,13.499,0
33.72,-117.2,1.9912,1
34.08,-118.1,2.543,1
36.59,-121.95,5.8505,2
38.63,-121.29,3.3182,5
38.25,-122.64,3.8,5
39.15,-121.1,4.0333,5
37.43,-120.57,2.6758,4
33.8,-118.13,4.3438,3
37.67,-122.06,4.2733,2
33.69,-117.96,7.7313,3
37.36,-122.01,4.2061,2
37.67,-122.13,3.2434,5
36.2,-119.32,3.4231,4
37.8,-122.24,2.1348,5
35.33,-120.9,3.588,4
34.04,-118.49,8.0257,0
38.3,-122.3,2.6346,5
38.43,-121.44,4.9516,2
34.03,-117.19,6.4962,3
33.89,-117.88,3.0214,1
37.76,-122.41,1.9944,5
34.02,-118.34,3.1442,1
37.68,-120.98,3.1912,5
36.91,-119.46,3.9141,4
37.31,-121.94,3.7632,5
33.1,-117.29,5.1837,3
33.93,-118.11,3.2011,1
37.74,-122.16,3.4844,5
36.29,-119.11,2.6065,4
34.07,-118.44,2.0511,1
34.06,-118.56,7.3031,3
38.39,-122.7,2.0915,5
34.01,-118.08,3.4861,1
34.04,-117.75,3.125,1
33.63,-117.95,6.0,3
37.76,-122.43,2.8458,5
34.19,-118.34,2.6827,1
34.12,-117.99,2.5395,1
34.33,-118.48,6.0891,3
33.88,-118.36,2.7981,1
34.08,-118.24,4.9844,3
32.77,-117.05,2.8097,1
37.37,-122.02,4.2782,2
32.6,-117.06,1.7472,1
37.66,-121.87,5.7519,2
37.85,-122.29,2.5682,5
37.33,-121.92,5.2831,2
34.16,-118.39,5.1169,3
34.16,-118.29,3.7083,1
37.88,-122.28,4.1912,2
32.75,-117.18,5.392,3
38.54,-121.32,2.9693,5
33.84,-118.16,3.8646,1
36.22,-119.09,3.4306,4
34.0,-118.41,2.7153,1
32.82,-117.05,4.2312,3
34.02,-118.25,1.6302,1
38.61,-121.35,2.7788,5
33.96,-118.28,1.9348,1
33.84,-117.76,8.7124,0
33.88,-118.26,5.5591,3
38.39,-120.56,2.6667,5
33.6,-117.7,3.0461,1
33.72,-117.96,6.8645,3
37.42,-122.14,4.15,2
33.99,-118.47,3.015,1
36.97,-122.03,1.6923,5
37.53,-121.98,4.1947,2
33.78,-118.2,2.3305,1
34.15,-118.11,2.6172,1
34.14,-118.25,2.1602,1
33.89,-118.39,6.3434,3
33.7,-117.79,6.3298,3
33.8,-118.2,2.5012,1
37.75,-122.13,5.3602,2
33.68,-117.92,4.4732,3
35.44,-119.01,2.5806,4
38.47,-121.49,2.3496,5
34.82,-118.93,4.0332,3
38.71,-121.28,3.575,5
33.99,-117.95,6.7978,3
33.72,-118.03,5.162999999999999,3
34.0,-118.31,2.1116,1
37.92,-122.01,8.3956,2
38.53,-121.47,1.4625,5
34.27,-118.42,1.6295,1
32.66,-117.04,4.1442,3
33.88,-118.06,6.5901,3
37.63,-120.99,2.4792,5
33.98,-117.38,2.1528,1
39.41,-121.71,2.1728,5
34.13,-117.28,1.8281,1
37.33,-120.65,4.1058,2
33.16,-117.31,5.5956,3
37.96,-122.02,6.6727,2
33.9,-118.36,5.0452,3
36.84,-121.38,4.1875,2
33.89,-117.97,9.0683,0
37.81,-122.28,2.4083,5
33.2,-117.38,1.3903,1
37.8,-122.25,1.3929,5
38.29,-122.32,2.3787,5
33.99,-118.19,3.0114,1
33.8,-117.86,3.5172,1
33.75,-117.93,4.2219,3
33.84,-117.98,5.0747,3
34.45,-119.28,2.4595,4
34.26,-118.29,4.008,1
37.67,-122.07,3.875,5
37.99,-122.04,4.125,5
34.36,-119.7,4.7411,3
36.8,-119.81,3.5958,4
34.16,-118.46,3.4698,1
39.36,-123.1,1.746,5
34.15,-119.23,3.748,1
34.05,-117.68,2.5395,1
37.39,-120.71,2.6058,5
37.35,-121.84,2.6894,5
34.11,-118.33,8.2335,0
32.84,-117.27,3.2109,1
36.59,-119.62,4.0197,4
36.34,-119.31,1.4729,4
36.72,-119.87,2.0658,4
32.84,-117.27,6.1025,3
33.95,-118.25,1.1384,1
38.25,-122.01,4.6779,2
37.4,-121.86,6.1504,2
34.96,-120.57,2.1776,4
39.71,-121.78,2.125,5
37.96,-121.31,3.2260000000000004,5
36.77,-119.85,2.9315,4
34.14,-118.2,4.0909,3
37.71,-122.18,3.375,5
33.98,-118.29,1.3479,1
37.72,-122.46,4.0855,5
34.12,-118.11,10.6767,0
34.08,-118.14,2.9405,1
34.12,-118.34,4.2415,3
33.91,-118.32,4.5304,3
34.22,-118.64,6.8643,3
38.32,-122.31,3.285,5
32.71,-117.07,2.2454,1
37.8,-122.22,3.2632,5
33.74,-118.29,2.1473,1
34.18,-118.12,6.3467,3
38.49,-121.5,3.3689,5
33.69,-117.97,6.799,3
38.02,-121.94,2.7907,5
34.02,-117.87,6.4333,3
34.11,-117.63,4.2969,3
34.42,-119.67,2.5947,4
34.46,-117.34,3.1505,1
35.87,-119.27,1.63,4
33.87,-117.9,3.4338,1
37.58,-122.39,7.8997,2
33.81,-118.37,5.1271,3
38.63,-121.33,2.7181,5
34.1,-118.02,1.9688,1
39.72,-121.84,0.9566,5
34.23,-118.48,4.7583,3
38.65,-121.34,4.6,2
39.1,-121.57,1.8413,5
36.67,-121.66,3.1071,5
37.61,-121.62,5.7239,2
36.56,-119.62,1.8878,4
38.92,-119.98,3.15,5
38.55,-121.47,1.186,5
37.47,-119.95,1.5,4
34.06,-117.7,2.9107,1
38.26,-122.06,3.3839,5
32.75,-117.07,2.3148,1
32.75,-117.16,2.2687,1
32.72,-116.99,3.8295,1
37.54,-121.99,3.9444,5
33.02,-117.06,5.8966,3
34.1,-117.8,3.5603,1
37.24,-121.77,4.747,2
33.99,-118.45,6.0672,3
33.82,-118.3,2.6368,1
37.27,-121.94,3.662,5
37.63,-122.41,3.0,5
37.75,-122.46,4.5352,2
32.69,-117.08,3.6875,1
34.28,-118.44,1.7708,1
35.64,-117.68,5.2043,3
37.24,-122.08,11.3283,0
37.82,-122.23,8.7477,2
37.95,-121.29,0.696,5
39.14,-123.2,1.8042,5
33.93,-118.1,4.375,3
39.94,-122.17,2.2292,5
33.77,-117.82,7.0565,3
33.62,-117.69,6.4598,3
36.61,-121.91,3.2952,5
37.05,-120.84,5.3988,2
34.27,-118.75,5.5983,3
34.04,-118.32,2.532,1
33.04,-117.26,6.3525,3
33.84,-117.77,6.7274,3
33.74,-117.92,4.3882,3
38.7,-121.46,3.8611,5
33.97,-118.31,3.725,1
32.6,-117.06,2.7014,1
34.13,-119.05,5.0066,3
37.27,-121.91,5.0062,2
34.12,-117.17,5.4138,3
33.58,-117.69,10.3953,0
33.88,-118.08,3.2639,1
38.46,-121.43,4.0625,5
35.62,-117.7,3.5931,1
36.75,-119.8,1.3527,4
33.23,-117.27,4.1405,3
34.02,-118.4,2.4135,1
33.66,-117.67,4.7341,3
32.79,-115.56,1.3373,1
37.8,-122.42,4.2458,2
34.04,-118.16,3.1895,1
34.44,-119.73,4.8021,3
37.24,-121.84,6.7836,2
38.0,-122.26,4.2269,2
34.0,-117.69,2.5781,1
33.41,-117.19,4.0882,1
34.08,-118.26,2.3816,1
34.95,-120.44,2.2743,4
38.06,-122.56,5.0965,2
39.22,-121.04,2.25,5
39.02,-122.69,2.1094,5
37.34,-121.94,3.4233,5
36.78,-120.39,1.7184,4
33.86,-118.14,5.0,3
34.0,-117.84,6.8758,3
36.51,-121.45,1.775,4
37.68,-122.46,2.9413,5
39.13,-121.05,4.4375,2
33.86,-117.95,5.2099,3
33.71,-117.9,6.1966,3
37.82,-122.27,1.1108,5
34.04,-118.52,13.6842,0
34.44,-119.68,8.7394,0
37.29,-121.75,4.3365,2
40.78,-124.13,2.1101,5
38.57,-121.49,1.7155,5
33.19,-117.37,2.8819,1
34.12,-118.28,12.8763,0
32.73,-117.16,1.9203,1
33.77,-118.19,1.0714,1
37.73,-122.42,4.0781,5
37.96,-121.32,2.7656,5
34.94,-117.19,2.1522,1
37.74,-122.43,5.0196,2
33.83,-118.19,3.5871,1
38.33,-122.23,5.5368,2
34.15,-118.42,4.615,3
33.98,-118.06,2.9583,1
34.05,-117.75,2.1908,1
37.47,-122.22,3.3268,5
33.89,-117.56,2.3417,1
33.91,-117.47,2.2241,1
34.23,-118.49,5.2668,3
32.92,-117.18,5.196000000000001,3
34.09,-117.59,3.9755,1
36.99,-121.98,3.5943,5
33.94,-117.31,5.2713,3
33.78,-116.97,2.535,1
35.36,-119.03,1.9671,4
34.69,-120.37,4.7946,3
39.75,-121.85,1.8095,5
33.06,-117.34,4.3182,3
32.68,-117.02,5.7192,3
34.58,-118.08,4.1719,3
34.65,-118.19,3.9963,1
33.76,-117.79,11.0546,0
37.95,-122.35,3.6094,5
33.85,-118.05,6.1737,3
37.94,-120.29,3.05,5
34.22,-117.38,5.7628,3
34.17,-118.26,3.8576,1
37.74,-122.17,2.15,5
34.19,-118.65,5.2016,3
37.27,-121.93,4.1033,2
33.84,-118.14,4.933,3
34.17,-118.45,4.3333,3
34.04,-118.19,2.3015,1
37.35,-121.81,4.375,2
33.93,-118.13,3.1496,1
34.1,-118.03,4.4236,3
34.27,-118.79,4.5833,3
36.99,-121.94,4.2898,2
37.25,-121.89,6.0791,2
38.0,-121.35,3.675,5
37.47,-122.15,5.6407,2
36.82,-119.76,2.3375,4
37.7,-122.54,4.2472,2
34.06,-118.19,2.5132,1
37.31,-121.77,6.6455,2
38.51,-121.46,1.5735,5
33.95,-118.27,1.8814,1
34.12,-118.33,6.0352,3
33.67,-117.82,6.276,3
33.77,-118.28,2.9063,1
38.45,-121.83,2.3438,5
37.96,-121.3,1.125,5
32.75,-117.1,1.4828,1
38.57,-121.46,3.1583,5
38.0,-122.31,4.621,2
33.85,-118.18,3.6897,1
34.22,-118.87,6.2423,3
37.13,-121.93,5.7415,2
33.85,-117.74,6.9544,3
34.07,-118.09,3.2578,1
37.71,-122.06,4.635,2
38.95,-121.08,2.7463,5
37.73,-122.17,2.1587,5
34.21,-118.13,6.1824,3
34.09,-118.07,2.5474,1
39.15,-120.87,2.8603,5
38.56,-121.41,5.1385,2
34.06,-118.27,1.4904,1
38.97,-123.1,2.5761,5
33.8,-117.85,4.3269,3
37.79,-122.42,2.1343,5
37.44,-121.31,0.536,5
37.78,-121.23,4.8229,2
37.68,-122.18,5.4858,2
33.25,-117.31,2.8558,1
33.94,-118.31,2.7401,1
33.51,-117.64,7.2648,3
34.09,-118.37,5.5224,3
37.66,-122.13,4.3456,2
33.57,-117.92,7.2988,3
34.02,-118.19,2.3438,1
34.02,-118.08,2.9321,1
37.93,-122.35,1.7257,5
32.82,-117.25,9.5245,0
33.93,-118.04,3.1979,1
33.6,-117.66,7.5488,3
37.32,-121.88,2.6607,5
33.98,-118.24,3.0724,1
37.36,-121.98,4.6719,2
37.8,-122.23,2.25,5
37.68,-122.4,4.1146,2
35.27,-118.91,2.0921,4
34.15,-118.45,4.1727,3
36.81,-119.76,1.2716,4
37.66,-122.44,4.7639,2
37.55,-122.24,6.7413,2
38.57,-122.94,5.1005,2
35.4,-119.0,4.3906,3
33.65,-116.26,10.2948,0
39.16,-123.2,1.7929,5
34.09,-118.36,2.0702,1
34.18,-118.04,5.2865,3
38.76,-120.76,2.6392,5
34.13,-117.78,5.8819,3
38.56,-121.35,4.5066,2
37.76,-122.4,4.4074,2
38.57,-121.43,3.5893,5
32.78,-117.25,2.7857,1
37.99,-120.26,3.5,5
33.49,-115.84,2.0347,1
37.26,-122.02,8.0331,2
37.78,-122.27,3.7708,5
32.83,-117.2,2.8472,1
37.87,-122.29,2.525,5
37.63,-120.97,1.7054,5
32.95,-117.18,6.3237,3
34.1,-118.12,4.2344,3
34.17,-118.36,2.5234,1
32.79,-117.04,6.7196,3
38.55,-121.43,2.7333,5
33.64,-117.9,5.0532,3
32.78,-117.24,4.1742,3
38.56,-121.48,2.8542,5
37.99,-121.67,4.375,2
34.14,-118.1,3.6572,1
38.35,-121.96,4.0938,5
37.36,-121.91,3.2153,5
34.04,-118.06,2.6288,1
34.2,-118.13,5.6629,3
32.84,-117.18,3.5606,1
34.17,-118.39,3.1929,1
36.96,-122.04,4.1964,2
34.51,-118.07,4.8667,3
37.35,-121.94,3.1667,5
34.07,-117.39,3.8558,1
34.04,-118.46,3.2663,1
32.8,-116.96,1.8357,1
34.04,-118.44,3.0714,1
34.14,-118.85,8.7657,0
39.08,-121.56,1.4934,5
37.33,-121.84,3.6765,5
37.74,-121.96,15.0001,0
37.78,-122.47,3.5221,5
33.91,-117.48,4.2207,3
33.89,-118.33,4.1953,3
35.76,-120.7,2.2165,4
34.04,-118.2,2.07,1
38.43,-122.67,4.5588,2
33.74,-117.88,2.8077,1
37.73,-121.13,3.3158,5
38.55,-121.39,3.5278,5
36.21,-119.09,1.8828,4
37.73,-121.93,6.2048,2
36.21,-119.1,2.4653,4
34.12,-118.17,4.2944,3
41.13,-124.06,2.4708,5
36.14,-121.62,3.2375,4
33.72,-118.3,3.4474,1
37.96,-121.35,5.8995,2
37.79,-122.42,2.565,5
38.27,-122.52,5.2155,2
36.43,-119.1,2.6711,4
38.01,-121.81,2.2361,5
40.78,-124.16,3.8,5
33.96,-117.32,3.7585,1
37.62,-121.01,2.0885,5
36.6,-119.81,2.4006,4
36.32,-119.34,3.925,4
38.59,-121.31,3.1711,5
33.8,-118.31,3.125,1
38.69,-121.34,3.7031,5
33.95,-118.24,1.4792,1
33.48,-116.89,2.8071,1
37.89,-122.49,6.0238,2
34.14,-117.85,6.1049,3
32.73,-117.09,2.8942,1
34.16,-118.98,5.7676,3
38.53,-121.42,2.8298,5
37.29,-121.92,6.5858,2
34.14,-118.21,3.2222,1
32.83,-117.09,4.8419,3
34.15,-118.27,3.008,1
36.9,-121.71,4.6125,2
34.24,-118.5,5.9401,3
34.13,-116.98,4.0333,1
32.86,-116.88,5.0733,3
33.92,-118.16,4.4881,3
34.1,-118.29,2.7054,1
33.81,-118.0,3.5268,1
38.62,-121.35,3.4299,5
34.0,-117.38,3.3687,1
39.66,-123.58,2.2429,5
34.16,-118.42,0.536,1
37.99,-122.47,7.494,2
37.64,-121.02,2.1036,5
37.78,-122.42,2.3304,5
34.24,-116.94,1.998,1
33.89,-117.83,4.625,3
36.42,-119.35,2.7969,4
34.27,-118.35,6.2037,3
33.9,-118.02,5.5601,3
34.19,-118.52,2.9511,1
37.68,-121.01,5.5,2
34.16,-116.44,2.8929,1
32.77,-117.2,2.8621,1
37.42,-121.87,5.6965,2
33.87,-118.4,5.0976,3
33.79,-118.16,2.4,1
35.74,-119.23,2.033,4
33.79,-118.29,2.0,1
37.38,-122.04,4.2028,2
33.87,-118.38,4.9821,3
38.64,-121.37,3.6786,5
33.9,-118.34,4.7426,3
33.99,-117.87,4.9271,3
34.18,-118.64,5.1641,3
33.81,-117.02,2.3,1
33.92,-118.25,4.1042,3
37.9,-121.28,0.9614,5
33.71,-117.77,5.5631,3
34.04,-118.48,8.9616,0
34.19,-118.47,3.892,1
32.63,-117.04,5.1354,3
33.89,-118.39,7.3356,3
33.9,-118.19,1.9952,1
39.1,-121.83,3.2917,5
37.62,-120.87,4.8958,2
37.81,-122.24,6.0302,2
33.85,-117.92,2.3704,1
37.79,-122.24,2.1638,5
34.24,-118.54,3.0977,1
36.61,-120.19,2.293,4
37.02,-121.57,2.9417,5
37.76,-122.47,2.8711,5
38.59,-121.35,5.3243,2
38.39,-122.8,2.9453,5
37.67,-121.02,2.6722,5
33.86,-117.99,3.4167,1
37.37,-122.11,10.3329,0
34.28,-118.77,5.3681,3
37.28,-120.47,1.7756,4
37.96,-121.26,2.5234,5
32.7,-117.13,0.8991,1
33.98,-118.2,2.0,1
38.77,-122.85,4.6953,2
34.81,-118.95,3.1364,1
37.34,-122.02,5.7881,2
33.92,-117.28,2.1574,1
32.7,-117.08,2.4135,1
33.01,-117.04,8.4721,0
32.95,-117.24,5.9547,3
38.27,-122.49,3.5625,5
34.5,-117.27,6.0296,3
38.0,-121.35,3.4231,5
33.76,-118.3,5.7764,3
33.71,-117.87,4.9148,3
37.31,-120.44,5.2662,2
33.67,-117.31,3.1832,1
36.62,-121.92,3.7614,5
33.13,-117.05,5.2323,3
34.22,-118.44,3.8083,1
37.88,-122.28,4.1429,5
32.78,-117.2,4.0057,1
33.61,-117.91,11.075,0
36.91,-121.75,2.8056,5
37.08,-120.85,4.1779,2
36.98,-121.99,4.6484,2
37.61,-120.95,4.6833,2
33.47,-117.7,3.5915,1
37.35,-121.89,3.2599,5
36.76,-119.63,4.925,4
37.7,-122.17,4.0,5
32.77,-117.19,3.8571,1
33.7,-117.78,5.409,3
32.56,-117.06,1.7958,1
38.55,-121.76,2.065,5
34.29,-119.27,5.3254,3
35.41,-119.02,1.3222,4
33.98,-117.35,1.6943,1
36.21,-121.13,3.4821,4
33.04,-117.06,5.7382,3
37.37,-118.39,1.8325,4
37.9,-122.3,3.5125,5
36.72,-121.64,4.1742,2
34.08,-118.08,3.9219,1
33.69,-117.87,3.7174,1
39.15,-121.59,1.6652,5
38.16,-121.14,3.5774,5
38.02,-121.89,3.3371,5
33.97,-118.15,2.4263,1
37.75,-122.41,2.4531,5
32.74,-116.99,3.1771,1
37.52,-121.97,4.5317,2
36.97,-121.94,2.5172,5
38.61,-121.28,2.4722,5
34.09,-117.9,4.3409,3
37.95,-121.96,4.1483,5
33.75,-116.25,2.025,1
34.02,-118.15,2.8239,1
34.08,-118.43,15.0001,0
34.09,-118.17,3.3977,1
33.68,-117.78,6.0634,3
38.15,-122.25,3.7014,5
37.88,-122.3,1.475,5
33.83,-117.97,3.2546,1
38.1,-122.55,5.0029,2
33.82,-118.27,4.25,3
33.97,-118.19,2.4196,1
32.83,-116.85,3.6445,1
37.78,-122.46,2.8553,5
40.53,-122.27,2.875,5
40.8,-124.16,1.6111,5
38.64,-122.94,4.0781,5
37.47,-120.84,2.7857,5
36.37,-119.65,3.5486,4
37.73,-122.46,5.2088,2
32.71,-116.98,3.4551,1
36.96,-122.05,4.2045,2
33.7,-117.98,4.1603,3
37.28,-121.93,5.6494,2
34.03,-118.46,3.125,1
33.93,-118.08,3.5556,1
37.3,-122.04,6.075,2
37.78,-122.26,2.9213,5
34.04,-118.15,3.7794,1
37.23,-121.83,6.0889,2
33.81,-118.37,6.8553,3
33.97,-117.37,2.5804,1
34.08,-117.75,3.6359,1
34.02,-117.64,2.125,1
34.95,-120.4,5.0206,3
37.41,-122.18,10.7237,0
37.34,-122.07,5.4659,2
33.89,-118.19,2.9293,1
38.75,-121.21,4.3962,2
33.98,-118.32,2.175,1
39.14,-121.91,2.125,5
37.8,-122.18,6.2838,2
33.15,-117.11,4.7019,3
37.69,-121.01,2.48,5
33.85,-117.3,2.9542,1
32.69,-117.07,3.4609,1
33.55,-117.43,9.4356,0
33.97,-118.4,5.6169,3
33.76,-118.14,4.7361,3
37.95,-121.83,2.875,5
38.66,-121.38,1.8972,5
38.93,-120.0,3.9722,5
34.12,-118.09,5.6152,3
34.14,-117.31,1.8654,1
38.71,-121.3,2.8226,5
34.09,-117.43,2.7437,1
34.25,-118.49,5.0232,3
35.31,-119.04,4.1957,4
34.05,-118.21,2.121,1
34.26,-118.76,4.5673,3
37.8,-122.42,2.5603,5
34.16,-118.23,5.1718,3
38.19,-120.03,2.125,5
32.8,-116.96,3.369,1
36.32,-119.72,2.2721,4
34.06,-118.14,3.7857,1
37.45,-121.9,6.6176,2
33.87,-118.27,4.2768,3
38.07,-122.22,5.8171,2
33.65,-117.93,2.75,1
37.39,-122.11,6.3967,2
37.75,-122.28,3.1972,5
33.75,-118.32,9.267,0
38.02,-121.96,3.016,5
34.2,-118.51,3.7049,1
37.38,-121.95,3.1812,5
38.6,-121.29,4.0938,5
38.66,-121.3,3.3188,5
34.11,-118.2,2.5211,1
33.91,-118.34,3.2649,1
38.35,-121.98,4.4375,2
34.14,-118.26,1.5417,1
37.85,-122.28,2.2625,5
35.4,-118.94,4.2214,4
34.08,-117.62,3.1597,1
37.99,-122.02,4.45,2
34.2,-118.33,3.6071,1
34.06,-118.24,1.0227,1
32.66,-117.12,1.125,1
33.1,-117.09,3.8292,1
37.22,-121.85,7.7201,2
34.68,-118.16,2.5902,1
33.89,-118.14,2.9292,1
34.26,-118.28,4.9833,3
33.86,-118.31,6.6632,3
34.1,-118.27,5.7778,3
34.03,-117.8,6.2384,3
33.88,-117.93,7.2893,3
34.27,-119.27,2.375,1
37.69,-122.09,4.8036,2
33.72,-117.9,4.3899,3
34.64,-120.46,2.0161,4
36.32,-119.33,2.5,4
38.41,-122.75,3.9688,5
33.61,-117.72,2.5685,1
38.29,-122.27,2.8409,5
33.05,-117.26,6.2513,3
37.71,-122.46,2.483,5
34.18,-118.29,3.6974,1
37.32,-122.06,6.2182,2
37.58,-122.31,3.9696,5
34.25,-118.42,3.6292,1
32.73,-116.99,4.0357,1
34.03,-118.36,1.8316,1
37.72,-122.4,4.2727,2
32.57,-117.05,3.1696,1
38.59,-121.55,1.2292,5
33.93,-118.05,3.1513,1
37.33,-121.94,4.75,2
34.16,-118.6,4.1656,3
33.94,-117.47,3.2311,1
34.13,-118.18,6.1953,3
34.22,-118.62,5.6356,3
37.93,-121.24,2.0893,5
34.09,-118.31,1.5195,1
35.37,-119.04,2.1818,4
34.27,-118.46,2.6193,1
32.75,-117.14,2.6818,1
34.0,-118.49,3.0369,1
34.05,-118.31,3.1406,1
32.73,-117.16,2.0972,1
34.18,-118.35,3.3056,1
37.27,-121.89,5.2088,2
37.78,-122.44,3.6875,5
33.65,-117.93,3.1483,1
34.02,-117.95,4.2578,3
37.87,-122.28,2.543,5
38.52,-121.48,3.1583,5
34.5,-119.75,5.9522,3
37.27,-121.84,5.5,2
35.2,-119.93,3.0602,4
36.76,-119.79,2.1055,4
32.92,-117.14,5.2864,3
34.07,-117.89,3.8837,1
33.6,-117.77,3.7059,1
32.71,-117.06,2.8964,1
34.14,-118.08,3.1729,1
34.19,-118.16,3.5887,1
39.76,-121.6,1.8245,5
37.32,-121.88,2.6386,5
34.09,-118.23,2.6442,1
37.93,-122.37,0.8641,5
37.73,-122.42,2.888,5
32.84,-116.94,4.5278,3
34.44,-119.69,6.8406,3
33.92,-118.31,4.8456,3
32.64,-117.09,1.6321,1
38.53,-121.49,3.125,5
40.54,-122.38,2.6944,5
33.66,-117.95,7.3719,3
34.0,-118.32,2.4583,1
37.25,-122.01,10.2311,0
34.05,-117.95,5.8722,3
34.26,-118.4,4.2538,3
34.03,-117.06,1.5203,1
34.14,-118.02,2.6316,1
36.83,-121.76,3.6693,5
32.59,-117.08,2.3929,1
32.81,-117.26,2.8421,1
34.09,-118.27,2.9709,1
34.17,-118.28,3.6354,1
34.09,-118.3,1.8156,1
36.55,-121.92,3.275,5
38.28,-122.26,4.5,2
38.05,-121.34,5.6147,2
38.55,-121.51,2.7885,5
38.66,-121.27,6.1872,2
39.18,-122.91,2.0208,5
34.18,-119.22,4.4292,3
34.05,-118.01,2.1602,1
34.41,-119.86,1.24,4
38.67,-121.18,2.3333,5
38.01,-122.55,6.3314,2
34.25,-119.17,3.65,1
33.98,-118.31,5.1136,3
40.16,-123.22,2.8472,5
35.33,-118.99,1.6786,4
34.18,-118.33,3.7411,1
35.4,-118.97,3.1906,4
32.72,-117.13,1.975,1
40.95,-124.11,2.96,5
33.88,-118.36,4.2454,3
37.37,-122.04,3.6765,5
37.8,-122.24,2.6292,5
33.92,-118.41,4.2333,3
36.07,-119.02,1.6146,4
33.0,-117.03,7.7569,3
34.02,-117.57,4.6727,3
38.15,-121.99,2.5313,5
34.15,-118.37,3.3669,1
37.91,-122.01,7.6877,2
38.56,-121.33,3.3110000000000004,5
34.19,-118.34,3.1406,1
34.17,-117.33,3.7949,1
34.21,-118.6,2.8039,1
34.97,-120.45,3.7679,4
33.96,-118.22,2.6179,1
34.67,-118.19,5.0285,3
38.58,-122.58,2.3942,5
33.94,-118.12,3.3292,1
38.17,-122.18,5.2523,2
33.77,-117.83,4.275,3
37.86,-122.29,1.9483,5
36.55,-119.29,2.5521,4
37.68,-120.94,4.2471,2
38.35,-122.76,5.0323,2
37.9,-122.28,4.1212,5
32.75,-117.12,2.3261,1
40.54,-123.12,1.8696,5
33.91,-118.31,4.2596,3
33.88,-117.57,2.316,1
36.97,-120.05,1.8444,4
34.03,-118.18,2.2991,1
38.78,-121.18,6.1642,2
38.02,-121.9,3.6154,5
33.91,-118.13,4.9375,3
34.28,-118.41,3.7566,1
34.19,-118.3,3.5083,1
36.61,-121.92,3.1359,5
34.02,-118.16,2.6964,1
34.14,-118.01,3.52,1
34.18,-118.3,3.3205,1
38.03,-122.36,4.3173,2
37.97,-121.97,5.0092,2
37.65,-122.1,4.5417,2
36.75,-119.75,1.9955,4
33.68,-117.78,4.0187,1
38.62,-122.87,2.1903,5
34.66,-120.46,3.0081,4
38.02,-122.13,2.9583,5
34.06,-118.05,2.1781,1
38.25,-122.05,6.2299,2
37.46,-122.25,7.1088,2
37.75,-122.43,3.7545,5
33.97,-117.38,1.6389,1
37.73,-122.44,5.0224,2
32.82,-117.27,4.5083,3
37.76,-122.17,2.4333,5
39.79,-121.62,2.5374,5
41.61,-120.55,2.0802,5
37.59,-122.05,3.7462,5
34.04,-117.93,4.8854,3
37.43,-122.12,6.46,2
37.89,-122.52,3.9531,5
33.95,-118.34,5.4359,3
36.82,-119.79,3.4167,4
34.06,-118.4,3.6964,1
32.74,-117.05,3.1719,1
35.4,-119.42,2.8452,4
37.85,-122.06,3.6437,5
32.85,-117.24,6.7587,3
33.68,-117.8,6.9133,3
34.19,-118.11,9.532,0
37.84,-122.26,2.0804,5
32.76,-117.12,2.0139,1
33.51,-117.69,4.6607,3
34.15,-117.62,6.5138,3
34.16,-118.49,6.4958,3
33.74,-118.3,3.9167,1
34.75,-117.14,1.8158,1
34.44,-119.79,4.1797,3
35.25,-120.69,2.794,4
34.1,-118.1,2.34,1
37.74,-122.41,3.6429,5
34.0,-118.09,3.045,1
37.26,-120.49,1.8939,4
33.97,-118.31,3.0917,1
34.15,-118.35,4.1544,3
37.76,-122.49,4.0391,5
35.63,-117.66,2.0441,1
37.34,-122.03,4.0129,5
37.27,-121.87,5.0292,2
34.02,-118.32,2.6098,1
33.7,-117.87,5.0956,3
34.59,-120.08,5.1909,3
37.73,-122.4,3.4769,5
34.09,-117.44,2.375,1
38.13,-121.27,2.1979,5
32.85,-116.93,2.5388,1
34.21,-118.4,2.9803,1
34.19,-118.39,2.0968,1
39.4,-121.46,2.425,5
33.77,-118.14,5.8408,3
37.12,-120.16,1.9073,4
36.72,-121.8,5.4508,2
33.81,-118.2,4.6458,3
32.83,-116.94,3.7831,1
33.87,-118.32,5.3244,3
32.75,-117.11,2.4219,1
34.12,-117.77,4.4609,3
36.2,-119.36,2.25,4
37.36,-121.97,6.0573,2
32.71,-117.14,1.2841,1
33.75,-118.28,2.45,1
36.6,-121.9,2.4663,5
34.44,-119.88,5.5954,3
33.89,-118.25,3.3095,1
38.69,-121.77,3.4559,5
37.36,-121.9,2.9545,5
34.11,-117.32,1.4891,1
33.67,-117.91,3.512,1
37.82,-121.28,3.65,5
34.15,-118.24,3.052,1
33.93,-118.02,4.1312,3
32.79,-117.09,2.8631,1
34.59,-120.14,4.2026,4
39.26,-121.0,3.1094,5
37.77,-122.45,3.3068,5
33.17,-117.33,4.0791,1
36.96,-122.03,2.425,5
33.91,-118.19,2.7708,1
37.79,-122.44,3.975,5
33.82,-116.46,3.9508,1
33.91,-118.18,3.0134,1
36.21,-120.1,1.5086,4
39.32,-121.65,2.7891,5
38.26,-122.13,3.3281,5
37.25,-121.85,5.4939,2
37.59,-120.95,1.8466,5
34.15,-117.28,3.8125,1
33.9,-118.36,4.74,3
37.93,-122.35,3.2222,5
37.36,-122.02,4.9671,2
33.03,-117.25,6.9326,3
33.93,-117.99,4.8523,3
34.98,-120.47,3.0723,4
37.77,-122.2,2.898,5
37.64,-118.96,4.2381,4
36.29,-119.12,2.1731,4
38.43,-121.85,5.0862,2
33.52,-116.8,3.8281,1
38.15,-122.26,4.0515,5
37.67,-121.03,3.1857,5
37.83,-122.01,6.5617,2
38.68,-121.22,3.4506,5
32.74,-117.23,4.1339,3
33.94,-118.22,3.3542,1
37.07,-122.09,4.3429,2
39.24,-120.02,3.0057,5
34.08,-117.92,3.5536,1
34.26,-118.74,4.8717,3
34.09,-117.68,2.9812,1
38.02,-122.16,5.1265,2
35.63,-118.41,2.3125,4
38.7,-123.49,3.3125,5
33.98,-118.35,3.8235,1
38.12,-120.12,2.0625,5
33.82,-118.11,3.8162,1
33.51,-117.78,6.6178,3
33.79,-117.93,5.2129,3
32.95,-117.22,6.357,3
37.46,-122.14,2.4375,5
33.65,-117.71,8.6088,0
34.06,-117.66,1.608,1
35.27,-120.65,4.2411,4
32.57,-117.09,4.5547,3
34.09,-118.04,2.8333,1
33.88,-118.39,6.0441,3
34.06,-117.78,2.2258,1
37.75,-122.41,3.5912,5
33.77,-118.2,1.9797,1
37.26,-121.92,4.5208,2
37.13,-121.67,5.6205,2
32.95,-117.02,3.7784,1
34.09,-118.1,3.8906,1
36.97,-122.01,2.9444,5
34.1,-117.72,3.1477,1
34.11,-118.09,6.5078,3
34.43,-119.69,5.8311,3
33.74,-116.97,1.942,1
37.94,-121.32,2.625,5
37.32,-121.79,6.2742,2
33.77,-118.17,2.6786,1
38.53,-120.59,3.6125,5
33.75,-117.89,4.0231,1
37.99,-122.0,5.4607,2
38.02,-121.32,3.0729,5
33.95,-118.35,3.0519,1
36.83,-119.74,4.1098,4
41.8,-123.38,2.2976,5
37.95,-122.34,3.0694,5
34.25,-119.2,3.8162,1
39.16,-121.0,3.2813,5
33.88,-117.96,6.2556,3
33.18,-117.29,3.1667,1
37.95,-122.03,3.1719,5
34.01,-118.27,1.4524,1
33.8,-118.34,3.9408,1
33.76,-116.24,3.8125,1
34.23,-117.27,3.7708,1
33.61,-117.75,3.1779,1
33.87,-118.2,4.2135,3
38.11,-122.21,3.0962,5
32.8,-117.2,2.3599,1
33.82,-118.11,4.6875,3
34.17,-118.14,2.7148,1
34.06,-118.29,2.1637,1
37.97,-121.33,3.5703,5
33.62,-117.89,3.0625,1
34.06,-117.65,2.0893,1
37.34,-120.6,2.1182,4
33.88,-117.99,3.9559,1
37.92,-121.99,9.0243,2
37.32,-119.65,2.3565,4
35.41,-118.94,6.3639,3
34.02,-118.41,3.725,1
34.29,-118.43,2.865,1
39.51,-122.2,2.8333,5
36.77,-120.21,2.3194,4
34.23,-119.18,3.375,1
38.98,-122.84,1.7196,5
38.81,-123.02,3.2425,5
34.04,-117.15,7.5822,3
33.92,-117.89,2.3935,1
37.36,-122.1,8.5294,2
34.3,-118.43,3.6023,1
36.99,-121.99,5.8123,2
34.02,-118.37,2.6154,1
36.77,-119.71,2.1461,4
36.32,-119.29,1.2012,4
38.67,-123.01,4.6875,2
37.68,-121.78,3.0222,5
34.0,-118.39,5.2035,3
36.75,-119.8,1.5273,4
37.18,-122.01,5.8596,2
37.68,-121.85,6.8132,2
34.24,-119.29,6.194,3
33.75,-118.14,4.0795,3
34.17,-117.35,2.9844,1
34.04,-118.3,2.1518,1
36.97,-120.06,1.625,4
34.03,-118.56,8.2934,0
34.03,-118.5,3.6451,1
33.91,-118.35,3.87,1
39.25,-122.08,3.017,5
37.05,-122.11,5.1412,2
36.75,-119.82,2.0781,4
37.95,-122.05,3.1838,5
33.84,-118.17,5.0787,3
38.14,-121.29,3.2338,5
37.78,-122.41,3.8625,5
39.03,-122.66,1.165,5
34.2,-119.17,3.015,1
37.53,-121.99,5.0423,2
38.04,-122.59,8.3646,2
41.6,-123.41,1.965,5
37.74,-122.5,4.3611,2
33.77,-118.41,10.06,0
37.65,-121.04,3.3567,5
38.55,-121.49,3.3844,5
33.95,-118.21,2.0372,1
34.44,-119.27,2.7019,1
37.31,-121.94,5.2642,2
38.67,-121.78,4.0556,5
33.63,-117.95,6.0516,3
40.49,-122.31,3.35,5
36.65,-119.53,2.5562,4
37.31,-121.93,2.6573,5
34.15,-118.27,2.6729,1
33.76,-117.93,4.1577,3
34.24,-118.33,4.2639,3
37.33,-121.91,2.894,5
33.88,-117.86,3.7361,1
38.46,-122.68,4.7143,2
33.91,-118.21,1.7824,1
33.95,-118.32,3.1719,1
34.2,-118.48,2.8974,1
37.63,-122.08,3.7614,5
38.94,-121.07,4.7143,2
37.41,-122.11,3.4198,5
33.92,-118.42,5.0594,3
33.95,-118.18,3.5341,1
40.94,-124.08,2.3147,5
34.06,-118.38,7.6771,3
33.84,-117.97,4.8667,3
37.96,-122.32,3.375,5
33.83,-117.99,3.2539,1
38.15,-122.58,7.5,2
34.05,-118.44,5.7097,3
39.76,-121.57,2.0882,5
35.64,-117.7,5.8625,3
40.17,-122.24,1.577,5
37.81,-122.28,1.8088,5
38.51,-121.3,4.15,5
37.42,-121.91,4.1389,2
32.85,-117.24,10.0707,0
37.3,-120.49,1.75,4
37.78,-122.42,2.4414,5
33.81,-118.01,4.4583,3
35.65,-117.68,3.3269,1
38.68,-121.47,5.0155,2
33.66,-117.81,5.8752,3
33.81,-116.5,2.5399,1
34.08,-117.38,3.6875,1
33.67,-117.98,5.8252,3
34.14,-118.17,11.7894,0
32.78,-116.94,3.434,1
34.23,-118.25,4.4083,3
34.1,-117.43,3.7011,1
37.41,-121.87,6.7867,2
33.43,-117.72,3.8992,1
33.87,-118.2,2.525,1
33.92,-118.23,1.1793,1
32.7,-117.14,0.9589,1
38.5,-121.49,3.319,5
33.97,-118.28,1.6652,1
36.84,-119.78,3.2147,4
37.98,-122.58,4.9615,2
32.83,-117.24,7.4351,3
35.59,-119.34,2.3934,4
33.89,-117.99,4.5033,3
33.98,-118.04,1.9688,1
36.96,-120.07,3.6181,4
33.85,-118.39,5.7128,3
33.84,-117.94,3.1884,1
37.9,-122.1,6.5095,2
34.43,-119.73,4.5278,3
34.03,-118.3,2.1571,1
34.05,-118.03,2.7955,1
33.86,-118.0,3.875,1
34.27,-119.22,5.0679,3
33.74,-117.9,2.7535,1
38.34,-121.97,4.0329,5
33.71,-118.01,4.7515,3
36.33,-119.66,1.4194,4
34.5,-117.35,3.375,1
37.37,-120.75,2.4964,5
33.78,-118.27,2.5262,1
34.26,-118.62,6.3249,3
32.7,-117.15,1.3657,1
36.62,-119.31,1.7292,4
33.96,-117.44,12.5381,0
33.87,-117.57,2.2197,1
33.84,-118.33,5.3131,3
39.92,-120.09,1.7267,5
33.81,-117.99,2.2,1
36.71,-121.66,3.2929,5
36.1,-119.21,1.7432,4
33.88,-118.35,3.35,1
41.78,-121.16,2.1434,5
37.3,-121.87,2.7411,5
33.98,-117.95,5.6716,3
37.58,-122.33,3.4836,5
38.87,-120.0,4.225,5
33.45,-117.6,5.4031,3
32.81,-117.13,2.7652,1
32.83,-117.1,6.2047,3
37.84,-120.2,3.2589,5
33.76,-118.3,5.1269,3
37.88,-122.29,3.556,5
39.53,-122.23,1.3708,5
33.96,-118.33,2.3,1
34.02,-118.31,2.2981,1
33.44,-117.59,4.3897,3
34.3,-119.29,3.5385,1
37.72,-122.44,3.9565,5
35.4,-118.99,4.0208,4
36.82,-119.85,3.3239,4
34.25,-118.41,3.6016,1
38.62,-121.32,3.0864,5
34.12,-119.21,4.3427,3
37.83,-122.23,7.8772,2
34.09,-118.32,2.0341,1
33.07,-117.31,3.2984,1
37.11,-121.65,5.9356,2
37.3,-121.9,5.6437,2
34.54,-117.18,3.8194,1
37.54,-122.27,8.9083,2
33.81,-118.22,3.7885,1
34.08,-117.08,3.0625,1
36.66,-121.64,5.2285,2
34.28,-119.22,4.7333,3
37.33,-122.06,7.0102,2
34.43,-119.77,5.1271,3
33.98,-118.18,2.5703,1
39.32,-120.17,3.5652,5
33.02,-117.27,5.797999999999999,3
34.01,-118.39,2.3571,1
37.97,-121.3,2.2981,5
33.72,-118.05,4.1862,3
36.97,-120.07,1.6071,4
33.92,-118.0,6.1273,3
37.54,-122.05,5.2882,2
33.86,-117.85,4.6806,3
32.69,-117.08,3.4875,1
35.34,-120.69,1.6563,4
33.7,-117.88,5.3254,3
37.91,-122.52,5.5951,2
34.21,-118.37,4.2875,3
34.28,-118.54,6.7248,3
38.68,-121.31,2.1009,5
33.77,-117.98,3.6333,1
37.3,-121.99,5.1483,2
37.3,-121.92,3.6053,5
39.15,-123.2,2.0074,5
38.76,-122.51,4.0435,5
38.01,-122.13,2.1974,5
34.11,-118.26,3.6667,1
33.87,-117.98,3.3199,1
32.69,-117.09,1.3269,1
37.74,-121.95,6.2631,2
33.94,-117.98,5.2851,3
40.87,-124.07,2.2138,5
37.27,-121.84,5.0186,2
39.95,-122.23,2.207,5
33.89,-117.81,5.8243,3
37.95,-122.53,3.5838,5
37.93,-122.32,5.1067,2
38.62,-121.34,2.4537,5
38.53,-121.41,3.1944,5
37.75,-122.17,3.1587,5
36.65,-121.63,1.6071,5
37.61,-121.0,2.273,5
39.73,-121.84,0.987,5
39.21,-122.01,2.2679,5
33.87,-118.19,3.6987,1
38.67,-120.99,5.4413,2
37.39,-122.07,5.0131,2
34.01,-118.25,1.0898,1
37.97,-121.17,3.6389,5
33.73,-118.31,5.249,3
34.04,-117.5,5.0175,3
32.75,-117.16,1.9637,1
34.17,-118.63,5.5798,3
34.24,-118.42,2.525,1
34.07,-117.75,5.2269,3
34.04,-117.18,3.6875,1
39.48,-121.52,2.0455,5
37.23,-121.98,3.1176,5
32.65,-117.09,2.619,1
38.57,-121.47,3.0217,5
33.91,-118.23,2.0804,1
34.15,-118.25,0.8185,1
33.22,-117.28,2.3844,1
37.79,-122.44,3.6812,5
34.07,-117.89,4.5179,3
40.79,-124.14,2.4896,5
35.36,-119.04,3.0435,4
32.69,-117.02,4.436,3
34.05,-118.28,1.6355,1
33.95,-118.28,2.1437,1
33.38,-117.2,5.0507,3
37.22,-121.86,6.9508,2
34.05,-118.43,6.7115,3
34.24,-119.06,7.6775,3
38.97,-121.05,4.8214,2
34.53,-117.3,1.2275,1
33.75,-117.86,1.9309,1
33.23,-117.34,3.1062,1
37.74,-122.46,10.959,0
33.96,-118.27,2.037,1
33.95,-118.21,2.295,1
33.99,-118.31,1.7083,1
33.96,-118.26,1.3971,1
33.61,-117.86,8.6001,0
34.14,-118.0,1.0548,1
36.7,-121.64,4.1675,2
36.8,-119.78,2.8994,4
34.17,-118.14,2.7201,1
34.43,-119.72,2.5694,4
34.23,-118.47,2.5008,1
33.97,-118.3,3.375,1
33.91,-118.12,3.5772,1
34.07,-117.64,3.2083,1
37.3,-121.91,3.6563,5
38.64,-121.41,1.9167,5
37.81,-122.43,3.7679,5
33.79,-118.33,4.1071,3
37.93,-121.91,8.7059,2
38.44,-122.72,1.5357,5
33.74,-116.98,1.8446,1
38.29,-122.46,3.5982,5
37.59,-122.07,4.825,2
35.32,-119.06,3.569,4
34.17,-118.54,6.1274,3
37.0,-121.68,6.7644,2
32.84,-117.18,4.2768,3
36.75,-119.78,1.2937,4
33.43,-118.48,2.6042,1
33.94,-118.32,3.1563,1
34.16,-118.01,5.532,3
35.68,-119.24,2.5208,4
34.2,-117.38,3.7578,1
33.93,-118.15,4.9808,3
34.11,-118.13,9.1373,0
33.93,-118.1,3.1397,1
37.33,-121.99,4.8365,2
39.12,-121.57,2.08,5
40.62,-124.17,2.8958,5
38.97,-122.65,1.1912,5
32.85,-116.96,4.1716,3
38.13,-121.3,2.8942,5
37.79,-122.47,2.8125,5
37.76,-122.5,4.5329,2
32.67,-117.11,1.6094,1
34.06,-118.09,2.2083,1
34.14,-118.37,3.7986,1
38.23,-120.37,2.6942,5
35.37,-119.01,1.4779,4
33.77,-118.37,10.1447,0
35.95,-121.32,3.5547,4
37.85,-122.26,1.9167,5
33.73,-118.29,2.1382,1
34.04,-118.33,2.628,1
37.36,-118.39,2.3261,4
35.36,-119.01,1.056,4
33.69,-117.95,6.9261,3
33.67,-116.17,2.5714,1
34.12,-117.73,6.1731,3
34.09,-118.35,3.0349,1
33.94,-118.2,2.5029,1
32.58,-117.09,3.0273,1
33.83,-117.88,6.4685,3
38.96,-121.62,1.9797,5
34.28,-119.26,3.0799,1
38.35,-122.01,3.8651,5
35.43,-116.57,2.7138,1
41.04,-124.1,1.9741,5
35.39,-118.94,5.4592,3
34.09,-118.36,2.6,1
34.02,-118.49,2.9125,1
32.57,-117.09,5.1478,3
34.88,-120.45,5.7306,3
37.85,-122.25,4.0368,5
37.59,-122.39,6.0374,2
34.01,-118.33,1.9231,1
38.74,-121.26,3.3941,5
37.37,-122.12,10.7355,0
34.16,-119.19,4.4187,3
34.23,-119.16,2.7556,1
33.83,-117.92,1.425,1
33.82,-117.95,3.6875,1
37.77,-122.47,4.1635,2
33.86,-118.38,6.7613,3
33.81,-118.12,4.6875,3
37.79,-122.45,10.0914,0
33.97,-117.78,8.4411,0
37.35,-121.74,5.2327,2
40.38,-120.42,2.4757,5
32.96,-117.1,4.1279,3
38.68,-120.98,3.2964,5
34.08,-118.37,2.6713,1
33.98,-118.07,3.9688,1
34.64,-120.47,3.4063,4
34.03,-118.28,1.7976,1
38.37,-122.0,3.625,5
40.2,-122.17,3.3594,5
34.21,-118.5,4.9643,3
37.79,-122.4,1.4552,5
38.66,-121.46,3.9914,5
34.12,-117.63,6.0758,3
35.38,-118.98,1.4786,4
34.19,-118.4,3.0395,1
33.14,-117.13,4.1053,1
34.29,-118.52,7.7464,3
33.51,-117.67,2.9762,1
33.99,-118.3,1.84,1
37.38,-121.87,5.5429,2
35.13,-119.45,2.3013,4
37.94,-121.29,2.0303,5
32.69,-117.11,2.09,1
33.54,-117.77,7.2217,3
37.64,-119.02,3.2431,4
33.69,-117.93,6.4441,3
33.8,-117.83,5.8622,3
38.63,-121.44,1.3302,5
33.99,-118.48,2.5523,1
32.75,-117.09,1.875,1
34.06,-118.34,3.5481,1
33.95,-118.14,6.7744,3
38.37,-122.65,5.7204,2
37.73,-122.24,4.5213,2
34.06,-118.39,3.3295,1
33.38,-117.23,2.8393,1
37.75,-122.48,4.7703,2
33.88,-118.08,3.825,1
32.85,-117.27,2.3187,1
33.78,-118.16,1.9808,1
37.4,-122.13,5.1335,2
37.77,-120.85,2.0833,5
37.8,-122.44,7.9761,2
34.09,-117.9,4.125,3
33.77,-117.24,2.8401,1
34.06,-118.37,5.5596,3
34.68,-118.27,3.2125,1
33.73,-118.06,10.5424,0
38.76,-121.29,6.0097,2
36.83,-119.69,4.9327,2
36.56,-119.73,3.0469,4
38.07,-120.19,0.4999,4
39.11,-121.05,3.6333,5
37.51,-120.82,4.4083,2
39.5,-122.53,2.4861,5
38.01,-122.31,3.2759,5
36.61,-121.84,2.2007,5
33.76,-117.9,3.6953,1
34.0,-118.41,2.8393,1
33.96,-118.43,5.8864,3
37.76,-122.44,4.6053,2
34.1,-118.01,3.8085,1
34.1,-118.17,1.3125,1
33.8,-118.2,4.0074,1
36.59,-121.89,3.1364,5
34.1,-117.12,3.2708,1
33.8,-117.95,4.6389,3
37.87,-122.26,1.1859,5
39.15,-121.63,1.5613,5
32.65,-116.45,2.1949,1
40.99,-124.08,2.6847,5
39.39,-120.91,1.6094,5
33.63,-117.7,5.5584,3
33.89,-117.8,7.0217,3
34.08,-116.88,3.9028,1
34.04,-118.42,5.6454,3
39.78,-120.48,2.375,5
36.72,-119.8,0.9513,4
36.54,-119.39,1.7165,4
34.22,-118.62,4.0909,3
37.77,-121.99,5.1755,2
33.93,-118.22,3.0167,1
34.07,-118.1,2.25,1
37.87,-121.97,13.4883,0
37.92,-122.08,6.195,2
33.92,-118.11,4.3,3
37.84,-122.08,11.7064,0
34.06,-117.74,2.8983,1
37.86,-122.25,5.0463,2
34.19,-118.55,4.3654,3
32.72,-117.02,3.7763,1
33.85,-117.93,4.2019,3
34.07,-118.21,2.1333,1
38.01,-121.88,2.7374,5
32.71,-117.17,0.7685,1
34.02,-118.44,4.0429,3
37.39,-119.66,2.7813,4
34.44,-119.76,2.4701,4
34.1,-117.31,1.5208,1
34.08,-117.48,3.1028,1
34.01,-118.35,3.6629,1
34.24,-118.55,4.3458,3
33.85,-118.38,5.5843,3
32.75,-117.1,1.4886,1
37.59,-120.92,2.6591,5
36.83,-119.7,2.5904,4
34.16,-118.32,6.2547,3
37.48,-122.22,2.56,5
37.9,-122.27,6.174,2
37.79,-122.21,2.875,5
34.14,-118.22,5.5456,3
40.3,-121.09,3.6477,5
34.43,-119.67,2.3681,4
37.84,-120.97,2.883,5
37.73,-122.38,2.625,5
34.17,-118.18,9.0702,0
36.74,-119.67,2.7813,4
38.69,-119.78,2.45,5
38.5,-121.52,4.8497,2
39.33,-123.23,3.9632,5
34.41,-118.9,4.2599,3
37.77,-122.19,3.3715,5
33.16,-117.31,5.6605,3
33.03,-117.06,7.0913,3
32.58,-117.13,3.1645,1
33.72,-118.06,9.8177,0
34.2,-118.46,3.0893,1
35.4,-119.03,2.1818,4
38.54,-121.45,1.4702,5
33.13,-117.13,2.082,1
33.92,-118.29,5.3292,3
33.15,-117.34,3.3536,1
38.62,-121.44,1.9107,5
32.78,-115.58,5.7843,3
34.05,-118.3,2.2684,1
37.06,-122.0,6.0621,2
37.98,-121.68,3.6411,5
37.9,-122.52,4.4239,2
33.81,-118.38,5.7361,3
34.23,-118.51,4.7926,3
33.98,-118.37,4.3438,3
33.89,-118.08,3.1917,1
38.5,-121.47,1.7188,5
34.04,-118.18,3.0417,1
36.35,-119.42,1.6645,4
34.04,-118.35,2.1711,1
33.82,-118.03,3.6815,1
37.96,-122.2,6.7741,2
33.63,-117.91,3.1985,1
34.45,-119.75,4.1375,3
34.42,-119.72,4.0125,4
33.87,-118.37,5.0114,3
34.2,-119.19,2.1542,1
34.89,-117.02,2.8281,1
33.87,-118.14,4.3942,3
34.25,-118.48,4.9688,3
33.78,-116.43,6.1437,3
34.2,-118.44,2.5197,1
33.83,-118.17,4.1023,3
33.76,-117.87,4.1071,3
34.06,-118.35,3.7167,1
34.65,-118.23,3.5673,1
38.95,-122.64,1.2029,5
34.08,-118.03,3.25,1
34.01,-117.88,4.7589,3
34.0,-118.44,2.599,1
37.88,-122.46,8.8386,2
34.09,-118.07,3.6083,1
34.13,-118.4,10.5575,0
34.2,-118.86,4.125,3
34.41,-119.7,2.2069,4
37.71,-122.1,5.2131,2
33.9,-118.09,4.0461,3
37.66,-122.07,3.875,5
37.36,-120.62,3.2656,4
34.19,-118.12,8.7835,0
34.25,-118.27,4.4375,3
37.94,-121.27,1.7386,5
37.38,-122.03,3.8732,5
34.24,-118.47,2.3111,1
33.2,-117.36,1.3269,1
32.57,-117.07,2.7361,1
38.71,-121.4,3.8355,5
34.09,-117.39,4.3958,3
37.78,-122.47,2.7431,5
33.98,-118.28,0.9809,1
37.46,-122.23,4.2232,2
33.79,-118.26,3.5488,1
35.87,-119.26,1.6469,4
37.54,-121.96,3.9909,5
37.49,-120.85,1.9429,5
37.24,-121.84,5.4741,2
33.78,-117.94,3.0125,1
38.25,-120.43,2.4583,5
34.13,-118.03,4.9583,3
33.97,-118.14,2.63,1
37.52,-122.27,3.7,5
38.92,-122.62,1.8417,5
34.05,-118.33,2.0706,1
34.25,-118.44,3.7,1
37.32,-121.89,2.1149,5
34.13,-117.89,4.1995,3
39.56,-120.23,2.46,5
34.44,-119.71,5.3184,3
37.77,-122.47,3.8571,5
34.03,-118.51,3.8571,1
34.05,-117.19,2.5143,1
34.1,-117.36,2.3205,1
34.12,-118.15,3.4018,1
32.82,-116.89,5.0201,3
34.02,-118.3,1.5781,1
40.52,-122.46,5.2149,2
34.19,-119.18,2.8561,1
33.92,-118.14,3.2237,1
33.69,-116.39,6.9833,3
34.04,-117.94,3.5592,1
36.82,-119.83,7.2909,2
34.07,-118.34,6.2223,3
34.67,-118.17,4.5659,3
34.16,-118.36,4.0764,3
36.86,-119.77,8.2737,0
34.19,-118.51,4.2865,3
37.51,-122.0,4.9867,2
37.95,-121.74,5.7104,2
34.08,-118.19,1.9038,1
34.14,-117.27,4.1,3
38.43,-122.59,3.4561,5
35.96,-119.04,1.875,4
33.97,-118.35,2.6734,1
33.77,-118.18,1.5536,1
38.26,-122.02,2.5896,5
36.6,-121.93,4.0154,2
39.01,-123.36,2.7232,5
34.2,-118.87,7.001,3
33.72,-118.06,15.0001,0
37.63,-122.49,3.2446,5
36.31,-119.31,2.0714,4
37.75,-122.49,3.7054,5
40.55,-122.31,3.5522,5
33.84,-118.01,3.9628,1
37.35,-118.42,4.375,4
34.05,-117.94,3.3409,1
34.01,-118.25,1.3287,1
39.47,-121.54,2.4952,5
34.1,-117.37,2.3889,1
37.8,-122.43,3.6893,5
37.45,-122.15,6.767,2
33.17,-117.22,3.625,1
32.56,-117.05,2.875,1
34.07,-117.91,4.5594,3
34.03,-118.42,4.5278,3
34.28,-118.48,5.5608,3
32.74,-117.14,2.5553,1
33.99,-118.18,1.6341,1
37.97,-121.98,5.2442,2
33.96,-118.24,1.9041,1
33.9,-118.4,7.9059,3
34.05,-118.4,3.6953,1
38.57,-121.52,2.89,5
34.03,-118.16,3.1724,1
38.29,-122.3,3.0404,5
33.83,-118.22,3.9091,1
38.47,-122.67,3.0568,5
34.08,-117.19,2.6536,1
37.82,-122.25,2.6429,5
37.85,-121.96,12.2478,0
37.98,-122.07,4.0154,5
34.1,-118.12,4.0556,3
40.69,-122.38,1.7422,5
33.91,-118.2,3.5878,1
34.22,-118.56,4.4271,3
39.13,-121.63,1.8208,5
37.47,-122.28,6.8879,2
32.8,-117.02,4.1162,1
33.78,-118.25,1.4444,1
33.76,-118.13,4.25,3
34.03,-118.3,2.7125,1
33.9,-118.23,2.4706,1
34.24,-117.32,1.9265,1
41.31,-122.3,2.4526,5
37.79,-122.41,1.724,5
33.93,-118.21,2.5083,1
34.02,-118.31,1.2434,1
38.95,-122.62,1.6865,5
40.57,-122.4,1.655,5
37.74,-122.13,5.0,2
34.06,-117.73,3.1786,1
33.82,-118.2,5.2606,3
34.16,-117.59,7.8252,3
32.56,-117.07,3.0992,1
35.41,-119.12,4.4561,3
33.15,-117.32,5.4904,3
34.19,-118.51,5.3028,3
34.08,-117.92,4.2986,3
36.76,-119.76,1.4766,4
32.85,-116.94,4.7578,3
33.87,-117.8,4.2566,3
34.09,-118.16,3.1442,1
36.79,-120.08,2.9808,4
34.17,-118.43,2.6979,1
34.1,-118.18,4.875,3
34.18,-118.15,3.3125,1
33.01,-117.32,4.125,3
33.89,-118.31,4.1458,3
33.75,-116.33,4.0360000000000005,1
38.31,-122.29,2.2721,5
37.92,-122.32,3.3594,5
33.92,-118.18,3.2734,1
38.57,-121.53,4.0833,5
33.32,-117.03,3.8438,1
34.08,-117.87,3.2469,1
34.03,-118.32,2.8971,1
38.29,-122.3,2.4728,5
34.21,-118.19,6.553,3
34.04,-117.87,6.6288,3
34.2,-118.36,2.5267,1
36.83,-119.79,2.2215,4
37.95,-122.05,5.4482,2
34.1,-117.86,3.5977,1
39.13,-121.62,1.6719,5
38.0,-120.4,2.6544,5
34.02,-118.2,2.3944,1
33.82,-117.83,5.7817,3
33.81,-117.14,3.2778,1
34.22,-118.45,2.7714,1
33.99,-118.24,1.6731,1
33.99,-118.43,4.0189,3
38.58,-121.41,3.089,5
34.08,-117.44,3.6025,1
32.8,-117.21,1.7273,1
34.2,-118.43,3.1118,1
38.51,-121.48,2.5926,5
34.13,-118.68,6.7273,3
33.92,-118.09,4.5699,3
34.07,-117.18,2.1154,1
34.88,-117.02,3.0313,1
36.59,-121.85,3.3156,5
34.0,-118.27,1.7052,1
34.12,-117.43,3.2056,1
38.38,-122.58,4.7237,2
34.47,-119.72,5.8411,3
34.14,-118.08,6.1159,3
37.78,-122.44,1.4866,5
33.89,-117.78,8.9088,0
37.87,-122.29,2.537,5
37.85,-122.28,1.808,5
38.21,-121.15,4.0365,5
37.77,-122.5,4.125,2
34.13,-118.2,3.3438,1
34.86,-120.43,3.8203,4
37.64,-122.06,3.8259,5
37.33,-121.89,2.2583,5
36.42,-121.31,2.6629,4
32.66,-117.09,1.8333,1
33.93,-118.13,3.5227,1
37.35,-122.04,5.678,2
34.03,-117.15,6.5648,3
34.24,-116.88,4.6394,3
39.83,-121.5,1.6948,5
37.58,-122.37,12.4291,0
32.78,-115.56,3.0603,1
32.78,-117.02,3.3675,1
33.11,-117.08,2.2,1
38.54,-121.67,4.2432,5
33.88,-118.35,3.2594,1
33.95,-117.43,4.0526,1
36.96,-120.08,3.1136,4
39.02,-120.81,2.8155,5
39.1,-123.16,2.775,5
34.07,-118.41,3.9904,1
33.9,-118.34,5.5133,3
34.08,-117.81,7.7876,3
37.99,-121.31,1.886,5
33.8,-118.12,2.7092,1
37.19,-121.8,4.5417,2
34.19,-118.39,2.4167,1
34.21,-118.21,4.7734,3
34.06,-118.41,4.1411,3
37.81,-122.28,0.8075,5
34.89,-117.04,3.175,1
37.48,-121.92,5.3813,2
34.23,-118.22,8.4802,0
33.86,-116.08,2.425,1
40.51,-122.24,4.559,5
33.22,-117.27,5.0249,3
33.88,-117.87,3.6417,1
38.67,-121.23,3.8954,5
37.98,-122.01,4.0507,5
39.23,-123.2,2.3583,5
32.8,-117.0,3.0189,1
38.57,-121.47,2.1691,5
34.38,-119.67,3.1625,4
39.45,-121.94,1.832,5
34.05,-118.42,7.8164,3
37.65,-122.53,4.0556,5
36.95,-120.09,4.1544,4
33.85,-118.07,7.0113,3
37.51,-120.83,4.6635,2
37.54,-122.26,6.9635,2
37.77,-122.43,3.6894,5
36.13,-117.69,1.7868,4
37.37,-121.83,3.2279,5
36.27,-119.25,2.6875,4
34.96,-120.41,4.65,4
33.99,-118.07,4.5595,3
33.95,-118.23,0.9518,1
33.82,-118.17,4.1354,3
40.8,-124.15,1.755,5
33.86,-118.27,6.5799,3
33.79,-118.25,2.375,1
34.51,-117.28,3.0181,1
36.83,-119.73,5.0828,2
37.4,-122.09,3.5179,5
38.54,-121.42,2.398,5
34.03,-118.27,1.7115,1
33.93,-117.9,3.3173,1
33.75,-118.31,6.287000000000001,3
33.79,-118.12,4.3317,3
34.0,-118.44,4.75,3
33.57,-117.71,4.877,3
34.03,-118.15,2.0536,1
37.29,-121.9,6.6331,2
33.84,-118.37,6.7105,3
34.04,-118.44,2.1875,1
34.19,-118.41,3.6625,1
32.62,-117.08,3.4773,1
33.69,-116.19,2.5383,1
34.48,-117.18,2.7778,1
33.92,-117.95,3.6106,1
32.82,-117.11,2.875,1
33.83,-118.06,3.8512,1
33.87,-118.33,4.2614,3
33.21,-117.24,3.0982,1
38.31,-121.27,4.4107,2
34.03,-117.31,5.7393,3
33.79,-117.86,3.1792,1
38.77,-121.33,4.2259,5
34.05,-118.2,1.9615,1
34.19,-118.61,4.3125,3
38.03,-121.94,1.4871,5
39.29,-121.32,3.5673,5
36.77,-119.82,3.0568,4
33.9,-118.22,1.9423,1
35.37,-118.97,1.4125,4
34.17,-118.14,2.3,1
38.66,-121.27,4.1382,5
38.27,-122.01,4.0619,5
34.39,-119.52,2.6397,4
33.75,-117.87,0.971,1
32.78,-116.95,6.2552,3
39.18,-121.63,2.0978,5
33.98,-117.98,6.2217,3
32.79,-117.11,3.3849,1
34.11,-117.29,0.7075,1
37.56,-122.03,4.6978,2
37.74,-122.5,3.7552,5
37.72,-122.44,3.8958,5
33.79,-118.14,3.1711,1
36.55,-121.7,7.6245,2
33.92,-118.18,2.4583,1
37.76,-122.39,3.9722,5
34.15,-118.01,3.2377,1
34.11,-118.28,4.2019,3
35.17,-119.48,3.125,4
37.32,-120.49,1.9528,4
37.78,-122.39,3.6037,5
32.8,-117.2,4.2417,3
32.74,-117.02,3.5,1
33.85,-117.88,3.7772,1
38.4,-120.66,3.175,5
33.86,-118.08,3.5268,1
37.34,-122.07,7.3561,2
34.12,-117.29,1.0951,1
36.62,-121.91,3.2865,5
36.55,-119.39,3.3869,4
34.1,-118.38,9.3092,0
34.23,-119.12,2.4643,1
33.66,-117.82,6.4967,3
37.56,-122.37,11.6833,0
37.64,-122.08,3.3479,5
34.16,-118.4,4.2989,3
36.06,-118.97,1.975,4
34.06,-118.1,2.9524,1
38.0,-121.3,1.7774,5
35.42,-119.03,2.5703,4
37.59,-122.38,3.0744,5
34.7,-118.16,4.8787,3
32.97,-117.1,2.4459,1
34.17,-118.12,4.7098,3
34.95,-120.43,3.6815,4
33.96,-118.1,3.6667,1
37.39,-121.96,4.5062,2
36.8,-120.02,2.1618,4
34.02,-118.5,2.775,1
34.07,-117.13,2.8031,1
35.49,-119.27,2.3533,4
33.84,-117.92,3.2969,1
38.26,-120.93,3.2937,5
32.76,-117.0,6.5645,3
37.9,-122.54,4.4375,2
37.38,-121.86,5.8686,2
38.04,-122.26,2.694,5
37.31,-120.48,2.355,4
32.79,-117.24,2.6902,1
33.9,-118.1,3.6,1
37.91,-122.28,6.5576,2
34.09,-118.31,1.8977,1
34.19,-118.43,4.125,3
38.94,-119.98,1.9018,5
33.87,-118.2,3.9469,1
38.53,-121.49,3.3906,5
33.99,-118.32,3.7167,1
34.69,-116.9,0.4999,1
37.94,-122.34,1.681,5
37.53,-122.28,4.8047,2
33.83,-118.36,5.6013,3
37.34,-121.87,2.6667,5
37.44,-121.91,4.7794,2
34.04,-118.52,10.8082,0
37.3,-121.04,3.3824,5
34.02,-117.53,5.3269,3
34.14,-117.88,7.5112,3
32.82,-115.32,3.6528,1
32.67,-117.08,2.5662,1
33.89,-117.99,8.5621,0
36.21,-119.37,1.4455,4
33.87,-118.37,6.02,3
37.98,-121.3,2.6364,5
34.71,-118.12,2.5179,1
37.33,-121.85,4.5208,2
34.42,-119.72,2.6019,4
33.87,-118.17,2.9803,1
37.78,-122.23,2.6429,5
34.07,-118.27,1.87,1
33.85,-118.17,4.2218,3
37.77,-122.26,2.875,5
41.38,-122.28,2.8036,5
38.93,-119.98,2.6607,5
37.75,-122.18,1.712,5
34.08,-118.11,4.5446,3
33.87,-118.08,4.1406,3
33.66,-117.28,2.6949,1
32.92,-117.14,4.9706,3
34.1,-118.22,4.0469,3
36.86,-119.8,3.7656,4
35.38,-118.94,3.7533,4
34.09,-117.96,3.1621,1
34.19,-118.32,3.3897,1
34.15,-117.22,6.2516,3
37.71,-122.07,4.9801,2
36.78,-119.8,2.2614,4
37.39,-120.71,3.2721,5
34.03,-118.45,2.6528,1
36.14,-119.19,3.9,4
37.93,-122.37,1.75,5
34.21,-118.36,1.8929,1
37.78,-122.49,2.6719,5
37.6,-122.02,3.694,5
36.32,-121.25,2.9184,4
34.25,-118.85,7.2965,3
37.4,-122.08,4.1544,2
38.72,-121.25,5.2177,2
33.81,-118.0,2.8835,1
36.52,-119.55,3.0294,4
37.69,-122.46,4.0833,5
37.76,-122.46,3.93,5
39.4,-123.36,1.5625,5
33.87,-118.09,3.9837,1
37.76,-122.13,5.37,2
34.02,-118.33,4.26,3
34.65,-120.45,1.9257,4
33.8,-118.1,5.0574,3
37.78,-122.17,4.175,2
32.84,-117.2,4.55,3
36.69,-119.58,1.9766,4
34.25,-119.2,3.8889,1
36.68,-119.76,1.8355,4
38.34,-121.96,3.6036,5
33.9,-118.39,8.2037,0
33.98,-118.3,2.9375,1
33.97,-118.18,2.0057,1
33.97,-117.39,3.4044,1
34.19,-118.22,3.215,1
37.49,-122.24,2.5833,5
37.71,-121.02,3.6023,5
34.02,-118.52,5.0867,3
33.98,-117.33,1.9531,1
33.94,-118.35,2.5547,1
34.16,-118.03,9.8098,0
37.63,-122.49,5.155,2
34.05,-118.04,3.0536,1
33.69,-117.95,4.875,3
34.02,-118.41,3.5022,1
34.02,-118.46,3.0476,1
32.96,-117.25,6.6199,3
35.27,-120.71,5.4287,2
33.84,-118.31,2.6491,1
34.04,-118.26,2.462,1
37.27,-121.83,6.6712,2
37.76,-122.42,3.3937,5
38.53,-121.41,2.9737,5
38.13,-121.25,3.2993,5
40.66,-122.43,2.5417,5
37.77,-122.44,3.6186,5
33.94,-116.98,3.4545,1
33.33,-116.74,2.4744,1
33.65,-117.93,4.4211,3
38.66,-121.35,2.5556,5
34.06,-118.47,7.6447,3
33.79,-116.42,4.9444,3
37.3,-121.92,4.2762,2
33.89,-118.07,4.537,3
33.97,-118.26,1.7121,1
34.05,-117.72,4.0614,3
35.61,-117.68,3.5988,1
33.99,-118.2,2.551,1
32.67,-117.05,3.9646,1
37.58,-122.0,5.8151,2
36.0,-120.14,2.0335,4
37.36,-122.06,6.0777,2
38.9,-122.16,3.7574,5
33.91,-117.89,3.7321,1
37.92,-122.05,4.7094,2
35.37,-118.95,1.6728,4
34.01,-118.27,2.0817,1
37.75,-122.4,6.1359,2
33.9,-118.11,3.5052,1
34.0,-118.41,5.5284,3
38.02,-121.35,3.428,5
34.06,-117.77,1.9766,1
33.92,-118.25,2.5363,1
34.13,-118.22,5.7794,3
34.26,-118.42,3.9,1
37.72,-122.4,2.1187,5
37.26,-121.76,4.6458,2
38.03,-121.33,4.918,2
34.11,-118.27,3.0521,1
33.92,-118.22,3.4539,1
37.01,-121.59,4.3227,2
33.89,-118.0,5.1377,3
34.04,-118.39,4.125,3
37.57,-122.26,6.5948,2
33.79,-118.25,2.7143,1
32.78,-115.56,3.2083,1
33.77,-118.09,1.8015,1
37.68,-122.16,2.3869,5
37.98,-122.3,3.6518,5
33.61,-117.87,7.79,3
32.73,-117.23,2.7273,1
33.83,-118.21,2.8837,1
34.02,-118.32,2.0042,1
37.92,-122.55,6.1085,2
38.22,-122.63,5.565,2
35.37,-119.01,1.9125,4
34.01,-118.09,4.3333,3
34.17,-118.52,3.2154,1
34.15,-118.12,3.4167,1
34.63,-120.47,3.7917,4
33.99,-118.31,1.6559,1
33.79,-117.95,4.4667,3
33.84,-118.06,4.0542,3
34.1,-118.35,1.845,1
33.22,-117.22,1.7217,1
33.99,-118.46,3.5234,1
36.97,-121.99,2.1771,5
37.76,-122.47,3.6346,5
37.3,-120.48,1.5427,4
39.21,-122.01,2.5556,5
33.19,-117.38,1.9891,1
33.78,-118.09,6.6137,3
33.81,-116.54,3.1493,1
37.94,-122.52,5.9582,2
37.46,-122.22,4.3214,2
36.74,-119.71,2.4728,4
33.04,-115.62,2.2969,1
34.14,-116.32,1.69,1
37.66,-122.41,3.0052,5
33.68,-116.25,3.0114,1
38.73,-121.18,6.0302,2
34.13,-117.91,2.2132,1
34.21,-118.65,9.6465,0
37.93,-122.07,5.0255,2
38.25,-122.03,4.0905,5
34.24,-118.43,4.0208,3
37.64,-122.08,5.7309,2
33.83,-116.56,2.6083,1
41.54,-123.92,2.0202,5
33.94,-118.03,3.4792,1
33.98,-117.84,6.1076,3
37.74,-122.17,2.25,5
37.41,-122.09,3.575,5
39.36,-120.15,5.6856,2
36.81,-119.68,3.9792,4
34.15,-118.61,4.9102,3
35.11,-120.59,3.5744,4
33.77,-117.98,4.0955,3
38.72,-121.9,3.75,5
34.97,-120.44,1.7941,4
34.21,-118.22,3.5707,1
37.35,-120.61,2.2222,4
36.64,-121.79,2.3087,5
33.98,-118.09,3.6875,1
33.81,-117.91,2.5625,1
38.62,-121.5,3.7188,5
37.29,-122.03,10.3653,0
33.77,-117.95,3.2632,1
37.73,-122.46,6.8322,2
33.99,-118.21,3.2188,1
37.74,-121.42,4.8021,2
37.78,-122.22,1.7276,5
36.95,-121.79,3.7863,5
37.91,-122.29,4.0536,5
37.83,-122.27,1.375,5
34.21,-119.19,4.2227,3
33.87,-118.35,3.6169,1
39.75,-121.8,3.1125,5
37.76,-122.2,1.75,5
37.71,-121.07,3.375,5
33.73,-117.92,4.4728,3
36.63,-121.92,3.4167,5
34.05,-117.62,2.8281,1
34.03,-118.43,3.2308,1
34.44,-119.74,3.4047,4
37.82,-121.17,3.8472,5
33.84,-118.06,4.7953,3
38.02,-121.27,2.9821,5
38.66,-121.33,2.7797,5
37.79,-122.2,2.7788,5
33.96,-118.28,1.615,1
34.71,-118.12,1.125,1
34.14,-118.12,5.8692,3
37.87,-122.29,2.6165,5
34.03,-118.18,2.239,1
33.78,-118.31,3.5804,1
37.25,-121.9,4.6845,2
34.16,-118.33,3.4286,1
34.05,-117.14,6.746,3
34.03,-118.55,6.0307,3
37.95,-122.35,2.6328,5
32.8,-117.18,3.8542,1
37.75,-122.44,5.0505,2
34.1,-118.35,2.325,1
34.05,-118.48,9.5221,0
37.45,-122.14,7.8647,2
34.03,-117.02,4.2361,3
33.95,-118.01,4.6923,3
37.78,-122.42,3.1462,5
38.52,-120.0,3.15,5
34.06,-118.38,2.8233,1
33.73,-117.97,7.2845,3
37.41,-121.87,5.6683,2
35.3,-120.84,4.9359,2
35.38,-119.03,2.7312,4
38.6,-121.36,4.4643,2
33.67,-118.01,5.888,3
33.72,-118.08,7.1673,3
33.11,-117.05,5.4786,3
37.97,-122.29,4.4911,2
40.01,-121.23,1.625,5
36.74,-119.79,2.1094,4
34.06,-117.75,1.625,1
34.16,-118.4,2.3333,1
37.75,-122.15,3.8913,5
34.45,-117.79,3.2765,1
37.68,-121.0,4.9904,2
38.57,-121.43,4.0972,5
37.33,-120.46,3.2852,4
34.12,-118.26,3.1306,1
34.14,-117.3,1.9432,1
34.27,-118.77,4.7574,3
33.0,-117.25,5.8393,3
33.86,-117.93,4.5774,3
34.1,-118.07,3.2361,1
34.18,-118.94,5.9224,3
33.99,-118.35,5.0514,3
34.41,-117.29,1.5758,1
38.01,-121.24,2.4342,5
36.36,-119.32,3.4312,4
33.92,-118.21,3.1964,1
32.81,-117.18,4.7679,3
34.09,-118.35,2.5444,1
33.95,-118.1,3.7308,1
40.57,-122.35,3.2639,5
37.78,-122.39,4.7105,2
36.82,-119.64,5.6739,2
34.05,-118.3,2.1414,1
33.89,-116.51,1.95,1
38.85,-121.08,6.0,2
34.06,-117.33,2.5673,1
34.14,-118.21,2.2267,1
33.95,-118.32,5.0912,3
33.64,-117.84,2.4132,1
37.79,-122.41,3.0296,5
34.21,-118.23,3.5174,1
32.83,-116.99,3.1979,1
39.26,-120.99,3.7917,5
34.05,-118.18,2.8295,1
33.91,-117.91,3.6106,1
37.35,-121.83,3.7143,5
36.8,-119.7,3.8088,4
38.59,-121.52,1.6647,5
33.73,-118.3,4.194,3
34.28,-119.25,5.2261,3
34.18,-118.62,6.4044,3
37.68,-122.13,3.6,5
34.08,-118.38,3.9375,1
33.94,-118.27,1.6625,1
32.81,-116.83,4.8125,3
34.18,-118.41,3.9038,1
37.8,-122.28,2.0114,5
34.06,-118.25,1.7763,1
36.82,-119.72,2.2639,4
34.05,-118.2,2.625,1
34.07,-117.65,1.9236,1
37.74,-122.17,2.4776,5
36.08,-119.03,3.25,4
33.95,-118.26,1.5147,1
33.98,-118.36,3.5833,1
33.43,-117.61,3.9875,1
36.09,-119.08,2.7298,4
33.63,-117.9,6.1426,3
33.86,-117.26,3.1103,1
38.04,-121.11,2.9241,5
36.72,-120.05,1.8299,4
32.69,-117.05,3.16,1
34.08,-118.13,2.6716,1
40.56,-122.45,3.9375,5
37.24,-121.95,6.0957,2
34.27,-117.19,5.2146,3
37.8,-122.43,3.3715,5
34.08,-117.91,3.6625,1
34.05,-117.97,3.5179,1
38.15,-121.74,4.8173,2
32.56,-117.12,2.9286,1
34.09,-118.31,1.2412,1
38.29,-122.47,2.5658,5
34.24,-117.13,5.2563,3
38.64,-121.45,1.867,5
38.71,-121.29,3.5769,5
34.42,-118.43,6.2971,3
34.03,-118.43,3.1875,1
37.79,-122.22,2.5,5
34.03,-117.08,3.154,1
37.37,-121.88,3.5745,5
34.03,-118.36,2.2368,1
36.88,-121.71,3.7766,5
34.09,-118.27,4.625,3
38.06,-120.4,2.6544,5
35.12,-118.43,3.2632,1
33.79,-118.32,4.1477,3
37.91,-122.45,10.0791,0
34.02,-118.38,4.3077,3
33.98,-118.05,4.0379,3
37.81,-122.24,3.2727,5
34.74,-118.09,2.4348,1
38.69,-121.46,3.3125,5
34.25,-118.35,6.1464,3
33.75,-118.3,5.6611,3
33.81,-117.96,5.2384,3
34.45,-119.78,6.4744,3
37.38,-119.72,2.6071,4
38.67,-121.16,3.7796,5
34.06,-118.04,3.2132,1
33.82,-118.21,2.8438,1
34.16,-118.07,4.125,3
38.59,-121.37,4.775,2
33.97,-118.3,2.6311,1
38.49,-121.52,3.6196,5
34.17,-118.84,3.2176,1
37.89,-122.07,5.5636,2
37.67,-120.97,4.3851,2
38.57,-121.32,3.6897,5
37.68,-121.88,7.332999999999999,2
34.08,-117.31,1.9234,1
37.93,-121.93,6.299,2
37.88,-122.26,1.725,5
37.76,-122.4,2.9312,5
33.82,-118.08,6.2519,3
33.25,-117.32,4.85,3
37.27,-121.85,7.3339,2
33.8,-117.9,2.9231,1
33.91,-118.07,4.023,1
37.75,-122.48,4.4,2
39.16,-123.22,3.6587,5
37.3,-121.97,3.0079,5
32.71,-117.12,1.9286,1
34.05,-117.07,1.9694,1
33.89,-118.01,4.6354,3
33.88,-118.21,2.1782,1
37.96,-121.22,2.625,5
33.79,-118.07,6.4288,3
38.55,-121.48,4.3929,2
37.26,-121.83,4.5033,2
32.77,-117.1,5.7768,3
37.78,-122.45,3.2011,5
33.96,-118.13,4.0,1
39.14,-121.59,1.6840000000000002,5
33.78,-118.19,1.8036,1
37.71,-122.45,3.8583,5
32.9,-117.1,5.149,3
34.23,-118.45,2.5833,1
34.34,-117.61,4.8623,3
32.72,-117.08,3.0446,1
36.6,-121.95,7.1198,2
37.8,-122.25,1.6504,5
37.34,-121.88,2.4196,5
33.81,-118.07,8.5407,0
37.74,-122.18,1.8438,5
33.95,-118.27,1.2091,1
33.96,-116.48,2.3382,1
38.56,-121.73,2.8614,5
32.71,-117.13,1.2614,1
37.89,-122.08,6.2924,2
37.89,-122.29,5.1696,2
37.36,-121.97,6.0116,2
34.03,-118.39,3.1415,1
37.68,-122.05,6.1104,2
37.74,-122.15,3.851,5
37.24,-121.83,5.9164,2
38.62,-121.38,3.5625,5
33.65,-117.25,3.5125,1
37.01,-121.97,4.5682,2
38.7,-121.37,3.6484,5
36.21,-121.13,3.1929,4
33.95,-118.27,2.2946,1
37.78,-122.49,3.0278,5
34.41,-118.56,5.6798,3
35.28,-119.01,2.7659,4
35.65,-118.87,3.4792,4
39.0,-121.15,4.3553,5
33.67,-117.97,5.6765,3
34.27,-119.27,4.09,3
36.32,-119.82,2.0673,4
37.79,-122.44,4.4375,2
36.72,-119.74,2.1304,4
33.85,-117.92,3.2344,1
37.78,-122.21,1.7188,5
32.73,-117.09,3.5789,1
34.08,-117.32,2.5208,1
34.27,-119.2,3.445,1
37.75,-122.17,2.5043,5
35.62,-120.69,2.4567,4
33.87,-118.01,3.139,1
37.3,-121.79,5.9399,2
37.94,-122.54,4.4081,2
37.28,-121.83,5.2166,2
37.74,-122.48,4.131,2
34.18,-118.4,3.5711,1
38.69,-121.15,6.1359,2
33.91,-118.17,3.8,1
33.71,-117.9,6.2488,3
37.44,-121.88,5.3057,2
32.86,-117.2,3.9356,1
33.91,-118.1,4.9732,3
37.76,-121.94,4.6932,2
34.27,-118.73,4.556,3
34.64,-118.21,5.9508,3
37.73,-121.46,5.1629,2
33.51,-117.7,6.8279,3
33.77,-118.26,2.4545,1
37.25,-121.86,4.2885,2
34.71,-118.1,2.415,1
33.83,-118.22,4.4474,3
32.68,-115.48,2.3319,1
36.34,-119.65,1.8529,4
33.96,-118.24,2.0655,1
32.86,-115.4,3.3182,1
37.25,-121.81,4.1926,2
34.01,-118.11,2.4605,1
33.84,-118.0,4.0039,1
37.35,-122.02,5.3679,2
39.41,-123.36,2.9183,5
33.95,-118.15,4.0,1
34.04,-118.37,3.825,1
33.15,-117.06,4.7941,3
38.11,-121.26,4.2448,2
33.86,-116.89,3.0417,1
33.76,-117.95,4.1295,3
34.12,-117.81,4.8229,3
34.09,-117.3,2.1842,1
36.97,-122.0,2.8941,5
37.81,-122.29,0.9011,5
33.83,-117.75,8.2375,0
37.98,-120.39,2.1513,5
34.15,-118.41,4.1656,3
34.1,-118.04,4.8017,3
36.85,-119.84,10.5144,0
36.33,-119.32,9.0376,0
32.75,-117.17,2.1532,1
38.82,-122.5,2.5625,5
40.45,-122.37,3.3315,5
33.9,-117.22,4.0467,1
36.8,-119.69,3.2813,4
38.44,-121.34,5.7452,2
36.31,-119.3,4.2778,4
33.23,-117.08,4.15,3
32.8,-117.01,2.6934,1
37.45,-120.89,3.6597,5
37.68,-121.01,3.5775,5
33.62,-116.74,2.9141,1
33.96,-118.26,1.5812,1
37.43,-119.98,2.5551,4
34.28,-119.19,4.8583,3
36.74,-121.64,4.1696,2
38.46,-122.71,3.9261,5
35.1,-120.66,2.1042,4
33.21,-117.38,2.6442,1
32.74,-117.02,1.8594,1
33.99,-118.25,1.5272,1
33.68,-117.35,4.2788,3
33.88,-118.39,8.1513,0
33.92,-118.09,5.3146,3
34.9,-120.48,3.0559,4
38.01,-121.36,2.3339,5
32.79,-116.9,6.7685,3
33.94,-118.15,4.2594,3
34.13,-117.28,1.8396,1
33.89,-117.42,7.7197,3
38.48,-122.66,2.825,5
32.99,-115.54,4.3523,3
33.78,-118.4,12.9758,0
37.86,-122.49,6.7669,2
33.93,-118.19,3.4712,1
37.55,-122.34,13.3913,0
38.54,-121.5,8.338,2
34.07,-118.25,1.9028,1
33.88,-117.92,5.3986,3
32.99,-115.53,1.7159,1
32.75,-117.21,1.0612,1
34.93,-120.44,2.1509,4
37.51,-122.27,5.8964,2
33.86,-118.43,7.1264,3
37.01,-121.58,5.1519,2
38.14,-121.29,2.515,5
37.91,-122.07,5.0391,2
33.96,-118.36,2.8378,1
33.92,-118.29,3.692,1
33.98,-118.32,1.9732,1
37.77,-122.45,4.1417,2
37.55,-122.32,4.6406,2
33.67,-117.81,7.4581,3
39.53,-122.2,2.3566,5
37.37,-121.01,2.3583,5
34.25,-118.47,4.5417,3
33.9,-118.42,5.9596,3
40.45,-122.31,2.0221,5
34.2,-118.5,4.1304,3
34.41,-117.28,2.9934,1
34.02,-117.61,3.8125,1
38.03,-122.26,3.9345,5
37.31,-121.97,3.6401,5
33.67,-117.92,4.2071,3
33.69,-117.79,5.7115,3
33.23,-117.11,4.9335,3
38.01,-122.64,5.5789,2
37.72,-122.45,4.7143,2
36.65,-119.67,3.9211,4
34.27,-119.23,3.8125,1
37.33,-121.09,1.7188,5
36.83,-119.76,5.2595,2
34.09,-117.46,3.5488,1
34.06,-118.24,1.1979,1
37.35,-122.04,6.837000000000001,2
33.83,-118.12,5.0424,3
34.12,-117.68,5.7214,3
37.47,-122.25,5.4688,2
33.54,-117.7,7.9338,3
37.98,-120.37,1.6021,5
33.5,-117.63,7.2013,3
34.04,-118.43,4.5833,3
35.3,-120.67,2.2165,4
38.32,-122.48,3.1375,5
34.04,-118.41,11.1768,0
34.05,-118.47,3.5909,1
37.75,-122.42,2.1289,5
32.79,-117.23,3.625,1
38.92,-120.02,3.2396,5
37.68,-122.47,4.5337,2
37.36,-121.83,3.1982,5
34.08,-118.22,1.8173,1
37.05,-121.93,6.4214,2
33.65,-117.68,5.928,3
38.58,-121.56,1.9426,5
34.16,-118.42,3.9028,1
36.67,-121.66,3.1439,5
38.94,-122.69,3.125,5
37.79,-122.2,2.8321,5
34.23,-118.99,6.6246,3
34.08,-118.42,15.0001,0
33.61,-117.73,2.6759,1
34.1,-117.66,3.4634,1
37.66,-122.42,2.6631,5
32.62,-117.07,2.7838,1
38.62,-121.44,1.4387,5
34.12,-118.26,2.7348,1
33.3,-117.25,6.3054,3
34.06,-117.69,2.5536,1
34.06,-118.25,1.5491,1
34.7,-118.13,1.1296,1
37.19,-121.74,4.2039,2
32.64,-117.07,4.6477,3
37.87,-122.11,6.5814,2
37.4,-122.12,10.3894,0
34.51,-117.17,3.4875,1
34.19,-118.58,2.85,1
34.18,-118.33,3.8462,1
33.88,-118.28,2.6618,1
34.27,-119.26,3.6413,1
37.88,-122.11,6.4666,2
34.25,-118.64,5.4024,3
33.78,-117.94,3.8056,1
37.91,-122.35,4.2895,2
33.72,-117.98,5.2655,3
37.08,-122.0,5.5919,2
34.22,-116.14,1.875,1
32.76,-117.09,2.2287,1
38.59,-121.38,4.5313,2
38.57,-121.48,1.625,5
34.42,-119.67,2.0643,4
33.84,-118.1,5.296,3
38.68,-121.37,3.3074,5
39.27,-121.02,3.2,5
37.96,-122.35,2.0353,5
33.81,-117.85,4.9917,3
37.66,-122.1,4.275,2
37.19,-119.77,4.1099,4
37.41,-122.15,7.0309,2
37.35,-122.02,4.1473,2
36.83,-119.69,3.9943,4
34.03,-118.31,2.025,1
34.25,-118.5,4.8164,3
34.1,-118.03,2.9422,1
37.89,-122.33,4.5268,2
33.79,-117.85,2.4688,1
34.27,-118.43,3.024,1
33.2,-117.38,1.9386,1
40.66,-123.74,3.0469,5
38.66,-121.26,4.0781,5
34.02,-118.3,1.6699,1
33.98,-118.27,1.625,1
36.07,-118.99,2.975,4
33.85,-118.1,5.7039,3
37.37,-121.81,5.1099,2
37.36,-121.88,4.2149,2
34.85,-117.46,3.4912,1
34.13,-117.57,5.9369,3
33.92,-118.35,2.75,1
38.62,-121.45,2.5643,5
34.2,-118.24,5.5756,3
34.65,-120.46,2.5966,4
36.73,-119.74,2.3269,4
38.15,-121.36,4.3553,2
34.28,-118.68,4.7034,3
36.64,-119.63,3.4107,4
33.96,-118.21,2.1522,1
39.44,-123.8,1.9208,5
33.97,-118.03,3.2852,1
33.65,-117.84,2.2262,1
32.79,-117.13,4.2098,3
34.23,-119.29,2.9018,1
34.13,-118.31,7.2692,3
32.75,-117.15,2.465,1
33.92,-117.55,4.8167,3
33.9,-118.19,2.5719,1
33.12,-117.29,4.7961,3
39.23,-120.08,4.8182,2
34.05,-118.37,2.9883,1
34.21,-119.03,5.3044,3
38.64,-121.28,4.8661,2
34.59,-117.92,2.7396,1
37.64,-122.48,12.5,0
37.52,-122.07,6.0824,2
35.41,-119.02,2.0575,4
32.96,-116.95,4.5,3
37.39,-122.09,5.5385,2
33.64,-117.91,3.9306,1
33.74,-118.11,4.8482,3
37.3,-122.06,10.7326,0
33.98,-117.36,2.0436,1
34.14,-118.36,3.6823,1
32.85,-117.19,5.102,3
37.23,-121.8,5.9225,2
33.92,-118.26,1.9809,1
33.96,-118.32,3.3214,1
33.86,-118.13,3.5833,1
39.35,-120.19,5.0622,2
34.19,-118.95,4.675,3
37.96,-122.57,9.1834,2
38.69,-121.17,5.6902,2
36.78,-119.75,2.293,4
38.62,-120.91,4.1843,5
34.18,-118.23,3.6875,1
37.94,-122.06,2.5268,5
37.7,-122.45,4.0125,5
33.02,-117.18,13.6623,0
33.77,-117.84,4.3292,3
34.66,-118.22,4.9,3
35.14,-119.47,3.9929,4
34.15,-118.44,4.6375,3
33.82,-117.98,4.9219,3
33.83,-116.75,3.3333,1
37.54,-121.94,6.2179,2
37.79,-122.18,7.0875,2
33.83,-117.52,4.46,3
34.25,-118.53,3.3892,1
37.5,-120.83,3.375,5
37.74,-121.42,1.1957,5
33.97,-118.39,6.2673,3
34.29,-118.43,3.2095,1
34.21,-118.38,3.7708,1
33.71,-118.29,4.5606,3
32.81,-117.14,4.4886,3
34.28,-118.75,6.2059,3
37.02,-121.59,4.4233,2
33.72,-117.75,8.7603,0
33.75,-117.91,3.0635,1
37.96,-122.08,6.0859,2
33.95,-118.25,1.9798,1
37.85,-122.27,1.3578,5
33.79,-116.46,2.1411,1
34.06,-118.39,8.0095,0
33.09,-117.1,4.4375,3
33.21,-117.35,4.25,3
33.75,-117.92,2.6442,1
37.07,-120.85,2.5363,4
39.05,-121.07,3.6087,5
33.22,-116.9,3.1906,1
33.7,-117.96,4.725,3
41.8,-124.3,1.9797,5
37.96,-121.3,1.7875,5
34.12,-118.18,2.369,1
36.43,-119.86,1.7176,4
34.05,-117.21,3.2131,1
34.05,-118.27,1.7866,1
33.8,-118.34,5.0814,3
38.67,-121.26,4.2273,5
33.49,-117.71,8.583,0
38.89,-120.81,2.9444,5
34.06,-117.19,2.5643,1
38.67,-121.63,2.625,5
33.75,-117.94,4.015,1
34.17,-119.19,4.4567,3
33.38,-117.63,5.1482,3
36.12,-118.54,2.1029,4
37.43,-122.14,12.5902,0
37.97,-122.04,2.9861,5
34.03,-118.17,2.4167,1
36.82,-119.69,1.8021,4
34.33,-118.83,5.4493,3
33.92,-118.02,5.5238,3
33.75,-117.01,1.8015,1
37.52,-122.28,4.0313,5
37.36,-122.14,12.1387,0
34.04,-117.95,4.7679,3
32.74,-117.24,4.0862,1
36.6,-121.88,2.5164,5
34.06,-118.28,1.6184,1
37.51,-122.47,6.7606,2
33.9,-118.2,2.7813,1
34.18,-119.2,4.2212,3
34.01,-118.09,2.0729,1
37.67,-121.06,3.4167,5
32.8,-117.08,3.375,1
33.51,-117.72,5.132999999999999,3
38.51,-121.39,2.0062,5
33.65,-117.98,3.7315,1
34.13,-118.19,3.925,1
33.64,-117.91,2.8553,1
38.35,-122.0,4.2115,5
36.33,-119.66,4.0909,4
38.2,-120.9,2.0472,5
38.13,-122.19,4.9504,2
33.73,-117.9,3.9659,1
34.08,-118.11,3.3966,1
37.94,-121.26,1.7574,5
34.05,-117.75,1.7206,1
37.36,-121.96,3.5199,5
37.8,-122.44,5.0376,2
36.89,-119.33,2.0,4
37.75,-122.43,4.7946,2
38.74,-120.81,2.3314,5
34.0,-117.98,6.019,3
33.99,-117.86,6.3875,3
33.83,-118.02,3.2933,1
33.97,-118.4,4.6364,3
37.97,-122.34,2.3382,5
34.04,-117.76,3.4464,1
35.85,-119.12,2.4167,4
38.64,-121.32,3.6523,5
34.69,-118.13,3.682,1
37.87,-122.25,2.5562,5
37.65,-121.01,2.1969,5
33.11,-117.18,5.1814,3
34.12,-117.84,4.392,3
34.13,-117.65,5.9328,3
37.45,-122.16,4.5987,2
38.0,-121.9,4.1094,5
33.98,-118.22,2.6548,1
37.81,-122.3,1.1909999999999998,5
38.74,-121.16,5.1721,2
38.55,-121.46,1.2235,5
33.62,-117.64,3.4115,1
38.47,-122.67,2.4722,5
37.45,-122.16,7.6129,2
32.58,-117.1,4.8646,3
35.13,-119.47,2.9952,4
33.96,-118.29,1.554,1
33.93,-118.03,3.875,1
41.95,-122.64,1.8242,5
33.87,-117.88,5.6409,3
33.91,-118.22,2.7426,1
39.13,-123.16,1.7813,5
38.23,-122.0,5.2636,2
37.65,-122.47,4.6452,2
32.7,-117.12,1.1681,1
33.93,-118.35,2.11,1
37.92,-120.84,3.3333,5
37.96,-121.96,5.2145,2
33.97,-117.53,3.8906,1
40.52,-122.66,4.5357,5
34.32,-118.44,4.1724,3
32.77,-117.01,3.0179,1
34.87,-117.0,3.6091,1
33.62,-117.66,6.1493,3
37.93,-122.31,5.0399,2
38.46,-122.73,1.722,5
33.84,-117.88,3.9286,1
37.82,-122.29,6.1183,2
33.6,-117.65,5.132999999999999,3
33.83,-117.89,5.6276,3
34.05,-118.43,5.2555,3
35.65,-117.67,2.8,1
32.73,-117.11,3.8864,1
37.34,-122.0,5.9158,2
32.76,-117.08,1.7391,1
33.93,-117.4,2.2222,1
36.98,-120.07,2.5388,4
33.95,-118.29,1.9655,1
36.19,-118.93,2.6184,4
37.79,-122.46,14.2959,0
36.71,-121.63,3.9818,2
34.08,-118.09,3.1607,1
37.72,-122.17,4.0202,5
34.14,-118.15,3.875,1
36.15,-119.06,1.6354,4
38.83,-120.79,1.7222,5
32.73,-117.25,6.3331,3
37.32,-121.83,2.5652,5
34.31,-118.45,4.0556,3
32.82,-116.95,3.8024,1
35.16,-117.99,2.875,1
34.01,-117.48,4.369,3
38.78,-121.23,2.0807,5
32.71,-117.14,1.5594,1
32.79,-117.02,4.0491,1
33.75,-117.98,3.3438,1
37.58,-122.37,4.4,2
33.74,-117.11,2.1182,1
34.96,-120.44,2.6531,4
35.2,-118.66,4.0581,3
37.29,-121.94,3.75,5
34.06,-118.37,4.5192,3
37.28,-121.84,3.925,5
33.99,-118.28,1.7849,1
33.85,-117.97,5.1057,3
34.1,-118.09,2.7436,1
33.78,-117.97,3.9479,1
40.42,-120.65,2.1875,5
34.26,-118.42,3.4519,1
33.31,-117.22,6.2475,3
40.58,-122.36,1.9181,5
34.0,-118.29,1.4639,1
33.74,-118.0,6.394,3
33.87,-117.58,5.0464,3
33.9,-118.42,5.308,3
37.28,-121.98,5.7812,2
38.39,-122.33,6.3427,2
36.98,-121.95,3.1546,5
34.1,-118.21,5.2723,3
34.7,-118.14,2.0182,1
33.93,-118.11,3.8427,1
37.89,-122.27,8.8342,2
33.51,-117.68,6.2661,3
34.66,-120.47,4.9237,3
37.58,-122.35,4.0855,2
34.14,-118.23,2.3958,1
37.85,-122.14,7.3267,2
37.89,-122.09,6.8686,2
33.84,-118.14,4.575,3
37.61,-119.64,2.6838,4
37.78,-122.47,3.7292,5
34.14,-117.96,3.9464,1
37.79,-122.25,2.6458,5
34.01,-118.26,1.4653,1
35.38,-118.99,1.3451,4
36.35,-119.62,2.6145,4
32.95,-117.26,6.9794,3
34.51,-117.23,5.5875,3
34.13,-117.2,3.4138,1
39.13,-121.57,1.5694,5
38.53,-121.5,3.5231,5
32.76,-117.01,4.0549,1
34.03,-118.44,4.2434,3
33.76,-118.34,15.0001,0
37.9,-121.31,2.9,5
38.03,-121.36,3.5684,5
37.99,-122.11,4.3875,2
33.93,-118.3,1.3962,1
38.48,-121.47,2.6382,5
37.99,-121.81,4.8194,2
37.68,-122.14,3.6364,5
34.09,-117.61,4.6167,3
37.34,-121.98,4.5368,2
39.23,-121.83,2.4464,5
35.0,-120.58,1.4726,4
37.53,-121.96,4.2955,2
32.78,-117.23,4.6293,3
32.71,-117.06,3.8194,1
33.48,-117.69,6.1815,3
33.96,-118.19,2.0162,1
37.68,-122.15,4.3864,2
33.84,-117.85,6.6719,3
37.95,-122.0,6.8145,2
33.87,-118.32,5.6254,3
37.63,-122.07,2.4808,5
37.76,-122.41,2.8135,5
37.66,-122.09,3.4722,5
34.7,-120.48,4.3162,4
34.18,-118.54,3.0943,1
34.1,-117.74,3.5072,1
33.77,-116.94,2.4145,1
33.89,-118.37,5.6091,3
36.83,-119.88,4.2132,4
35.59,-119.35,3.176,4
33.85,-117.91,2.7014,1
40.27,-121.25,2.625,5
37.71,-122.09,5.2855,2
33.8,-118.02,5.875,3
33.91,-118.27,2.7269,1
38.56,-121.49,1.9013,5
36.62,-121.69,6.0332,2
34.23,-118.36,2.8333,1
35.5,-120.71,5.2508,2
37.95,-122.02,5.6642,2
34.2,-118.15,4.5,3
33.03,-117.27,3.9826,1
33.64,-117.69,6.9741,3
37.83,-122.24,8.1194,2
37.39,-122.1,3.5909,5
37.96,-122.06,3.9816,5
38.71,-121.25,4.3009,5
33.94,-118.0,3.75,1
34.05,-118.54,8.565,0
33.72,-117.88,3.9844,1
37.68,-121.91,5.817,2
34.99,-117.68,4.2292,3
33.75,-116.91,2.3169,1
34.04,-118.51,11.7045,0
34.02,-118.48,2.625,1
33.64,-117.8,8.8693,0
33.56,-117.81,10.9601,0
32.78,-117.17,2.3658,1
37.42,-120.77,2.3333,5
34.07,-117.66,2.8702,1
39.09,-122.53,1.3,5
33.92,-118.19,3.305,1
33.37,-117.24,4.5391,3
33.92,-117.93,4.2443,3
34.19,-118.32,3.0179,1
33.79,-118.19,1.7938,1
34.14,-118.25,1.8235,1
33.83,-117.29,2.4662,1
34.07,-118.01,2.2559,1
40.66,-122.25,3.6413,5
37.95,-122.05,2.85,5
39.44,-121.53,2.6071,5
37.3,-121.9,4.537,2
34.09,-118.34,2.2,1
38.66,-121.34,2.119,5
32.71,-117.09,1.5,1
37.64,-121.01,1.0217,5
37.64,-122.1,4.6635,2
38.04,-121.33,4.5179,2
34.07,-118.35,3.6111,1
38.54,-121.79,1.4653,5
34.08,-118.35,3.2645,1
33.7,-117.99,4.625,3
40.36,-120.71,3.5536,5
35.3,-118.99,2.9402,4
32.75,-117.15,2.6181,1
34.02,-118.18,2.15,1
34.04,-118.36,3.5161,1
34.68,-120.44,6.2685,3
36.86,-121.82,2.1719,5
38.96,-122.83,1.8692,5
38.4,-121.38,4.8831,2
34.45,-119.61,5.3963,3
34.28,-119.26,4.8977,3
32.8,-117.24,2.4671,1
37.63,-122.08,4.0326,5
33.21,-117.22,3.6375,1
34.19,-118.86,6.5474,3
37.62,-122.41,4.25,2
33.79,-116.95,1.8845,1
37.44,-121.91,5.0808,2
37.87,-122.08,2.4896,5
34.01,-118.31,2.5263,1
37.35,-122.07,9.8144,0
38.24,-122.07,3.5464,5
34.06,-117.99,2.564,1
34.06,-117.95,4.6312,3
34.03,-117.71,3.4267,1
33.92,-117.47,3.6583,1
33.89,-118.35,3.0833,1
37.97,-121.97,6.1168,2
34.03,-118.28,1.2989,1
37.91,-122.06,4.1612,2
32.99,-115.41,3.4038,1
37.39,-121.88,7.105,2
34.42,-118.47,3.0380000000000003,1
34.19,-118.14,3.7222,1
37.51,-122.48,4.7578,2
33.9,-118.42,5.5347,3
37.49,-120.86,2.4706,5
33.93,-118.3,3.7969,1
34.65,-120.46,2.0819,4
34.14,-117.65,8.4839,0
33.76,-117.98,4.32,3
32.69,-117.18,5.1249,3
37.96,-122.35,2.0724,5
34.38,-119.06,3.9464,1
37.31,-121.91,2.5804,5
34.03,-118.27,1.7546,1
34.02,-118.17,2.125,1
38.75,-121.24,5.4896,2
33.89,-118.18,2.6742,1
37.92,-122.29,6.516,2
37.62,-122.04,3.2857,5
37.58,-122.06,5.6758,2
37.73,-122.43,3.1786,5
38.61,-121.34,3.9063,5
33.94,-118.16,3.9352,1
32.74,-116.98,2.6944,1
32.65,-117.09,2.6296,1
37.85,-119.93,4.0833,4
37.38,-122.06,4.2719,2
32.76,-117.11,2.2604,1
33.98,-118.1,3.4083,1
38.56,-121.48,2.7316,5
39.08,-122.86,2.0417,5
36.95,-121.92,3.6597,5
36.84,-121.4,3.0912,5
39.49,-121.21,2.5568,5
37.59,-122.46,5.7653,2
36.92,-121.74,2.4461,5
32.8,-117.15,3.7292,1
38.03,-120.19,3.1076,5
33.73,-116.86,2.9330000000000003,1
36.98,-122.03,2.1553,5
34.25,-119.23,8.0,0
34.01,-118.45,6.3516,3
33.68,-117.79,7.2118,3
37.73,-122.43,3.6694,5
36.04,-119.4,1.8894,4
38.61,-122.86,3.4013,5
32.75,-117.22,2.6121,1
34.28,-118.52,7.8193,3
38.83,-121.18,2.9484,5
34.02,-118.43,8.1631,0
34.13,-118.12,11.706,0
33.98,-118.3,2.9432,1
36.98,-121.94,4.2006,2
40.77,-124.19,2.442,5
40.2,-122.21,2.6149,5
33.6,-117.58,11.0567,0
37.95,-121.3,2.2024,5
34.37,-119.06,3.6453,1
38.57,-121.76,3.1371,5
33.74,-117.86,2.5,1
33.97,-118.2,2.3917,1
34.4,-119.71,4.2283,3
34.07,-118.44,7.1674,3
34.08,-118.18,2.3281,1
33.94,-117.89,4.7216,3
34.12,-117.37,3.8398,1
33.97,-118.32,4.3919,3
37.37,-122.13,11.806,0
38.46,-122.88,2.5687,5
33.92,-117.96,3.2158,1
36.71,-119.81,1.5625,4
37.35,-120.62,1.4615,4
38.33,-122.67,3.9518,5
32.83,-117.17,5.3538,3
33.74,-118.17,3.7838,1
38.87,-121.19,6.0,2
34.06,-118.33,15.0001,0
34.1,-117.96,3.2957,1
33.74,-117.9,4.7679,3
37.79,-122.41,3.2059,5
37.39,-119.59,3.5446,4
37.84,-122.19,11.6017,0
38.55,-121.74,1.6435,5
34.06,-118.3,1.7896,1
38.33,-122.37,4.825,2
37.85,-122.27,2.7054,5
34.42,-119.73,5.4127,3
34.03,-118.31,0.8351,1
34.08,-117.93,3.9583,1
33.77,-117.87,8.0784,3
33.92,-117.8,4.6315,3
34.04,-117.04,2.5863,1
38.67,-121.77,2.2794,5
33.98,-117.99,6.9695,3
37.48,-122.12,3.8194,5
34.43,-119.7,2.6875,4
34.09,-118.37,3.2159,1
39.23,-123.18,2.125,5
33.83,-117.17,4.6,3
38.95,-121.1,2.1287,5
37.8,-119.07,3.5294,4
33.24,-117.33,2.9386,1
33.9,-118.2,2.12,1
37.66,-122.08,2.1382,5
34.13,-117.76,7.4837,3
33.73,-117.88,3.75,1
38.6,-122.47,5.3698,2
33.99,-118.3,1.1645,1
34.07,-118.12,2.025,1
33.9,-118.24,2.8269,1
34.11,-118.63,5.8735,3
33.32,-115.98,1.4688,1
38.74,-120.78,2.1603,5
37.58,-122.37,4.7404,2
37.45,-121.92,3.2617,5
37.58,-121.47,4.6625,2
34.09,-118.41,15.0001,0
34.14,-118.19,3.6058,1
33.77,-118.15,2.7212,1
38.67,-121.79,4.7222,2
32.83,-116.93,2.3203,1
37.69,-122.07,3.0964,5
37.85,-122.26,2.125,5
33.68,-117.83,4.1652,3
34.12,-118.02,6.5784,3
34.17,-118.3,5.0056,3
35.49,-119.38,2.2071,4
33.92,-118.13,2.4925,1
34.22,-118.64,8.4438,0
37.77,-122.18,2.0556,5
37.79,-122.44,6.4209,2
39.52,-121.56,1.7708,5
39.78,-122.16,2.325,5
33.93,-117.95,3.4702,1
36.8,-119.72,2.1653,4
37.63,-122.02,3.8958,5
34.04,-118.28,1.4167,1
34.22,-118.39,5.0818,3
34.18,-118.44,2.1977,1
37.46,-121.9,3.8421,5
39.79,-121.6,2.567,5
41.2,-122.27,1.5923,5
33.91,-118.3,2.6182,1
39.16,-121.58,3.3611,5
37.73,-122.15,2.1898,5
36.62,-119.31,1.4481,4
36.61,-121.82,3.8015,5
34.12,-118.08,4.2434,3
36.85,-119.77,5.9897,2
37.34,-122.04,3.16,5
33.94,-117.28,1.3125,1
33.68,-117.89,5.0853,3
33.79,-118.27,2.8462,1
40.58,-122.32,3.0,5
34.01,-118.46,4.2813,3
33.87,-118.11,4.6713,3
34.91,-120.44,5.299,3
37.81,-122.29,1.7719,5
33.88,-118.11,4.0911,3
34.16,-118.3,3.2321,1
39.49,-121.53,1.5313,5
33.97,-118.34,5.5,3
34.04,-117.7,3.5954,1
37.16,-121.9,5.2366,2
34.3,-118.9,5.5925,3
36.72,-119.82,2.6176,4
35.04,-120.47,2.9375,4
37.79,-122.45,5.5634,2
34.2,-116.38,2.0674,1
36.32,-119.27,4.0806,4
37.76,-122.5,3.8333,5
37.66,-120.99,2.9137,5
34.11,-117.65,3.6219,1
34.18,-118.38,2.5603,1
33.43,-117.62,3.3155,1
34.03,-117.73,3.0375,1
39.16,-121.57,2.6964,5
35.34,-119.03,2.7256,4
37.33,-122.0,5.6932,2
38.62,-121.46,1.9871,5
34.04,-118.12,4.5795,3
33.79,-118.01,5.7837,3
34.02,-117.34,2.275,1
33.94,-117.99,3.7045,1
37.53,-122.02,5.7072,2
33.84,-117.99,5.103,3
34.0,-118.35,6.939,3
32.75,-117.08,2.5101,1
34.12,-117.3,2.6,1
33.83,-118.2,7.2096,3
38.61,-121.49,3.4291,5
33.74,-117.88,3.0083,1
33.84,-116.51,4.0729,1
37.02,-121.58,3.2019,5
33.86,-118.34,5.4791,3
39.6,-121.54,2.1467,5
33.37,-117.26,2.2368,1
34.09,-118.33,1.4375,1
34.03,-117.95,3.3389,1
38.33,-121.96,4.976,2
34.09,-118.15,2.8062,1
36.43,-119.85,2.8913,4
34.11,-118.13,4.825,3
35.35,-118.98,1.7614,4
37.63,-122.42,3.43,5
33.63,-117.8,4.1944,3
33.85,-118.39,4.3594,3
37.7,-122.49,5.2811,2
37.8,-122.23,2.3929,5
34.15,-117.24,4.6111,3
33.67,-117.8,8.283999999999999,0
38.41,-122.0,4.945,2
34.05,-117.15,5.0227,3
37.11,-122.02,5.2417,2
33.87,-117.64,6.2308,3
37.96,-121.25,2.4866,5
35.69,-120.9,3.8158,4
34.05,-117.8,4.1118,3
38.45,-120.55,2.5208,5
33.15,-117.13,3.4833,1
34.18,-118.56,4.8264,3
34.16,-118.26,3.5417,1
33.91,-118.28,2.6546,1
33.03,-117.08,4.3424,3
38.05,-121.98,3.3661,5
34.14,-117.87,2.9375,1
34.01,-118.26,1.5089,1
34.15,-118.13,2.6038,1
36.81,-119.68,5.0253,2
32.82,-116.75,6.6361,3
38.61,-121.39,2.4632,5
33.63,-117.7,5.2325,3
37.77,-122.25,3.4531,5
36.71,-119.57,2.6458,4
33.77,-118.15,4.5,3
33.58,-117.69,7.5177,3
40.69,-124.27,2.5179,5
33.86,-117.99,2.9,1
34.16,-117.25,3.9018,1
36.81,-121.72,3.2969,5
38.03,-121.29,2.2672,5
37.77,-122.18,2.0786,5
34.11,-118.19,2.286,1
32.81,-117.02,5.4544,3
34.03,-118.21,2.2083,1
36.9,-121.29,5.8324,2
36.89,-121.66,5.5148,2
38.8,-121.72,1.9559,5
37.86,-122.28,3.8594,5
38.44,-122.68,3.4545,5
34.11,-118.25,3.4375,1
33.87,-117.89,3.0465,1
38.56,-121.71,4.2198,5
33.96,-118.31,3.7143,1
37.76,-122.42,2.0329,5
34.1,-117.58,3.5186,1
34.47,-119.7,7.7261,0
39.24,-121.21,4.3702,5
34.45,-119.84,6.3654,3
37.32,-121.8,4.8092,2
38.22,-122.28,7.5197,2
34.17,-117.31,3.0078,1
37.98,-121.23,5.0362,2
36.81,-119.7,2.7159,4
33.64,-117.94,2.6221,1
36.7,-119.79,1.3922,4
37.37,-122.09,5.2971,2
37.76,-122.24,4.6094,2
34.08,-117.46,3.6602,1
32.82,-117.11,2.6607,1
38.42,-122.55,4.2891,2
34.05,-118.2,2.4886,1
38.77,-120.93,5.5111,2
32.75,-116.91,4.7813,3
33.92,-118.21,1.9026,1
37.43,-122.43,4.8405,2
37.25,-121.99,10.7582,0
37.73,-122.43,5.0782,2
40.77,-124.14,2.9143,5
37.6,-122.39,4.652,2
37.3,-121.94,4.7275,2
34.04,-117.96,4.025,1
36.59,-121.9,4.6182,2
35.12,-120.57,2.8824,4
34.27,-119.17,6.0661,3
36.97,-120.08,3.8257,4
37.41,-122.12,5.3727,2
33.91,-118.1,4.2679,3
39.08,-122.8,1.4676,5
34.28,-118.7,3.7188,1
39.69,-121.56,3.13,5
36.2,-119.34,2.0333,4
33.91,-118.36,4.3333,3
32.59,-117.07,1.6007,1
34.13,-117.22,2.7011,1
33.9,-118.1,4.4167,3
33.9,-118.26,2.0096,1
38.57,-121.48,1.8512,5
38.53,-122.46,3.6641,5
37.81,-122.23,7.507999999999999,2
37.88,-122.52,3.8068,5
34.27,-119.17,4.0905,3
36.65,-119.74,2.9013,4
37.56,-121.99,4.3393,2
37.33,-121.79,5.6345,2
37.62,-120.97,2.9451,5
34.01,-118.29,1.6505,1
33.93,-118.05,3.6771,1
37.73,-122.43,5.0602,2
33.83,-118.03,4.625,3
39.8,-120.15,3.0625,5
34.09,-118.13,2.7816,1
34.17,-118.1,3.2813,1
33.75,-116.89,2.0154,1
34.03,-118.36,1.6452,1
32.72,-116.99,4.0391,1
34.01,-117.92,3.375,1
34.39,-117.31,3.7917,1
34.11,-117.65,5.3368,3
34.08,-118.06,3.4202,1
36.92,-121.75,3.6,5
40.79,-123.48,1.9107,5
33.92,-118.15,4.375,3
36.62,-119.65,1.6607,4
37.68,-122.49,5.0659,2
37.33,-121.9,2.5,5
34.43,-119.72,3.6719,4
33.93,-117.98,6.2924,3
33.72,-118.04,4.7821,3
33.98,-117.89,2.5125,1
37.74,-122.42,4.0391,5
34.22,-118.31,7.1262,3
34.06,-118.38,3.1475,1
36.84,-119.84,8.7716,0
33.96,-118.03,4.0536,3
37.96,-122.04,1.837,5
35.12,-120.59,2.1702,4
39.13,-123.21,4.0469,5
34.17,-118.16,3.5909,1
33.88,-118.3,3.2574,1
34.0,-118.43,3.3995,1
34.71,-118.09,2.4012,1
37.96,-121.27,2.5625,5
33.98,-117.48,3.3966,1
40.79,-124.18,1.4668,5
37.73,-122.14,3.0673,5
37.77,-122.5,5.0562,2
33.42,-117.61,4.0313,1
34.3,-118.47,3.6736,1
34.06,-118.39,5.3316,3
32.71,-117.05,3.2986,1
36.79,-118.91,3.7857,4
34.16,-118.46,3.8273,1
34.04,-118.32,2.8654,1
41.74,-124.16,2.1829,5
33.66,-118.0,3.2353,1
34.2,-118.19,7.419,3
32.76,-117.06,2.3015,1
38.52,-121.5,2.2574,5
40.43,-120.57,2.6902,5
37.76,-122.23,4.7188,2
33.89,-118.13,5.0395,3
34.18,-118.53,3.1887,1
37.28,-121.96,4.0174,5
35.87,-118.96,3.7794,4
33.49,-117.64,5.6197,3
38.54,-121.45,1.9485,5
33.87,-117.93,2.315,1
37.6,-120.86,4.5625,2
33.81,-117.98,5.152,3
33.89,-117.97,2.8649,1
33.01,-117.25,7.7317,3
37.56,-122.02,4.3594,2
37.7,-122.45,5.1788,2
36.19,-119.37,2.4922,4
33.77,-117.89,4.4732,3
34.11,-118.3,3.5806,1
38.47,-121.44,3.3608,5
37.76,-122.19,1.7056,5
34.7,-118.1,4.9806,3
37.56,-122.32,2.8571,5
38.79,-121.24,3.1875,5
38.67,-122.52,3.4539,5
33.94,-118.26,1.6887,1
33.07,-117.3,3.5585,1
33.78,-116.95,1.7303,1
38.85,-120.71,3.4688,5
34.44,-118.45,4.6861,3
37.26,-121.99,7.9234,2
34.56,-118.12,3.9936,1
34.06,-117.9,5.6406,3
33.88,-117.85,7.3658,3
33.95,-118.29,2.0917,1
34.96,-120.43,2.0673,4
34.16,-117.28,1.9832,1
38.61,-121.45,1.0685,5
34.09,-118.29,1.8056,1
38.34,-121.98,4.0536,5
34.15,-117.93,4.0393,3
37.78,-122.2,3.5398,5
32.76,-117.2,2.4,1
37.13,-122.07,4.9792,2
39.71,-121.81,2.0288,5
39.22,-120.94,4.0062,5
34.01,-118.08,2.7679,1
34.06,-118.31,1.9949,1
37.53,-122.29,3.0278,5
33.53,-117.7,5.9088,3
34.02,-118.13,2.5852,1
33.81,-118.08,3.3155,1
33.83,-117.96,6.1001,3
33.02,-117.05,6.3517,3
37.78,-122.27,2.6806,5
36.59,-119.44,1.516,4
32.97,-117.26,6.4651,3
34.07,-118.34,5.8632,3
35.36,-119.02,2.2827,4
32.79,-117.2,3.2312,1
36.81,-119.81,5.4513,2
34.0,-118.45,4.575,3
36.19,-118.37,3.125,4
37.54,-120.82,6.1324,2
37.95,-121.27,1.8261,5
37.99,-122.34,2.6167,5
37.25,-121.87,3.7844,5
36.52,-119.73,2.5921,4
34.09,-118.14,2.7483,1
37.26,-121.86,5.5121,2
34.21,-119.05,3.0119,1
37.53,-122.34,7.3081,2
38.81,-122.55,3.8831,5
34.05,-117.64,3.0057,1
40.55,-122.37,2.6705,5
38.37,-122.71,5.6018,2
38.61,-121.35,2.5511,5
34.17,-118.12,3.7159,1
38.27,-122.65,5.1391,2
32.72,-117.03,3.5938,1
33.94,-118.21,2.1903,1
34.22,-118.35,3.025,1
34.16,-118.29,3.2083,1
34.08,-118.28,2.6178,1
34.06,-117.88,5.9254,3
35.39,-119.02,2.0455,4
37.92,-122.29,6.0,2
34.41,-119.7,2.6607,4
36.92,-121.74,2.6506,5
32.69,-117.11,2.725,1
33.79,-117.99,3.9566,1
34.11,-118.12,5.2131,3
32.75,-117.01,3.9545,1
33.94,-117.46,3.5227,1
37.88,-122.71,4.3125,2
37.73,-122.16,2.8301,5
37.89,-121.93,7.3445,2
40.67,-124.14,4.2054,5
37.3,-122.03,5.8521,2
37.38,-122.08,3.4042,5
33.81,-118.02,5.1155,3
36.74,-119.77,1.5547,4
33.86,-118.39,5.687,3
34.22,-118.51,4.8646,3
33.92,-117.36,8.5326,0
34.13,-118.27,2.9392,1
38.15,-122.23,1.756,5
34.03,-118.5,7.8705,3
34.02,-118.15,2.3438,1
37.96,-122.36,1.5347,5
34.17,-118.27,5.5118,3
34.12,-117.89,3.9934,1
38.41,-122.07,3.4741,5
36.61,-119.43,2.4219,4
39.35,-120.24,3.4792,5
34.31,-118.46,4.2708,3
34.51,-117.32,2.8929,1
34.14,-118.85,8.1064,0
37.35,-121.93,3.1065,5
38.07,-122.18,5.3288,2
37.87,-122.28,3.5156,5
33.89,-117.58,2.3654,1
34.45,-119.73,6.7449,3
37.75,-122.16,1.8235,5
37.63,-122.08,4.0682,5
37.63,-122.05,3.2829,5
33.54,-117.71,7.3878,3
38.19,-121.09,2.4545,5
40.54,-124.35,3.0147,5
33.84,-117.97,2.8348,1
40.97,-121.89,2.225,5
33.75,-117.98,3.8158,1
34.25,-118.4,2.2019,1
32.82,-117.2,3.9464,1
34.08,-118.09,2.6901,1
33.6,-117.87,5.2949,3
37.98,-122.51,6.0762,2
34.14,-117.29,3.125,1
36.83,-119.67,5.0864,2
37.74,-122.54,4.1786,2
34.02,-118.27,1.875,1
35.78,-119.25,2.7411,4
33.78,-118.04,5.8426,3
34.66,-120.44,4.5417,4
38.0,-120.97,4.7069,2
34.2,-118.52,4.9102,3
34.19,-119.17,1.6964,1
33.03,-117.08,3.3724,1
33.57,-117.23,3.9617,1
37.63,-122.04,4.7813,2
33.95,-118.28,1.4103,1
38.66,-121.02,4.5246,2
34.07,-118.37,5.24,3
34.15,-117.66,8.5282,0
33.97,-118.41,6.1333,3
38.13,-121.19,3.7687,5
33.84,-118.13,4.2841,3
35.45,-119.03,4.3162,4
33.77,-118.16,2.9384,1
34.03,-117.66,5.752999999999999,3
33.85,-118.4,5.6017,3
32.64,-117.08,1.8672,1
34.59,-120.14,2.5743,4
33.81,-118.0,4.1276,3
37.71,-122.46,4.0,5
34.14,-118.19,4.3359,3
38.39,-120.62,2.7399,5
33.83,-118.39,5.6370000000000005,3
33.82,-117.96,3.7917,1
37.78,-119.08,2.7656,4
33.21,-117.24,2.1293,1
37.76,-122.47,3.2679,5
38.09,-121.26,2.0625,5
32.73,-117.13,5.454,3
34.07,-118.3,2.3375,1
38.32,-122.32,4.0878,5
37.54,-122.0,5.1616,2
32.9,-117.15,4.2008,3
36.8,-119.77,2.7222,4
37.91,-122.54,5.6302,2
33.99,-118.24,2.4107,1
33.73,-118.29,2.5759,1
37.92,-121.29,3.1053,5
36.05,-119.27,2.2917,4
34.14,-118.19,5.2962,3
37.03,-121.58,3.5551,5
33.76,-118.12,3.7813,1
40.82,-121.41,2.3393,5
34.02,-118.16,1.9688,1
37.97,-122.3,3.6393,5
34.16,-118.35,5.636,3
34.11,-117.29,1.1687,1
34.31,-119.17,5.2681,3
32.74,-116.35,1.7137,1
37.57,-121.87,7.0691,2
38.57,-121.42,3.7731,5
33.04,-117.26,6.6319,3
37.8,-122.44,4.5523,2
33.92,-118.13,4.1786,3
33.89,-118.21,4.3646,3
34.08,-117.9,5.212000000000001,3
32.75,-117.13,3.0,1
33.57,-117.66,5.5545,3
34.0,-118.3,1.6875,1
37.87,-122.53,7.9977,2
36.05,-119.0,1.5506,4
34.1,-118.26,3.6579,1
37.37,-121.83,4.25,2
37.42,-122.11,6.4949,2
38.31,-122.27,2.9054,5
38.92,-121.14,4.6771,2
33.96,-118.12,4.8523,3
37.53,-122.33,4.0417,5
39.23,-121.02,1.4241,5
34.55,-114.94,1.625,1
33.76,-117.84,4.3698,3
38.64,-121.46,1.6607,5
32.74,-117.08,3.5078,1
36.6,-119.45,1.8975,4
32.74,-117.1,1.6102,1
37.86,-122.09,7.6202,2
40.52,-122.33,3.5081,5
36.72,-119.57,3.6161,4
34.07,-118.41,15.0001,0
34.13,-116.27,3.7292,1
34.03,-118.32,3.1731,1
34.18,-118.59,4.2009,3
33.94,-117.98,4.0985,3
33.91,-118.22,1.5161,1
34.21,-118.38,3.0833,1
37.22,-121.93,9.3834,0
37.8,-122.42,3.3643,5
33.7,-117.89,3.2386,1
37.68,-120.99,2.2336,5
33.82,-117.94,5.0764,3
37.33,-121.76,5.6306,2
32.8,-117.0,4.5662,3
32.61,-116.79,3.5227,1
33.93,-118.35,1.7344,1
37.37,-121.9,1.0938,5
34.01,-118.28,1.2175,1
33.97,-118.41,4.6176,3
34.12,-117.88,4.0938,3
34.14,-118.06,8.4889,0
37.98,-122.57,4.625,2
33.8,-118.3,3.1392,1
37.58,-122.35,3.3469,5
33.82,-118.21,4.9562,3
37.32,-121.87,2.7031,5
34.03,-118.24,1.8333,1
34.2,-118.44,2.9219,1
34.6,-120.12,5.5106,3
34.08,-118.03,2.4464,1
40.19,-121.08,1.6944,5
37.72,-122.48,4.1116,2
33.83,-118.22,3.7083,1
34.28,-119.21,5.7601,3
37.8,-122.44,5.2539,2
34.04,-117.49,4.1775,3
33.92,-118.2,3.6719,1
33.73,-117.86,3.775,1
38.36,-121.98,4.163,5
38.52,-121.47,1.8205,5
33.9,-117.49,3.6071,1
38.21,-122.33,4.625,2
33.84,-118.0,2.8169,1
37.96,-122.54,4.3083,2
36.81,-119.67,4.9432,2
35.36,-119.07,4.6705,3
33.97,-118.05,3.6,1
34.08,-117.66,3.3036,1
37.96,-121.24,1.9187,5
34.02,-118.18,2.625,1
39.81,-123.24,1.7788,5
38.25,-122.62,4.0962,5
36.16,-120.1,2.3295,4
33.88,-118.31,2.4219,1
37.75,-122.47,5.482,2
38.65,-121.43,3.1696,5
37.35,-121.81,4.4671,2
34.06,-118.25,5.3081,3
34.06,-117.69,2.7986,1
33.85,-118.06,6.0142,3
37.73,-122.49,6.2642,2
37.37,-122.01,7.2165,2
36.67,-121.7,3.3456,5
38.91,-121.06,2.5373,5
33.95,-118.09,3.5583,1
33.54,-117.71,10.4415,0
34.06,-117.76,2.227,1
39.77,-121.6,2.3403,5
37.73,-122.45,3.2448,5
33.99,-118.19,2.4596,1
34.22,-119.17,4.1949,3
34.16,-118.16,6.07,3
37.59,-122.4,6.2306,2
33.8,-116.49,3.7396,1
37.0,-121.56,2.5387,5
38.06,-122.23,3.125,5
39.08,-120.98,3.0403,5
34.02,-118.47,2.7254,1
33.81,-118.09,5.0795,3
33.81,-116.43,3.5223,1
37.36,-121.92,3.1563,5
33.72,-116.33,7.4382,3
34.2,-118.51,4.0924,3
34.12,-118.07,4.2312,3
33.86,-118.07,3.7091,1
34.09,-117.95,2.8510000000000004,1
38.97,-122.7,3.2375,5
37.86,-122.28,2.5652,5
37.89,-122.1,5.2079,2
37.76,-122.44,3.9079,5
37.33,-120.74,2.1484,4
33.91,-118.32,3.6654,1
33.78,-117.78,10.1714,0
32.91,-117.11,7.5992,3
32.68,-117.04,4.0,1
34.2,-118.23,5.3925,3
37.93,-122.35,1.7865,5
34.08,-118.39,3.067,1
34.19,-118.8,8.6499,0
38.56,-121.45,4.0417,5
37.77,-122.42,2.7794,5
37.55,-122.26,4.7045,2
33.84,-118.15,3.75,1
33.85,-118.03,3.9156,1
37.56,-121.97,4.8052,2
37.78,-122.28,2.5139,5
33.66,-117.89,4.1372,3
33.78,-118.42,8.0957,0
37.73,-122.41,3.4231,5
32.7,-117.08,3.1786,1
34.0,-118.25,1.7237,1
37.74,-120.94,2.3469,5
40.15,-122.23,1.787,5
38.61,-120.44,3.5192,5
38.61,-121.28,2.7356,5
34.09,-118.18,3.3785,1
34.17,-119.17,3.5867,1
36.77,-119.81,3.4265,4
33.91,-118.11,3.8824,1
37.65,-121.77,7.3588,2
38.52,-122.85,3.6583,5
38.46,-122.58,3.3981,5
34.01,-118.42,4.7083,3
37.39,-122.08,2.8438,5
38.72,-121.3,2.2813,5
40.68,-122.36,2.0391,5
37.82,-122.22,11.8603,0
32.75,-117.11,1.6896,1
33.94,-118.32,4.0,1
33.79,-118.13,4.375,3
37.6,-122.06,5.8704,2
38.03,-121.35,4.1739,5
37.35,-121.86,2.8,5
34.11,-117.54,3.9241,1
34.03,-118.29,1.2875,1
34.02,-118.26,2.2356,1
37.37,-121.84,3.8571,5
37.65,-122.08,3.6818,5
38.74,-121.27,2.6065,5
37.6,-122.38,3.3632,5
34.03,-118.29,1.0219,1
34.02,-118.46,5.2571,3
33.93,-117.99,3.6458,1
39.68,-121.6,2.3958,5
34.1,-117.89,2.9437,1
37.8,-122.44,3.2447,5
33.9,-117.95,6.8429,3
33.99,-118.47,2.0714,1
38.63,-121.4,1.8571,5
33.96,-118.28,1.7656,1
37.92,-122.35,1.9224,5
34.05,-118.34,2.7409,1
33.47,-117.63,6.3369,3
37.44,-120.76,2.7562,5
33.81,-118.0,3.7059,1
37.78,-122.26,3.3438,5
38.86,-120.92,3.2027,5
37.61,-120.94,3.8372,5
36.97,-121.98,3.7273,5
36.28,-119.2,1.6840000000000002,4
33.83,-117.92,2.5564,1
38.75,-120.86,2.5625,5
37.51,-120.84,2.7243,5
39.16,-121.58,2.1111,5
37.65,-120.94,3.0577,5
37.4,-122.11,4.6591,2
32.79,-117.13,3.6458,1
34.57,-118.09,4.5266,3
34.17,-118.94,5.5681,3
38.28,-122.03,4.4882,2
33.97,-117.9,5.4155,3
33.74,-116.97,2.2161,1
37.38,-122.09,6.2884,2
33.71,-117.88,3.5551,1
33.86,-118.08,5.8733,3
38.91,-119.92,5.0718,2
38.6,-121.35,5.0997,2
34.16,-118.08,4.5461,3
33.54,-117.68,7.617999999999999,3
33.94,-117.47,3.0687,1
39.5,-121.52,3.2833,5
35.76,-119.14,2.5625,4
34.17,-118.44,3.2763,1
38.68,-121.3,5.2817,2
37.33,-121.77,7.5443,2
37.78,-122.17,3.875,5
37.72,-122.08,6.187,2
34.07,-118.35,4.0179,3
39.02,-122.99,3.45,5
33.95,-118.08,3.0944,1
37.74,-122.39,10.2264,0
34.22,-118.51,4.185,3
36.36,-119.25,5.8673,3
36.76,-119.89,4.1719,4
33.85,-117.93,3.875,1
33.85,-118.26,5.292999999999999,3
33.89,-117.88,3.6946,1
33.84,-116.55,5.7613,3
36.98,-122.02,1.9063,5
37.38,-122.26,7.8633,2
39.26,-120.01,2.6023,5
33.87,-117.89,3.0893,1
37.37,-120.62,3.968,5
38.14,-122.23,2.3056,5
34.08,-117.89,3.1949,1
37.36,-120.58,2.2179,4
38.59,-121.5,1.725,5
33.83,-118.29,4.1378,3
33.93,-117.44,4.375,3
36.43,-121.33,2.625,4
39.95,-120.9,3.5417,5
32.78,-117.08,4.625,3
37.79,-122.23,2.1917,5
34.04,-117.65,2.5048,1
38.3,-122.45,3.5507,5
34.15,-118.45,4.5656,3
40.61,-121.67,2.1513,5
37.94,-122.09,6.1922,2
39.16,-121.62,3.809,5
36.96,-120.04,1.3713,4
38.3,-122.31,3.9,5
33.71,-117.82,2.885,1
38.69,-121.79,2.8864,5
34.43,-119.75,3.3776,4
32.81,-117.24,6.5881,3
32.61,-117.07,2.1441,1
33.8,-118.32,4.0536,3
38.55,-121.5,5.2362,2
32.76,-117.06,2.965,1
38.46,-122.72,2.9073,5
39.22,-121.09,2.6042,5
34.16,-118.15,2.2765,1
33.97,-118.24,2.5833,1
33.65,-117.93,3.5179,1
37.78,-122.51,4.7328,2
35.34,-119.01,3.0208,4
38.68,-121.29,3.5444,5
33.82,-117.52,5.1365,3
34.1,-118.1,2.6553,1
39.17,-123.54,2.2946,5
36.82,-119.85,5.5405,2
37.27,-121.88,5.6895,2
35.2,-120.66,5.9676,2
34.2,-118.85,6.7612,3
36.57,-119.67,2.1908,4
34.09,-118.36,1.7558,1
34.12,-117.87,3.8571,1
37.34,-122.38,7.7773,2
37.33,-121.84,4.1146,2
33.93,-118.2,2.6339,1
40.77,-124.17,2.2227,5
33.98,-118.04,2.3182,1
33.86,-118.39,4.8971,3
38.02,-122.25,5.7001,2
37.75,-122.43,4.875,2
34.19,-118.44,2.6709,1
38.24,-122.61,3.4896,5
40.86,-124.09,1.1742,5
37.64,-122.06,4.1652,2
33.8,-117.94,2.8,1
34.02,-118.46,2.6639,1
38.64,-121.33,2.4342,5
33.26,-117.05,3.7644,1
33.86,-118.19,3.7031,1
37.92,-122.32,3.2674,5
33.83,-118.01,4.9803,3
34.27,-118.52,5.5649,3
34.09,-118.29,2.3317,1
37.7,-122.09,2.9861,5
38.34,-121.99,4.2137,5
37.66,-122.45,4.7755,2
40.57,-122.42,4.1099,5
33.98,-118.32,2.2396,1
33.7,-117.98,7.8195,3
39.05,-122.92,2.5457,5
37.94,-122.33,3.1571,5
37.45,-121.06,3.4464,5
32.83,-117.19,4.0114,1
38.65,-121.46,3.2039,5
33.05,-116.86,3.6348,1
33.82,-116.54,1.5595,1
37.58,-122.38,8.4704,2
37.37,-122.1,8.1064,2
34.09,-117.41,3.6466,1
37.84,-122.26,3.9643,5
36.95,-120.04,1.3594,4
34.0,-118.28,1.2065,1
34.2,-119.17,2.3077,1
33.62,-117.87,15.0001,0
37.26,-121.85,7.4323,2
37.76,-122.38,1.4886,5
37.76,-122.4,4.4375,2
37.56,-122.03,4.8962,2
34.07,-118.1,2.5104,1
34.44,-119.83,2.1389,4
38.57,-121.39,8.4016,2
37.86,-122.16,8.1586,2
37.38,-122.14,10.4277,0
33.68,-117.97,7.3731,3
36.79,-119.79,2.256,4
37.72,-122.4,3.8625,5
37.67,-121.87,5.5,2
35.63,-120.72,3.3472,4
34.2,-118.48,2.4375,1
34.31,-119.1,2.6786,1
37.29,-121.74,5.6411,2
37.54,-122.27,6.035,2
39.48,-121.54,1.8047,5
37.67,-121.79,6.0797,2
35.35,-119.02,2.2407,4
33.81,-116.47,2.4497,1
37.66,-120.96,4.2823,2
32.8,-117.28,3.5486,1
36.71,-119.25,2.2202,4
33.99,-118.09,3.5757,1
34.06,-118.31,2.0547,1
38.68,-121.32,3.5893,5
37.75,-122.41,2.5809,5
38.26,-122.02,3.6335,5
34.02,-118.42,4.9676,3
37.72,-121.93,4.4697,2
37.75,-121.45,4.6173,2
33.83,-117.56,5.4788,3
33.73,-118.32,7.6886,3
37.78,-122.44,2.943,5
33.74,-117.89,2.9167,1
37.22,-121.96,8.492,2
33.78,-118.28,3.2011,1
38.16,-121.22,3.475,5
37.76,-122.19,1.9479,5
34.01,-117.09,4.0556,1
34.41,-119.71,3.6823,4
33.78,-118.19,2.8533,1
38.51,-121.53,3.1607,5
37.44,-122.19,9.3198,0
33.96,-117.43,3.8682,1
33.98,-118.15,2.2813,1
37.66,-121.01,4.5,2
34.08,-118.37,3.2149,1
37.3,-122.0,7.218,2
37.71,-121.91,5.7233,2
34.13,-117.27,3.0721,1
33.77,-117.97,2.9414,1
38.33,-122.7,3.0078,5
33.66,-117.99,4.6591,3
33.94,-118.24,2.0,1
33.82,-117.93,3.0179,1
38.56,-121.34,2.9896,5
34.1,-118.29,3.5172,1
34.52,-117.2,3.925,1
34.24,-119.04,5.9316,3
33.78,-117.84,4.25,3
38.54,-121.46,1.5292,5
33.55,-117.69,8.3275,0
41.73,-122.64,2.2206,5
34.13,-118.06,3.6341,1
33.96,-118.3,3.9722,1
33.77,-117.94,4.5052,3
38.92,-121.05,3.3021,5
33.93,-118.23,0.8478,1
33.76,-118.14,3.901,1
36.86,-120.45,2.3523,4
37.63,-121.03,3.0398,5
33.96,-118.25,1.6585,1
34.02,-118.39,3.5909,1
37.76,-122.42,3.5052,5
37.82,-122.25,5.0917,2
34.22,-119.18,3.9063,1
32.68,-117.09,2.2201,1
32.75,-117.1,1.4375,1
34.15,-118.35,9.042,0
33.93,-116.93,2.0549,1
32.75,-117.18,8.603,0
34.19,-118.13,4.7269,3
33.56,-116.72,2.355,1
32.59,-117.05,4.2679,3
33.93,-118.37,4.4861,3
33.99,-118.29,2.5547,1
38.65,-121.38,3.1858,5
37.8,-122.26,2.0096,5
33.95,-117.46,3.6979,1
33.65,-117.91,4.1029,3
40.93,-123.88,3.2891,5
37.26,-121.88,3.8047,5
34.43,-119.72,2.5139,4
38.51,-121.55,3.9,5
37.66,-122.46,5.3398,2
38.63,-121.44,1.6343,5
34.23,-118.26,4.5759,3
34.43,-119.68,3.5208,4
34.11,-118.06,2.7656,1
37.23,-122.0,9.0704,2
39.17,-120.15,2.9125,5
34.13,-118.08,3.5671,1
34.09,-118.42,15.0001,0
37.39,-122.0,5.7962,2
34.02,-118.33,2.1979,1
34.53,-117.25,4.1333,3
33.81,-118.2,3.4808,1
37.75,-122.19,1.3194,5
33.78,-117.87,4.7208,3
34.56,-118.08,4.5615,3
34.29,-118.44,3.1588,1
33.79,-118.25,2.7308,1
33.71,-117.95,3.4133,1
33.97,-118.46,10.0,0
32.7,-117.18,3.6759,1
37.73,-122.18,2.455,5
34.13,-118.6,9.1232,0
35.63,-117.76,3.9261,1
34.27,-119.3,1.6007,1
38.92,-122.59,2.1953,5
37.73,-122.14,4.6042,2
33.89,-118.22,2.7434,1
34.13,-117.29,1.5156,1
36.21,-119.34,0.8229,4
32.63,-117.13,8.7991,0
34.08,-117.96,3.1912,1
33.66,-117.69,6.9501,3
38.31,-122.67,3.7875,5
33.94,-116.97,3.0432,1
38.3,-122.3,2.7619,5
32.8,-117.05,3.7167,1
33.72,-117.8,4.821000000000001,3
37.85,-122.47,2.9145,5
32.8,-117.07,3.9828,1
33.93,-118.25,3.2917,1
36.78,-119.83,2.5223,4
34.3,-118.46,4.0337,3
32.82,-117.17,2.7401,1
34.03,-118.14,4.1375,3
33.89,-118.14,4.1708,3
34.11,-117.91,3.525,1
33.77,-118.03,3.0,1
37.86,-121.61,3.691,5
36.22,-119.35,1.4429,4
33.46,-116.99,2.83,1
33.62,-117.86,7.9367,3
38.34,-121.97,4.5568,2
34.03,-117.78,6.0191,3
33.21,-117.23,4.125,3
41.86,-123.26,2.7222,5
33.97,-118.09,4.1389,3
34.24,-118.24,7.585,3
37.36,-121.9,2.7333,5
37.82,-122.27,1.5045,5
33.88,-118.29,3.0739,1
37.8,-122.28,0.75,5
33.79,-118.2,2.0675,1
37.62,-122.54,4.4286,2
34.08,-118.31,2.2422,1
38.56,-121.46,2.9191,5
36.96,-119.95,2.6087,4
37.49,-120.82,3.5547,5
33.95,-118.19,2.7206,1
34.41,-117.51,3.7361,1
33.92,-118.39,5.25,3
37.43,-122.11,7.3023,2
34.24,-117.3,3.5625,1
34.03,-118.45,3.7813,1
33.88,-117.81,5.3339,3
33.94,-117.23,3.5851,1
33.91,-118.12,3.0,1
34.44,-118.55,6.3277,3
33.88,-118.2,3.2368,1
34.16,-118.46,4.4423,3
34.83,-114.6,2.1908,1
38.43,-121.39,5.4445,2
38.33,-122.32,5.0877,2
40.81,-124.23,3.3462,5
34.15,-117.68,6.7813,3
37.34,-121.94,3.1429,5
39.23,-121.09,2.7813,5
34.05,-118.22,1.9402,1
33.92,-118.3,3.0139,1
37.3,-121.95,3.7188,5
34.03,-117.74,3.4609,1
34.1,-118.4,15.0001,0
33.8,-118.13,4.4312,3
33.76,-117.98,4.4545,3
34.16,-118.1,5.3272,3
40.63,-122.23,2.3287,5
34.13,-117.23,1.645,1
33.18,-117.28,2.1205,1
33.82,-118.28,4.174,3
37.35,-121.87,3.2793,5
37.74,-122.27,3.6875,5
33.96,-117.39,3.2917,1
34.15,-117.26,3.5978,1
33.95,-118.02,4.1080000000000005,3
34.04,-118.37,4.0781,3
33.65,-117.83,4.1103,3
34.34,-119.22,2.9821,1
33.71,-118.29,3.1071,1
37.81,-122.3,1.8516,5
33.66,-117.84,3.7857,1
33.16,-117.34,2.25,1
34.05,-118.34,3.1944,1
37.33,-121.81,7.2982,2
37.44,-122.16,4.2972,2
33.72,-117.99,3.628,1
34.23,-118.24,6.01,3
37.29,-121.82,5.0225,2
34.91,-120.42,3.2135,4
32.69,-117.06,4.8875,3
33.64,-117.91,4.8098,3
34.11,-117.43,2.7757,1
34.08,-118.3,1.5685,1
35.06,-119.4,2.9187,4
33.83,-117.99,5.2657,3
32.75,-116.98,2.9886,1
38.59,-121.32,3.6817,5
34.23,-116.62,1.6136,1
34.13,-118.43,8.2954,0
37.39,-122.01,3.5586,5
32.79,-116.98,3.8667,1
38.51,-121.55,6.5253,2
33.18,-117.29,2.7644,1
38.59,-121.54,2.0368,5
34.27,-118.47,5.7410000000000005,3
37.72,-122.48,3.2321,5
33.77,-118.02,5.1507,3
34.12,-117.66,6.1195,3
38.55,-121.73,2.7917,5
37.95,-122.01,6.0901,2
37.33,-121.93,3.575,5
33.83,-118.27,4.35,3
37.72,-122.4,4.2672,2
32.67,-117.09,2.0972,1
33.79,-117.92,3.1726,1
37.69,-122.17,4.7609,2
33.97,-118.26,1.9556,1
37.84,-122.27,2.1806,5
37.66,-120.97,2.0227,5
33.83,-117.92,5.0275,3
37.62,-120.95,3.7041,5
35.5,-119.28,2.4044,4
36.75,-119.69,4.7463,4
35.67,-119.24,2.0025,4
33.77,-117.62,4.6369,3
34.12,-117.88,4.1836,3
32.73,-117.03,3.5861,1
33.92,-117.99,4.061,3
34.16,-118.03,6.6888,3
33.89,-118.14,4.9107,3
33.87,-118.17,3.765,1
37.93,-121.27,2.125,5
34.0,-118.07,2.63,1
38.34,-120.98,3.5508,5
33.68,-117.79,5.7858,3
38.79,-121.51,2.9324,5
36.95,-121.87,4.9219,2
37.83,-122.25,3.4722,5
33.97,-118.03,2.593,1
34.1,-118.35,3.358,1
33.92,-118.21,3.2976,1
33.93,-118.35,3.5139,1
33.87,-117.95,4.4784,3
34.41,-119.69,2.6103,4
34.18,-118.45,3.6019,1
34.14,-118.26,2.5388,1
34.08,-117.33,3.75,1
37.61,-121.02,1.7104,5
37.94,-122.33,2.8833,5
32.81,-116.94,2.136,1
33.82,-118.27,5.2287,3
34.22,-118.42,4.1857,3
38.12,-121.26,1.8575,5
36.92,-121.77,3.5,5
34.25,-118.5,6.155,3
32.8,-117.13,3.7237,1
32.69,-117.09,3.1833,1
33.95,-118.21,1.7778,1
33.44,-117.61,6.5954,3
37.38,-120.73,2.8698,5
34.02,-117.95,3.875,1
32.69,-117.18,5.1009,3
37.56,-122.29,5.0353,2
34.0,-117.97,3.8319,1
33.14,-117.21,2.8586,1
34.06,-117.16,1.8152,1
39.23,-121.2,5.2359,2
37.95,-122.36,1.5139,5
33.63,-117.68,3.929,1
36.97,-122.02,1.6642,5
34.19,-118.48,3.8833,1
37.79,-122.43,5.8543,2
37.33,-121.29,4.0,5
34.19,-118.34,2.875,1
38.43,-122.58,3.9375,5
37.3,-121.97,4.8542,2
33.97,-118.33,2.5363,1
37.37,-120.6,4.6667,2
34.19,-118.44,2.4583,1
34.14,-117.94,5.4110000000000005,3
33.85,-117.8,5.806,3
37.97,-121.28,1.65,5
34.35,-119.74,5.0,3
33.73,-117.74,4.1167,3
32.76,-116.99,4.625,3
37.76,-122.42,2.5701,5
33.89,-118.07,3.0777,1
33.98,-117.11,2.7344,1
37.97,-121.31,5.1915,2
34.05,-117.33,1.3977,1
36.98,-120.63,2.0595,4
37.4,-121.84,6.8677,2
35.34,-119.01,1.5625,4
39.13,-122.87,1.6369,5
34.72,-118.14,4.625,3
35.42,-119.05,2.325,4
40.5,-124.1,1.7574,5
34.0,-118.25,1.4792,1
38.43,-121.22,4.5368,2
36.8,-119.68,4.2066,4
38.51,-121.47,3.625,5
38.45,-122.74,4.0798,5
38.26,-121.99,6.0842,2
34.15,-118.16,6.6031,3
33.83,-118.36,5.1984,3
34.14,-118.15,2.3,1
37.95,-122.09,6.0265,2
32.79,-117.0,3.4773,1
37.98,-120.35,3.5714,5
34.06,-118.37,3.3438,1
34.08,-117.96,2.2679,1
35.39,-119.11,3.25,4
38.61,-121.45,0.9379,5
34.24,-118.44,3.725,1
34.04,-117.2,5.9915,3
34.89,-117.0,2.99,1
33.96,-118.41,4.1471,3
38.01,-121.93,5.3363,2
33.89,-118.3,3.0329,1
33.94,-118.03,4.3542,3
40.57,-122.34,2.0395,5
34.16,-118.33,3.4016,1
33.92,-118.41,5.2338,3
37.81,-122.12,7.6717,2
33.91,-118.32,4.2083,3
33.94,-118.04,4.625,3
35.37,-119.01,1.8801,4
36.35,-119.64,2.8125,4
37.38,-122.05,5.4351,2
34.09,-118.33,2.1403,1
38.28,-121.29,4.8073,2
32.68,-117.05,3.5664,1
38.41,-122.56,5.93,2
33.75,-117.87,1.7019,1
38.74,-120.83,2.2269,5
34.04,-118.3,1.7109,1
32.84,-116.9,2.7069,1
33.64,-117.64,6.1935,3
39.73,-121.85,0.9393,5
34.22,-118.4,3.6591,1
33.11,-117.31,4.1282,3
36.58,-119.9,2.4814,4
36.81,-119.79,3.069,4
37.99,-121.71,3.3558,5
32.83,-117.14,2.2284,1
33.89,-118.12,2.9293,1
37.96,-121.27,1.275,5
35.38,-119.11,2.9453,4
37.8,-122.42,4.4712,2
33.01,-117.07,5.1998,3
33.8,-118.35,5.9541,3
33.12,-117.07,2.4122,1
33.98,-118.33,1.8806,1
38.29,-122.77,3.2442,5
37.75,-122.17,1.9821,5
36.78,-119.84,1.3385,4
34.02,-117.94,3.871,1
33.94,-117.91,6.3433,3
33.92,-118.01,5.273,3
37.7,-121.44,6.0389,2
34.17,-118.33,2.4730000000000003,1
34.02,-118.31,1.6955,1
33.81,-118.36,4.7026,3
37.97,-122.04,2.5841,5
33.97,-118.35,3.8056,1
37.3,-121.75,2.5052,5
37.7,-120.92,1.6172,5
33.04,-117.01,7.7684,3
34.05,-118.78,6.83,3
34.01,-118.11,2.2042,1
37.77,-122.21,2.3309,5
33.98,-118.25,2.5637,1
36.69,-121.62,2.5986,5
34.03,-118.19,3.2639,1
37.75,-121.42,3.5242,5
37.81,-122.25,3.1691,5
34.2,-118.42,1.9549,1
34.13,-118.13,4.8304,3
37.89,-122.27,5.3989,2
34.07,-118.01,2.9334,1
34.44,-119.77,2.4717,4
32.96,-116.99,4.8854,3
33.81,-117.97,4.485,3
33.12,-117.08,1.875,1
33.54,-117.78,2.2969,1
33.8,-118.31,3.7167,1
37.68,-120.98,3.1848,5
34.07,-118.33,15.0001,0
34.42,-119.71,2.2097,4
37.71,-122.48,6.1278,2
38.9,-120.0,1.9727,5
33.89,-118.19,2.0357,1
39.09,-121.66,4.45,2
37.83,-122.26,2.5898,5
32.76,-117.12,2.1856,1
33.83,-117.86,5.3439,3
39.15,-123.21,2.55,5
32.72,-117.25,6.5319,3
35.34,-119.02,3.4286,4
34.97,-120.42,4.125,4
33.75,-117.86,2.9271,1
34.24,-118.61,6.0137,3
35.37,-118.93,2.6903,4
34.13,-117.25,3.0,1
37.66,-122.42,4.125,2
34.06,-118.27,1.5885,1
34.12,-118.06,4.5667,3
38.93,-119.96,2.83,5
37.46,-121.88,10.9722,0
34.2,-118.51,4.1806,3
32.8,-115.57,4.5714,3
32.74,-117.16,3.06,1
34.07,-118.15,3.2875,1
37.89,-122.28,4.125,5
33.87,-118.04,6.299,3
34.16,-118.06,4.8214,3
33.46,-117.65,6.0873,3
37.51,-122.26,2.7075,5
33.99,-118.3,2.5437,1
34.09,-118.03,2.8029,1
34.26,-118.74,5.4091,3
33.99,-117.95,6.8492,3
32.75,-117.28,2.2328,1
34.15,-117.83,8.0683,3
34.04,-117.64,2.4716,1
33.83,-118.17,4.8693,3
32.58,-117.11,2.5988,1
40.61,-123.41,1.7875,5
37.93,-122.35,2.3352,5
37.83,-122.27,1.0972,5
33.91,-118.1,2.6397,1
34.13,-118.23,2.975,1
38.71,-121.23,4.8542,2
37.81,-121.98,5.5921,2
33.99,-118.12,2.4219,1
34.15,-118.04,3.3621,1
34.08,-119.0,5.4346,3
36.61,-121.83,3.4531,5
37.64,-122.41,4.4464,2
34.19,-118.37,2.1,1
33.62,-117.91,4.4063,3
32.85,-116.93,3.1142,1
38.58,-121.48,2.01,5
34.16,-118.27,4.3438,3
38.49,-122.18,3.3393,5
39.12,-121.6,1.3348,5
37.24,-121.85,5.1228,2
33.95,-118.02,3.4886,1
37.81,-121.24,3.5595,5
34.12,-119.16,3.6167,1
37.35,-121.85,2.7562,5
37.96,-122.35,2.5461,5
32.75,-117.06,3.0208,1
32.76,-117.02,3.11,1
32.72,-117.14,1.6156,1
34.01,-118.18,2.6364,1
34.4,-119.88,2.2647,4
38.67,-121.34,3.0417,5
34.16,-118.51,5.4609,3
34.19,-118.39,3.0491,1
34.2,-118.62,5.0025,3
37.93,-120.13,1.675,4
34.27,-118.42,3.225,1
33.78,-117.95,3.9536,1
36.86,-120.51,2.4414,4
34.08,-118.34,5.5871,3
33.94,-118.36,2.3125,1
34.05,-118.34,2.2725,1
34.64,-120.45,3.0352,4
34.14,-118.16,7.4817,3
32.8,-117.2,3.8542,1
34.35,-119.73,4.375,3
32.71,-117.1,1.75,1
33.78,-117.89,2.8835,1
37.92,-122.32,5.0187,2
34.43,-119.88,3.75,4
32.74,-116.99,3.9844,1
33.49,-117.67,2.1935,1
36.28,-119.16,4.4,4
38.0,-122.31,4.3333,2
33.99,-118.36,4.1375,3
33.88,-118.23,3.0417,1
33.88,-118.32,4.3036,3
34.11,-118.01,4.2132,3
37.71,-122.48,5.1149,2
34.19,-118.31,3.7015,1
33.65,-117.98,4.2159,3
37.29,-121.93,3.9625,5
33.97,-118.16,1.9063,1
33.79,-116.48,2.6298,1
34.11,-117.38,3.1375,1
39.34,-122.05,2.875,5
34.01,-118.08,2.5969,1
32.97,-117.08,5.4584,3
34.07,-118.07,3.5156,1
34.9,-117.01,2.3077,1
33.22,-117.22,3.3882,1
34.0,-118.35,6.431,3
34.46,-117.12,2.6827,1
34.02,-118.28,0.4999,1
36.83,-119.76,4.5179,4
34.04,-118.12,4.0938,3
38.55,-121.39,1.9044,5
34.1,-117.65,2.7159,1
34.02,-118.48,2.5261,1
33.89,-118.41,5.0497,3
36.23,-118.74,2.6447,4
40.2,-122.19,3.5305,5
33.78,-118.17,1.9647,1
38.03,-121.65,3.4402,5
34.15,-118.09,2.2321,1
34.0,-118.47,4.2813,3
33.61,-117.12,4.3651,3
37.33,-121.98,5.121,2
32.8,-117.23,2.6403,1
35.41,-119.04,1.3587,4
34.06,-117.18,1.3021,1
38.6,-120.76,2.5865,5
34.25,-119.03,6.196000000000001,3
37.77,-122.19,3.5114,5
33.84,-118.01,4.5,3
33.9,-118.22,1.7262,1
33.36,-115.91,0.922,1
32.73,-117.1,2.2375,1
36.81,-119.73,2.7778,4
37.56,-121.09,2.6705,5
32.74,-117.12,3.2708,1
38.57,-121.47,1.9034,5
39.44,-123.79,3.5,5
33.86,-118.17,2.3804,1
32.65,-117.07,3.4701,1
34.01,-117.37,3.6415,1
37.76,-122.19,0.7683,5
37.9,-122.05,4.8088,2
37.97,-122.01,5.3794,2
38.6,-121.3,3.3926,5
38.0,-122.13,2.5481,5
37.67,-122.13,3.8676,5
36.2,-119.31,3.1453,4
39.44,-121.55,1.7727,5
33.78,-118.05,8.7015,0
37.54,-121.93,6.629,2
32.56,-117.05,1.9875,1
37.03,-122.03,5.6233,2
33.97,-118.25,1.1635,1
34.3,-118.54,8.2159,0
34.05,-117.74,2.1141,1
37.94,-121.3,1.3417,5
38.61,-121.37,3.7569,5
38.23,-120.34,3.75,5
36.32,-119.25,2.75,4
32.76,-117.1,2.9286,1
33.72,-117.9,3.6875,1
37.81,-121.21,5.0369,2
33.83,-118.04,4.6681,3
34.21,-117.12,4.5972,3
34.87,-120.41,5.062,3
38.66,-121.3,3.712,5
38.01,-121.8,2.7234,5
33.18,-117.24,5.0195,3
38.03,-121.3,4.0227,5
38.32,-122.32,5.0,2
33.84,-117.95,3.4028,1
33.9,-118.13,3.9038,1
34.43,-119.68,2.9896,4
38.53,-121.44,2.3272,5
37.75,-122.23,3.9632,5
38.54,-120.79,2.05,5
34.17,-118.3,2.6016,1
37.34,-122.01,6.3052,2
34.13,-117.31,1.9286,1
37.62,-121.01,1.8167,5
33.92,-118.04,3.4907,1
34.09,-118.27,4.1667,3
38.55,-121.75,4.7308,2
34.21,-118.86,4.1576,3
33.99,-118.04,3.6475,1
37.44,-121.9,6.6086,2
38.54,-123.02,3.2315,5
33.74,-117.88,2.5224,1
34.22,-118.24,4.1523,3
33.82,-118.28,5.3849,3
39.13,-122.09,2.331,5
37.96,-120.39,2.1094,5
38.49,-122.94,2.7072,5
36.83,-119.82,5.3241,2
33.65,-117.96,7.0151,3
37.44,-121.9,5.0821,2
36.95,-122.04,4.4567,2
37.57,-122.34,8.2598,2
34.64,-120.46,1.9444,4
34.93,-120.43,3.285,4
34.11,-117.23,2.5875,1
33.79,-117.85,3.6827,1
37.36,-121.96,4.2837,2
37.72,-122.46,3.2875,5
33.93,-117.44,4.6327,3
33.99,-117.96,5.2852,3
34.02,-118.21,1.3615,1
34.15,-117.23,4.6445,3
33.95,-118.04,5.2162,3
37.96,-122.53,3.9917,5
37.06,-121.96,6.3258,2
33.9,-117.87,6.8268,3
36.79,-119.69,4.0993,4
34.02,-117.31,5.2139,3
36.67,-121.61,2.5224,5
34.4,-119.05,2.6991,1
34.04,-118.45,3.6673,1
37.98,-122.03,3.4531,5
37.78,-122.21,2.3125,5
33.95,-118.3,1.5898,1
40.6,-122.37,2.4079,5
32.99,-117.23,15.0001,0
33.69,-117.96,6.091,3
37.37,-122.01,4.1847,2
32.62,-116.98,4.7068,3
34.06,-117.75,2.0156,1
33.89,-118.4,7.9611,3
34.25,-118.29,3.0795,1
32.61,-117.06,2.5625,1
34.65,-120.47,4.2875,4
33.86,-118.38,6.3021,3
37.98,-122.0,5.1118,2
37.94,-121.23,1.125,5
33.88,-118.18,3.1713,1
37.78,-122.43,2.105,5
34.07,-118.36,3.4265,1
33.94,-118.2,3.7361,1
34.03,-117.95,3.7578,1
38.83,-122.21,3.1534,5
33.88,-118.37,5.5335,3
38.11,-122.23,4.0,5
33.65,-117.6,6.2464,3
37.81,-122.3,1.1667,5
32.68,-117.05,3.9922,1
37.69,-122.49,4.7391,2
36.91,-121.76,1.9609,5
34.1,-117.92,4.375,3
37.78,-122.45,3.1576,5
35.34,-118.88,2.1111,4
38.41,-121.38,4.7557,2
32.81,-117.16,3.6806,1
33.96,-118.29,1.4868,1
34.09,-118.23,2.6923,1
34.08,-117.74,3.4398,1
38.11,-121.28,3.8825,5
34.05,-118.1,3.756,1
33.9,-118.25,2.4271,1
37.99,-122.06,1.8229,5
38.57,-121.5,2.1719,5
36.3,-119.33,4.9464,4
37.16,-122.12,5.1664,2
33.85,-118.13,4.6019,3
33.89,-118.0,5.0384,3
34.11,-118.38,7.1134,3
37.94,-121.94,6.2296,2
37.81,-122.29,0.4999,5
37.9,-122.29,4.4286,2
37.66,-122.1,4.6875,2
34.7,-120.43,3.87,4
38.01,-121.82,1.5988,5
35.48,-120.65,3.225,4
38.43,-121.83,2.2244,5
32.77,-117.0,2.8125,1
38.65,-120.97,4.0714,5
37.67,-120.98,3.65,5
39.11,-121.56,2.3011,5
33.62,-117.86,10.1989,0
33.77,-118.18,2.5726,1
34.26,-118.31,3.0583,1
37.54,-122.31,4.0726,5
37.64,-118.98,3.05,4
33.98,-118.29,1.0516,1
34.32,-119.39,4.8472,3
34.18,-118.55,5.0605,3
37.26,-122.04,7.8627,2
34.4,-119.85,2.1652,4
38.95,-121.19,4.5129,2
34.16,-118.32,4.3173,3
37.77,-122.44,3.2239,5
34.2,-118.57,3.1818,1
34.21,-118.58,4.0313,3
37.79,-122.44,5.3124,2
33.51,-117.67,4.0388,1
39.82,-121.63,2.6147,5
34.09,-118.25,2.6336,1
33.72,-117.86,3.5511,1
39.14,-121.62,1.6902,5
33.45,-117.65,5.49,3
35.16,-118.51,4.625,3
38.02,-122.09,3.8824,5
37.38,-121.79,5.3774,2
33.91,-118.27,2.625,1
37.8,-122.21,3.0812,5
34.1,-117.9,4.5655,3
34.26,-118.49,4.6591,3
37.74,-122.43,4.7437,2
33.98,-118.23,1.9929,1
34.06,-117.85,7.5286,3
34.21,-117.1,4.5268,3
37.71,-122.46,4.1406,2
33.82,-117.89,3.6761,1
32.81,-117.24,5.4103,3
34.08,-117.48,3.915,1
37.92,-122.31,4.1587,2
36.7,-121.66,3.4222,5
34.09,-118.23,2.0476,1
33.84,-117.88,5.1782,3
37.87,-122.51,2.862,5
38.57,-121.49,1.2209,5
34.13,-117.87,3.12,1
38.88,-121.06,4.2917,5
37.1,-121.87,7.5755,2
33.85,-117.55,4.8686,3
39.78,-121.86,3.0905,5
37.3,-121.98,4.6312,2
37.71,-122.08,5.0519,2
33.65,-117.92,3.4417,1
37.89,-122.07,4.3864,2
33.91,-117.91,5.0096,3
34.18,-118.29,3.9041,1
33.96,-118.26,1.7167,1
33.79,-117.8,4.3269,3
33.82,-117.91,2.3843,1
37.79,-121.27,2.7083,5
34.4,-119.79,9.6885,0
33.75,-117.93,3.5967,1
37.65,-122.08,2.7694,5
33.91,-118.13,4.4948,3
37.74,-122.42,2.9911,5
38.41,-121.37,3.5625,5
33.96,-118.04,3.225,1
37.81,-122.27,1.1667,5
33.94,-118.09,3.8542,1
38.02,-121.34,5.1202,2
33.83,-118.36,5.9143,3
37.68,-121.92,7.2211,2
33.84,-118.38,6.0382,3
34.19,-118.15,2.3967,1
34.07,-117.74,3.0294,1
33.74,-117.9,3.0833,1
34.01,-118.13,2.075,1
38.26,-121.56,2.9744,5
38.11,-121.27,3.8672,5
34.2,-118.65,6.9223,3
34.07,-118.23,1.9722,1
37.74,-122.4,2.59,5
36.96,-122.03,3.52,5
34.04,-118.19,1.9688,1
38.03,-122.25,5.6293,2
34.06,-118.16,5.827999999999999,3
34.03,-118.4,8.1484,0
34.05,-118.27,2.7634,1
37.54,-122.29,5.0081,2
38.34,-122.47,4.3472,2
34.59,-117.42,1.7567,1
32.8,-117.03,4.3281,3
37.31,-121.92,5.2769,2
33.98,-117.34,1.7579,1
34.18,-118.42,3.1551,1
37.98,-121.7,5.1041,2
34.04,-118.28,2.1806,1
37.37,-121.82,4.4167,2
34.0,-118.15,3.1406,1
32.7,-117.02,5.1769,3
33.51,-117.74,7.8239,3
33.03,-117.27,3.5313,1
34.1,-118.28,3.0958,1
39.46,-123.84,2.5192,5
34.15,-118.4,3.0398,1
33.91,-118.33,3.5903,1
34.15,-117.24,6.0,3
38.91,-120.01,2.0938,5
38.44,-121.27,5.8831,2
33.94,-118.22,3.0903,1
37.31,-122.02,6.3197,2
37.68,-121.04,2.0272,5
34.12,-117.54,5.1333,3
35.11,-120.61,3.3062,4
39.51,-122.22,2.1,5
37.71,-122.45,3.9167,5
33.79,-118.22,2.3,1
34.02,-118.06,5.2557,3
34.03,-118.47,3.7381,1
37.7,-122.15,3.5547,5
33.14,-117.22,5.0123,3
33.81,-118.32,4.7062,3
39.8,-121.57,2.1912,5
38.02,-121.84,0.536,5
34.06,-117.87,10.1248,0
38.65,-121.32,3.0952,5
33.96,-118.17,2.5556,1
36.85,-119.69,4.5398,4
37.99,-122.04,3.2,5
34.64,-120.47,3.071,4
37.84,-122.25,3.12,5
34.83,-117.15,3.099,1
37.71,-121.73,3.9864,5
33.97,-117.36,2.7596,1
34.09,-118.29,1.7514,1
33.81,-117.76,7.1193,3
36.68,-121.8,3.0,5
36.6,-119.44,2.0417,4
37.76,-122.17,1.9356,5
41.88,-123.83,3.13,5
32.84,-116.28,2.5179,1
33.83,-118.01,2.5577,1
33.9,-117.44,4.2788,3
32.79,-117.2,5.0958,3
33.75,-117.9,3.7143,1
39.61,-121.39,2.8871,5
34.15,-118.25,2.2621,1
37.62,-121.02,1.6731,5
37.8,-122.43,4.199,2
38.48,-121.45,3.5402,5
33.71,-117.97,5.3737,3
33.73,-117.88,4.5726,3
33.84,-117.91,3.125,1
34.24,-118.42,4.5833,3
40.57,-122.36,2.184,5
33.9,-117.33,5.1512,3
33.55,-117.69,6.8007,3
34.06,-117.29,4.5066,3
36.58,-121.88,4.0432,2
34.28,-118.75,4.6908,3
38.75,-121.27,2.5083,5
32.75,-117.12,2.1394,1
33.74,-117.0,2.1103,1
33.96,-118.36,2.7284,1
40.54,-122.35,2.71,5
37.86,-122.27,2.5417,5
33.77,-118.0,3.4327,1
35.97,-119.42,2.3516,4
34.11,-118.22,5.2083,3
40.58,-122.4,2.7857,5
37.62,-121.03,2.8194,5
32.7,-117.14,1.5729,1
37.37,-122.21,8.2883,2
33.67,-116.29,5.6918,3
37.31,-122.04,6.2045,2
37.7,-122.13,3.9032,5
32.75,-115.5,3.4107,1
37.93,-122.42,4.016,5
39.56,-120.92,1.875,5
37.67,-121.32,4.3015,2
34.02,-118.42,3.4269,1
37.73,-122.49,5.1991,2
37.86,-122.24,7.8521,2
34.1,-118.35,2.8036,1
37.74,-122.41,4.1417,2
37.96,-122.0,4.5833,2
33.77,-117.81,7.2392,3
37.33,-121.96,4.2136,2
34.15,-118.62,7.9814,0
36.79,-119.74,2.1573,4
37.64,-120.96,3.625,5
33.68,-117.78,4.6793,3
34.42,-118.46,4.7007,3
37.87,-122.28,1.9805,5
33.88,-118.38,4.75,3
37.7,-122.16,4.4375,2
35.41,-120.65,4.1875,4
36.34,-119.31,2.1602,4
33.03,-117.07,5.09,3
34.16,-118.25,4.9135,3
37.94,-122.02,4.125,5
37.3,-122.04,6.6818,2
34.09,-118.53,8.1888,0
36.61,-119.26,2.5417,4
34.18,-118.38,2.4792,1
33.83,-117.93,3.375,1
37.66,-122.04,6.3501,2
33.81,-118.04,5.8527,3
38.71,-121.27,4.4609,2
33.66,-117.82,6.4238,3
37.61,-120.99,1.2857,5
38.58,-121.53,2.1213,5
33.97,-117.41,3.0694,1
38.01,-122.12,3.9519,5
34.02,-117.67,4.8906,3
36.68,-121.62,2.4884,5
37.08,-122.07,6.0809,2
34.19,-118.15,3.6094,1
37.77,-122.3,2.6447,5
34.04,-118.47,4.516,3
34.0,-117.34,3.175,1
34.09,-117.98,3.5,1
37.72,-122.13,3.8393,5
38.56,-121.46,3.3348,5
36.7,-120.0,2.6852,4
35.6,-117.68,6.0532,3
39.12,-121.63,4.3864,5
34.7,-119.31,3.3438,4
33.94,-117.95,4.45,3
34.12,-117.21,3.6853,1
37.29,-120.31,1.5938,4
33.58,-117.66,7.5196,3
38.93,-119.99,2.9091,5
37.8,-122.43,4.0417,5
37.32,-121.89,3.2317,5
38.48,-121.42,1.9657,5
35.4,-119.47,1.9718,4
36.74,-119.77,1.8667,4
33.69,-117.91,5.2815,3
34.12,-117.3,2.2019,1
34.02,-118.13,2.9044,1
34.22,-118.56,4.3194,3
34.09,-117.65,4.3958,3
36.72,-119.77,1.4427,4
38.7,-123.24,2.7171,5
34.03,-118.43,3.6467,1
37.59,-120.69,2.3906,5
34.07,-118.43,10.3467,0
33.84,-118.18,2.9798,1
37.76,-122.51,3.2792,5
34.0,-117.41,1.9052,1
34.0,-118.24,0.9463,1
38.56,-121.47,1.7328,5
34.16,-118.95,6.541,3
33.69,-117.88,5.2138,3
37.93,-122.66,4.1792,2
35.33,-119.07,3.406,4
34.23,-118.51,7.2772,3
33.7,-117.79,5.1741,3
37.8,-122.41,1.8295,5
37.34,-122.02,6.448,2
39.77,-121.6,1.875,5
38.21,-121.32,3.6398,5
34.32,-118.47,4.8988,3
33.96,-118.26,1.5303,1
33.65,-117.65,6.7543,3
35.1,-120.3,4.5461,4
33.8,-117.9,4.375,3
34.44,-117.22,2.6576,1
33.96,-118.25,2.0323,1
37.77,-122.45,3.3679,5
33.94,-117.4,3.5865,1
37.98,-121.27,2.6812,5
33.77,-118.2,2.2344,1
36.86,-121.51,2.625,5
40.8,-124.17,0.957,5
34.54,-117.36,3.0357,1
34.02,-118.4,3.116,1
37.48,-122.21,3.0147,5
33.85,-118.26,5.542000000000001,3
34.02,-118.88,7.7848,3
33.98,-118.11,3.3942,1
37.57,-122.31,4.1875,2
37.64,-122.07,2.5158,5
32.65,-117.03,7.6344,3
37.88,-122.27,3.0132,5
36.32,-119.33,3.5313,4
33.84,-117.94,3.6214,1
39.23,-121.07,1.9886,5
33.73,-117.94,5.2563,3
37.56,-122.33,3.4902,5
32.57,-117.1,2.3253,1
38.92,-121.1,3.0321,5
33.84,-118.29,4.7393,3
35.1,-117.98,4.5724,3
37.8,-122.19,4.0114,5
35.38,-119.12,4.4196,3
38.29,-122.28,2.2366,5
33.13,-117.06,2.8015,1
37.68,-120.97,4.7159,2
38.62,-121.37,1.6678,5
34.35,-117.31,5.0198,3
33.96,-118.21,2.3241,1
37.24,-121.82,6.0538,2
33.88,-117.97,6.2427,3
33.84,-117.95,3.75,1
39.27,-120.83,3.67,5
34.49,-119.14,7.75,0
34.05,-118.39,6.6368,3
37.62,-122.42,4.4091,2
37.99,-121.33,2.5,5
33.62,-117.93,4.5658,3
37.52,-122.3,8.1039,2
35.3,-118.91,2.7845,4
34.04,-118.08,4.7222,3
33.97,-118.14,3.0114,1
37.23,-121.91,6.0712,2
33.54,-117.75,5.0907,3
33.86,-118.04,7.2628,3
37.95,-122.47,3.9712,5
34.12,-118.09,5.4536,3
32.75,-117.13,2.2264,1
37.74,-121.13,3.4643,5
34.08,-118.25,2.1108,1
36.88,-119.71,6.9405,2
36.72,-119.8,1.0472,4
33.95,-118.22,3.153,1
33.68,-117.8,3.631,1
33.94,-117.48,3.1985,1
34.0,-117.5,4.4063,3
33.85,-118.04,5.777,3
36.96,-121.69,5.1433,2
32.75,-117.14,2.1937,1
32.73,-117.08,1.4254,1
37.75,-119.55,3.5391,4
34.27,-118.42,2.6667,1
34.44,-119.92,6.0321,3
39.32,-120.94,3.5385,5
33.65,-117.96,5.7395,3
37.29,-120.44,1.7222,4
32.8,-117.11,3.2197,1
34.15,-118.82,7.8528,3
34.15,-118.37,3.1373,1
34.01,-118.3,2.0625,1
32.74,-117.16,3.1979,1
37.6,-122.37,5.048,2
33.79,-118.17,1.9318,1
37.63,-122.08,4.25,2
33.99,-118.47,3.0682,1
38.94,-119.99,3.0806,5
33.47,-117.7,3.8403,1
37.58,-122.38,6.471,2
36.7,-119.55,2.3687,4
33.85,-118.12,4.3661,3
39.36,-121.69,2.3224,5
37.69,-121.08,3.2246,5
34.39,-117.13,3.4183,1
34.09,-117.93,4.2062,3
34.15,-118.4,4.3889,3
34.42,-119.86,1.179,4
37.86,-122.28,2.2845,5
34.03,-118.09,5.5,3
37.6,-122.41,4.1364,2
37.58,-122.36,5.0756,2
33.74,-118.18,4.0968,3
33.99,-118.1,3.6875,1
39.21,-120.11,4.5795,2
38.01,-121.89,4.2227,2
38.1,-122.2,4.4821,2
38.96,-122.65,1.6769,5
34.09,-118.39,4.3214,3
35.63,-117.67,3.0687,1
37.73,-122.38,2.1667,5
37.26,-121.82,5.1356,2
33.89,-117.86,6.6897,3
33.86,-117.93,5.5867,3
37.99,-122.06,2.8043,5
33.94,-118.29,2.5398,1
34.1,-117.39,2.4492,1
38.26,-120.33,4.4063,2
34.16,-117.25,4.3362,3
37.95,-122.32,4.35,2
36.97,-120.06,1.4044,4
37.88,-122.28,3.9167,5
36.84,-121.37,3.5714,5
37.31,-122.08,7.8528,2
36.81,-119.72,2.9453,4
37.8,-122.19,4.744,2
33.65,-117.65,7.5426,3
37.73,-122.06,7.0568,2
34.11,-118.3,8.4389,0
37.68,-122.14,2.7955,5
34.08,-118.08,2.9688,1
33.92,-118.15,4.3194,3
33.95,-118.24,1.25,1
34.16,-118.38,3.7312,1
33.47,-117.67,1.6393,1
34.15,-118.23,3.0288,1
34.02,-118.38,3.9615,1
33.82,-118.37,6.256,3
33.99,-118.36,5.3194,3
33.65,-118.02,2.8352,1
33.97,-117.72,5.228,3
33.98,-118.04,2.625,1
34.13,-118.23,4.6528,3
33.9,-118.3,3.287,1
37.77,-120.85,1.8625,5
34.06,-117.73,1.4063,1
34.13,-118.01,4.0729,3
33.82,-118.02,4.7466,3
34.13,-117.29,1.4815,1
32.67,-115.49,1.1311,1
37.31,-121.83,5.6058,2
37.92,-122.01,8.1163,2
38.01,-121.8,3.5179,5
33.88,-118.16,2.9779,1
38.33,-122.7,3.375,5
37.7,-122.09,4.3375,2
37.47,-122.16,5.397,2
40.56,-122.35,1.9881,5
33.97,-118.27,1.64,1
32.58,-117.11,2.2755,1
32.7,-117.0,4.3714,3
34.17,-117.29,3.2232,1
37.47,-122.2,9.9025,0
34.07,-116.98,4.8958,3
37.15,-122.18,5.5785,2
33.65,-117.58,5.7709,3
34.24,-118.26,6.6277,3
32.71,-117.14,2.1164,1
34.0,-118.29,2.7727,1
34.02,-118.26,1.5603,1
33.29,-117.0,8.2531,3
37.34,-121.85,2.5769,5
35.4,-118.95,3.6875,4
33.98,-118.34,3.1630000000000003,1
33.78,-118.03,6.6453,3
37.67,-120.97,2.4,5
38.54,-122.81,1.1553,5
38.59,-121.36,5.0508,2
34.06,-118.3,1.6953,1
34.26,-118.49,3.5497,1
34.17,-118.34,4.1161,3
36.63,-119.43,3.625,4
34.24,-119.05,5.4298,3
34.11,-117.78,3.0735,1
39.52,-121.53,2.9688,5
34.13,-117.86,3.4107,1
34.0,-118.4,5.444,3
34.0,-117.72,5.4824,3
32.73,-117.17,1.6591,1
37.35,-121.88,4.2381,2
33.38,-115.94,2.7,1
40.62,-124.13,2.5804,5
37.82,-121.99,3.375,5
38.45,-122.7,4.1734,5
34.21,-118.63,5.5709,3
33.85,-118.0,4.5083,3
38.02,-121.33,4.3008,2
34.13,-117.24,3.3534,1
38.1,-122.25,2.75,5
38.0,-121.88,4.1947,2
38.5,-121.44,4.088,5
34.19,-118.52,4.8295,3
34.15,-118.42,5.1496,3
33.98,-118.46,5.2121,3
34.1,-117.87,3.775,1
37.57,-122.35,10.4286,0
38.36,-120.69,2.7236,5
39.35,-120.27,4.665,2
37.72,-122.18,3.8047,5
33.86,-118.11,4.9904,3
37.27,-121.82,6.3566,2
37.51,-120.46,2.9,4
38.55,-121.78,2.9605,5
38.01,-122.45,4.3182,2
33.77,-117.85,4.0398,1
35.44,-118.93,6.1563,3
37.94,-122.05,4.6602,2
33.99,-118.3,1.8317,1
36.2,-121.13,2.9559,4
33.73,-116.99,1.9961,1
38.76,-121.28,2.1366,5
38.34,-121.98,2.5938,5
34.25,-118.81,5.716,3
38.56,-121.36,5.2881,2
33.91,-118.09,4.0517,3
39.5,-122.19,2.1705,5
37.27,-121.88,5.8178,2
38.52,-121.48,2.9911,5
39.88,-121.75,2.7143,5
32.78,-116.92,4.4306,3
32.74,-117.18,2.5288,1
37.47,-122.2,3.1989,5
36.56,-119.38,2.0729,4
34.45,-117.27,3.2215,1
34.05,-118.37,4.005,1
34.13,-117.9,2.6292,1
34.12,-118.32,4.15,3
33.86,-118.17,3.025,1
34.11,-118.01,3.5625,1
33.94,-117.63,4.2578,3
32.97,-117.06,4.3548,3
33.96,-118.1,3.9549,1
34.15,-117.3,3.8594,1
33.79,-118.0,3.6531,1
33.82,-116.52,2.5212,1
37.97,-122.02,4.0,5
34.09,-117.36,3.2879,1
38.57,-121.37,5.2449,2
32.75,-117.24,2.2042,1
36.52,-119.29,1.5714,4
37.59,-122.04,5.3428,2
38.75,-121.16,8.4882,2
32.64,-117.07,2.24,1
36.92,-121.76,3.2216,5
38.53,-121.46,1.8007,5
33.73,-117.82,5.0162,3
36.8,-119.85,3.6563,4
34.94,-120.45,2.4091,4
36.36,-119.64,5.2134,2
32.57,-117.07,2.5859,1
32.58,-117.06,3.8529,1
37.58,-120.76,3.6181,5
33.9,-117.86,6.9113,3
38.01,-121.82,2.1719,5
33.87,-118.36,3.4208,1
34.24,-118.48,6.6537,3
32.72,-117.16,1.0391,1
33.96,-117.42,2.7452,1
34.33,-118.75,8.2787,0
33.69,-117.39,5.3275,3
39.07,-122.91,2.4423,5
34.06,-118.38,2.7824,1
37.69,-121.79,4.5357,2
37.86,-121.06,2.6830000000000003,5
32.76,-117.07,2.5125,1
34.15,-119.17,2.6098,1
33.91,-118.35,3.825,1
34.07,-117.73,4.1339,3
37.56,-122.32,3.162,5
34.06,-117.9,5.3664,3
38.17,-121.28,4.0924,5
34.11,-117.28,1.4896,1
34.27,-118.57,9.6047,0
33.73,-117.79,7.2074,3
37.77,-122.21,2.6765,5
37.77,-122.42,2.5186,5
38.68,-121.77,2.1927,5
37.99,-122.59,4.1659,2
36.78,-119.75,2.3333,4
34.11,-117.85,3.1133,1
34.13,-118.02,3.9464,1
33.84,-118.29,3.5,1
37.98,-122.41,1.4583,5
38.11,-122.57,3.1981,5
38.06,-122.21,3.6154,5
35.55,-115.93,3.4028,1
33.78,-116.47,3.3162,1
32.75,-117.19,2.5882,1
36.68,-121.61,2.8542,5
38.68,-120.63,3.0789,5
37.24,-121.93,6.0738,2
38.67,-121.32,2.8426,5
33.82,-117.86,6.6603,3
33.89,-118.09,3.099,1
37.7,-122.11,2.3274,5
34.17,-118.23,3.5781,1
37.32,-121.95,4.6304,2
39.92,-122.19,1.023,5
36.85,-121.53,2.6719,5
37.25,-121.89,5.2887,2
37.79,-122.44,10.8783,0
34.26,-119.21,4.9079,3
37.98,-121.24,1.1964,5
33.47,-117.63,7.6012,3
32.76,-117.09,3.5529,1
35.58,-118.45,1.8819,4
38.04,-121.36,5.0285,2
33.97,-118.2,1.8897,1
36.76,-119.75,1.3278,4
37.77,-122.45,4.5052,2
36.79,-119.8,5.187,2
38.51,-121.54,4.2216,5
36.1,-119.57,3.5313,4
36.33,-119.3,2.8795,4
34.1,-117.91,3.2813,1
33.97,-118.32,3.5114,1
34.04,-118.29,2.4359,1
39.9,-120.93,2.0221,5
34.23,-118.56,5.5126,3
38.58,-121.5,0.7526,5
33.79,-118.03,4.1548,3
33.76,-116.87,2.5612,1
34.08,-117.93,4.125,3
38.4,-122.36,2.2536,5
37.29,-122.02,10.3979,0
34.02,-117.98,3.1979,1
38.58,-122.59,3.7585,5
37.26,-122.01,7.6107,2
34.1,-117.65,2.4667,1
37.71,-122.14,3.6932,5
34.16,-118.07,6.4761,3
33.64,-117.75,5.5342,3
37.25,-121.82,3.9461,5
34.01,-117.75,6.1287,3
37.48,-122.19,4.5568,2
33.75,-117.85,2.5651,1
36.27,-119.57,2.625,4
37.4,-122.08,2.5208,5
36.15,-120.38,2.7461,4
34.02,-118.19,1.8875,1
34.1,-117.81,3.8929,1
37.29,-121.76,7.1267,2
37.71,-121.94,5.0143,2
37.96,-122.53,8.3935,2
33.79,-117.83,4.8542,3
33.73,-118.28,1.9167,1
33.91,-116.87,2.7536,1
33.95,-118.09,4.5,3
37.65,-122.48,4.2593,2
34.26,-118.31,3.8,1
34.03,-118.35,1.975,1
38.31,-122.29,2.7325,5
32.81,-116.88,4.2014,3
37.43,-121.96,3.3859,5
38.34,-122.69,3.733,5
34.01,-117.41,2.6442,1
37.97,-121.99,4.6071,2
34.14,-118.79,5.8548,3
33.81,-117.83,5.4298,3
33.87,-118.15,3.0685,1
38.68,-122.87,3.7352,5
37.76,-122.5,3.9464,5
38.29,-122.15,6.5891,2
33.77,-117.84,3.5195,1
33.95,-118.26,1.6898,1
39.65,-121.24,2.3684,5
38.66,-120.98,3.225,5
34.09,-117.69,2.725,1
38.44,-122.78,3.9766,5
37.27,-122.03,10.7958,0
32.7,-117.15,1.2863,1
34.29,-118.45,2.3375,1
37.87,-122.25,5.2289,2
33.97,-116.95,3.1393,1
34.03,-118.42,5.0866,3
32.72,-117.23,3.2361,1
34.17,-118.43,11.2093,0
37.82,-122.26,2.8345,5
35.08,-117.95,4.875,3
33.83,-118.1,4.0603,3
34.1,-118.15,3.4559,1
34.18,-118.12,3.4777,1
40.72,-124.14,2.8446,5
34.17,-118.42,6.1359,3
36.84,-119.82,3.3229,4
34.24,-118.37,4.1121,3
34.38,-117.39,3.5696,1
32.64,-117.07,4.1325,3
33.97,-118.28,1.5521,1
32.8,-116.94,1.8937,1
37.0,-119.48,3.1736,4
33.93,-117.43,2.1865,1
40.6,-122.25,3.8323,5
36.3,-119.21,1.7734,4
35.68,-118.06,2.25,4
33.72,-118.04,4.6649,3
33.94,-117.6,3.1859,1
40.39,-122.37,3.3005,5
33.78,-118.3,4.6207,3
37.29,-121.84,4.3851,2
37.93,-121.93,6.6049,2
35.38,-119.02,0.8054,4
34.14,-118.37,3.5714,1
34.1,-118.31,1.5328,1
40.58,-122.4,1.3329,5
32.72,-116.98,4.5135,3
38.54,-123.25,3.3536,5
33.8,-118.16,5.1806,3
34.06,-118.09,2.629,1
37.76,-122.44,5.0731,2
33.72,-117.77,6.5743,3
33.93,-117.24,3.2705,1
37.06,-119.32,5.1314,2
34.02,-118.49,3.1563,1
34.13,-118.22,4.825,3
37.31,-121.93,2.8981,5
40.79,-124.13,2.8833,5
36.7,-119.57,3.1442,4
37.74,-121.4,4.15,2
34.16,-118.16,4.1518,3
37.55,-122.33,6.1349,2
37.0,-121.76,3.1987,5
33.11,-117.08,2.2146,1
37.47,-122.18,13.367,0
39.46,-123.4,3.2156,5
37.37,-121.55,3.6964,5
34.18,-118.69,10.0472,0
33.75,-118.3,4.625,3
33.99,-118.34,3.7344,1
38.07,-122.55,3.0573,5
39.74,-122.19,2.3507,5
34.1,-118.33,1.51,1
32.96,-117.05,4.8295,3
36.86,-121.4,1.9405,5
37.89,-122.27,7.266,2
34.02,-117.59,4.7857,3
34.01,-118.33,1.9631,1
34.05,-117.66,2.3347,1
34.15,-118.26,3.0,1
34.04,-118.17,2.8167,1
38.91,-121.11,4.0679,5
34.2,-118.39,2.0348,1
37.68,-122.08,2.4196,5
37.06,-121.37,3.8062,5
34.05,-118.2,1.9205,1
34.4,-118.98,4.4219,3
37.69,-120.15,2.875,4
37.35,-121.86,2.4968,5
33.83,-117.95,3.8214,1
37.94,-122.01,6.0704,2
37.15,-121.64,6.1684,2
37.46,-122.24,6.1043,2
34.05,-117.98,4.1429,3
38.18,-122.8,3.625,5
38.61,-121.45,1.0424,5
34.15,-118.42,5.2853,3
35.35,-120.49,3.1641,4
35.39,-118.99,1.8319,4
33.99,-118.24,1.875,1
32.77,-116.92,6.6783,3
37.9,-122.08,5.0499,2
32.74,-116.98,4.9286,3
33.66,-117.97,5.8541,3
33.99,-118.12,2.8155,1
33.93,-118.28,2.0313,1
39.03,-121.91,2.7841,5
37.95,-122.05,4.175,2
39.0,-122.85,1.8704,5
37.45,-122.14,8.7051,2
37.76,-122.42,2.6803,5
37.51,-121.97,5.4359,2
37.77,-122.25,3.1771,5
32.67,-117.07,2.3814,1
38.56,-121.49,3.0033,5
33.78,-117.82,5.4562,3
33.22,-117.25,3.5,1
34.15,-119.22,2.725,1
35.41,-119.04,3.0625,4
38.54,-121.46,1.7692,5
34.42,-118.88,6.1244,3
32.58,-117.1,2.3,1
37.32,-121.03,2.2566,5
34.05,-117.96,3.7258,1
33.8,-117.22,4.0717,1
34.83,-118.95,2.9891,4
37.41,-121.88,4.3807,2
33.63,-117.69,4.9079,3
37.65,-118.99,5.01,2
33.2,-117.35,2.5754,1
34.11,-117.9,4.2019,3
37.66,-122.11,3.09,5
34.07,-117.18,3.3924,1
37.88,-122.17,7.6107,2
33.6,-117.69,6.5413,3
32.82,-117.17,3.0375,1
40.32,-122.23,3.0833,5
32.57,-117.1,4.3601,3
33.84,-118.38,5.4968,3
32.69,-115.59,2.5769,1
38.11,-122.21,3.1768,5
38.47,-121.38,4.5604,2
38.36,-122.81,5.2769,2
32.8,-117.19,3.1304,1
37.38,-121.84,5.1082,2
38.24,-122.62,4.0341,5
33.93,-117.91,6.2452,3
34.41,-118.55,5.8602,3
37.7,-122.06,4.6005,2
34.06,-118.26,1.4886,1
34.14,-117.65,8.6573,0
34.18,-118.65,7.4918,3
34.05,-118.31,2.5313,1
33.93,-117.94,2.7125,1
34.08,-117.62,4.4946,3
34.03,-117.33,2.8281,1
34.08,-118.36,2.9621,1
34.07,-117.39,3.0278,1
37.76,-122.41,3.0774,5
34.07,-117.92,4.7708,3
33.83,-118.38,5.1626,3
38.57,-121.5,1.4712,5
33.77,-117.99,3.1902,1
33.98,-118.3,1.6611,1
34.07,-117.25,2.4432,1
34.15,-118.25,3.0441,1
34.07,-117.19,2.189,1
38.57,-121.32,5.31,2
37.98,-122.0,4.9219,2
33.82,-118.01,4.0625,3
34.06,-117.19,1.4480000000000002,1
38.78,-121.22,6.3914,2
32.8,-117.15,2.75,1
32.59,-117.05,3.0495,1
33.98,-118.19,2.6042,1
33.95,-118.08,4.8304,3
34.08,-117.75,4.0368,1
35.39,-119.0,3.7708,4
38.66,-121.31,4.7381,2
34.19,-118.38,1.9866,1
36.32,-119.68,1.7596,4
32.78,-117.05,4.7941,3
34.27,-118.49,5.5714,3
34.16,-118.18,9.4987,0
34.14,-117.86,6.2089,3
32.64,-117.09,2.507,1
40.88,-124.15,1.725,5
34.07,-118.37,3.201,1
34.91,-117.03,2.825,1
37.72,-122.47,2.5333,5
34.12,-118.39,8.2816,0
38.38,-122.33,4.5694,2
34.13,-117.24,1.1522,1
38.7,-121.28,3.7813,5
37.42,-121.94,4.7049,2
33.88,-118.4,6.2356,3
34.09,-118.09,2.3462,1
34.36,-119.06,1.8618,1
34.69,-118.13,2.75,1
40.6,-122.39,1.4125,5
38.25,-122.04,2.7167,5
33.65,-117.58,3.375,1
36.55,-119.79,2.0216,4
33.71,-116.91,3.1591,1
37.74,-121.43,3.0865,5
37.74,-122.48,3.6859,5
34.06,-118.19,1.1868,1
33.17,-117.31,5.5520000000000005,3
34.36,-118.52,5.8703,3
34.02,-117.72,6.5958,3
38.59,-121.4,2.0432,5
34.11,-117.29,1.5561,1
37.06,-122.01,5.1121,2
33.66,-117.96,7.5699,3
34.02,-118.14,1.4178,1
34.06,-118.34,3.4812,1
37.76,-122.39,4.5057,2
37.85,-122.27,1.5817,5
32.75,-116.98,4.375,3
37.76,-122.47,4.0793,5
37.72,-122.43,3.6885,5
38.38,-120.72,2.525,5
34.0,-117.96,4.5163,3
37.34,-119.53,2.3482,4
37.34,-122.05,6.6087,2
34.06,-117.42,2.9107,1
33.46,-116.76,3.0694,1
32.71,-117.07,2.8372,1
34.15,-117.68,4.1719,3
34.87,-118.17,3.0184,1
34.12,-117.28,1.3973,1
38.62,-121.39,2.2844,5
33.95,-117.5,4.8214,3
37.56,-122.31,4.7917,2
37.65,-122.1,4.4427,2
38.69,-121.23,3.9226,5
34.1,-117.32,3.1213,1
33.21,-117.33,2.2882,1
34.18,-118.49,4.8984,3
37.9,-122.45,8.4888,2
37.38,-120.64,2.567,4
32.77,-117.17,4.5481,3
38.64,-121.42,1.8611,5
33.65,-117.91,2.625,1
33.5,-117.66,4.4732,3
34.49,-117.34,3.2941,1
33.74,-118.09,4.6369,3
34.1,-117.88,4.2685,3
38.0,-122.55,3.9265,5
35.33,-119.03,2.7083,4
36.56,-119.25,1.6722,4
37.44,-122.13,9.1508,2
38.44,-122.59,3.1830000000000003,5
34.15,-118.34,4.0893,3
32.73,-117.01,2.8646,1
39.05,-121.48,4.5625,2
34.38,-118.61,6.6916,3
33.6,-117.69,6.4211,3
34.43,-118.51,6.1082,3
34.07,-117.77,3.0638,1
37.76,-122.24,3.0718,5
34.14,-118.22,3.7404,1
34.16,-118.31,3.9464,1
37.6,-122.06,5.3226,2
34.21,-118.55,5.0623,3
36.63,-121.93,4.3571,2
37.73,-120.97,5.7476,2
33.81,-118.28,5.2034,3
37.79,-122.43,4.3986,2
33.85,-118.42,5.0322,3
33.13,-115.52,2.1630000000000003,1
37.81,-122.43,4.6781,2
38.0,-122.6,4.1098,5
34.16,-118.42,4.0208,3
37.66,-122.1,3.875,5
37.98,-122.02,2.8456,5
38.51,-121.51,5.5208,2
33.45,-117.15,4.6904,3
34.21,-118.54,3.9886,1
33.17,-117.21,3.75,1
38.3,-122.03,6.6779,2
34.22,-119.09,4.0208,3
34.04,-118.28,1.2969,1
33.17,-117.32,4.2383,3
40.92,-124.09,2.8182,5
32.58,-117.13,2.3603,1
34.11,-117.4,4.2121,3
37.72,-122.39,3.6607,5
34.14,-118.15,1.625,1
33.88,-117.88,3.0263,1
35.15,-119.45,3.1592,4
33.19,-117.27,2.724,1
34.14,-118.39,5.5683,3
38.01,-121.82,2.6364,5
38.47,-122.73,3.7266,5
33.96,-117.88,5.5469,3
36.72,-119.78,2.1458,4
37.28,-121.88,4.1554,2
37.81,-121.23,4.2431,2
33.97,-118.23,2.6951,1
37.89,-122.47,7.2905,2
32.97,-115.54,3.0091,1
37.38,-122.06,4.8625,2
38.01,-121.29,4.4871,2
33.67,-117.81,5.2124,3
33.9,-118.05,1.875,1
38.48,-120.56,3.4609,5
37.77,-122.41,3.4671,5
37.88,-122.54,6.7809,2
33.86,-118.39,6.1404,3
32.85,-117.2,2.4207,1
34.15,-117.27,3.3616,1
34.15,-119.18,2.4167,1
35.26,-120.64,2.1507,4
37.41,-120.79,2.2071,5
36.94,-121.02,2.5074,4
34.27,-118.45,5.1296,3
36.77,-120.41,1.947,4
34.0,-117.51,3.2067,1
33.93,-117.48,2.6776,1
36.59,-119.45,3.825,4
33.84,-117.87,5.1182,3
33.94,-117.76,5.1165,3
32.8,-115.56,1.3882,1
37.81,-122.28,1.5,5
34.11,-118.27,4.4094,3
34.11,-118.33,2.2148,1
34.2,-118.47,2.9025,1
34.08,-117.66,3.9227,1
33.81,-118.08,7.6084,3
41.73,-122.64,1.8694,5
38.03,-121.97,3.7043,5
37.89,-121.29,5.7485,2
36.61,-121.92,2.4922,5
37.32,-121.81,4.1165,2
36.78,-119.82,2.6127,4
37.56,-122.01,3.8179,5
37.87,-122.03,8.2673,2
33.9,-118.21,3.1189,1
37.92,-122.02,7.4713,2
37.25,-121.96,6.1648,2
37.73,-120.76,3.5833,5
37.27,-121.95,1.7171,5
34.14,-118.4,6.0678,3
32.69,-117.17,4.7891,3
37.9,-122.28,6.3538,2
33.9,-118.17,2.8681,1
34.06,-118.26,1.5854,1
33.99,-118.06,4.375,3
33.64,-117.92,3.0708,1
36.31,-119.29,5.1896,3
34.06,-117.33,2.0242,1
34.06,-118.47,9.4664,0
37.12,-122.12,2.7933,5
33.85,-118.02,5.3416,3
37.53,-120.19,1.7614,4
34.24,-118.41,3.125,1
36.74,-119.75,1.8958,4
33.91,-118.08,5.1187,3
38.26,-122.63,4.6069,2
34.07,-117.72,3.7321,1
34.05,-118.44,4.1141,3
37.32,-121.8,5.6817,2
33.79,-118.02,6.1142,3
34.13,-118.23,3.5893,1
33.76,-118.01,3.9855,1
37.71,-121.0,2.25,5
37.51,-122.29,6.1004,2
37.72,-122.16,3.3431,5
33.99,-118.43,3.8021,1
36.33,-119.67,2.9375,4
34.45,-117.44,3.5167,1
34.03,-117.92,3.9219,1
32.86,-117.21,5.3693,3
33.84,-117.84,4.5217,3
39.39,-121.59,2.1776,5
37.83,-122.26,2.6768,5
33.08,-117.25,7.5402,3
37.66,-121.89,2.1187,5
32.76,-117.13,1.9392,1
34.1,-118.14,3.108,1
33.59,-117.87,6.6544,3
35.33,-119.05,2.9438,4
33.9,-118.29,4.4636,3
34.87,-120.43,4.6648,4
36.34,-121.24,2.6648,4
33.81,-117.82,6.0705,3
34.04,-118.2,3.7619,1
37.32,-120.51,2.3099,4
38.37,-121.92,2.7051,5
38.57,-120.72,2.6833,5
33.96,-118.31,3.0625,1
37.7,-122.44,4.9318,2
32.81,-117.23,8.1844,3
38.43,-122.67,3.2813,5
38.66,-121.2,5.47,2
34.05,-118.09,3.5357,1
37.6,-122.4,3.5817,5
36.91,-121.77,2.8348,5
33.61,-117.89,4.2222,3
33.86,-118.22,5.1948,3
38.57,-121.48,1.78,5
34.42,-119.71,1.4851,4
33.9,-117.88,3.5333,1
37.95,-122.33,2.1915,5
37.23,-121.82,4.9688,2
33.88,-117.55,2.2372,1
37.88,-122.29,3.1065,5
33.94,-118.29,2.3352,1
33.89,-118.25,2.6812,1
37.91,-122.31,2.7243,5
37.25,-121.01,2.7316,5
38.61,-121.34,2.0926,5
33.9,-117.85,5.5918,3
37.83,-122.28,1.4103,5
33.81,-118.38,10.5045,0
34.45,-119.81,6.5173,3
34.08,-117.9,3.2943,1
34.18,-118.65,4.925,3
32.79,-117.24,3.1838,1
37.67,-122.09,2.3357,5
37.76,-122.24,3.4762,5
37.69,-122.32,5.966,2
32.8,-117.25,4.2296,3
36.83,-119.69,3.1814,4
33.76,-117.97,3.1771,1
34.09,-118.37,3.0156,1
33.76,-118.08,2.0952,1
34.7,-118.14,1.2532,1
33.93,-117.57,7.5408,3
33.81,-118.38,8.5491,0
37.71,-122.45,4.7639,2
36.28,-119.33,2.125,4
33.42,-117.62,3.1029,1
33.77,-118.08,2.1944,1
32.69,-117.1,2.2102,1
33.93,-118.3,1.2,1
33.94,-118.2,4.0441,3
37.3,-122.0,5.357,2
33.93,-118.36,2.6961,1
33.18,-117.31,2.0147,1
34.17,-118.41,4.692,3
37.89,-122.11,4.3235,2
37.79,-122.46,3.7419,5
34.06,-118.2,2.1029,1
37.68,-120.54,1.2273,4
33.62,-117.93,7.0516,3
37.93,-122.53,4.125,5
32.73,-117.07,2.6452,1
34.07,-117.76,2.3156,1
37.32,-121.83,4.825,2
34.09,-118.29,1.9063,1
35.22,-119.13,5.1457,3
34.96,-120.45,2.5556,4
33.78,-118.14,3.4107,1
38.01,-122.24,5.7862,2
37.71,-122.17,3.244,5
33.91,-118.24,1.875,1
34.2,-118.31,5.0865,3
37.96,-122.33,3.9118,5
37.28,-122.12,5.8691,2
37.73,-121.42,5.9934,2
32.8,-117.04,2.0337,1
35.39,-119.08,5.575,3
32.67,-117.01,5.551,3
37.4,-121.99,3.4896,5
37.34,-122.0,5.2108,2
37.96,-121.29,1.3191,5
37.05,-122.05,4.1679,2
32.81,-117.26,2.3284,1
33.43,-117.59,6.5964,3
37.75,-122.44,4.5469,2
33.86,-118.11,4.2,3
33.83,-118.12,4.3594,3
34.28,-118.4,3.3304,1
32.64,-117.08,1.6806,1
32.79,-117.17,2.2663,1
32.69,-117.03,4.5662,3
37.54,-121.99,5.3283,2
36.98,-120.21,2.6012,4
36.92,-121.78,4.3906,2
37.65,-122.07,3.016,5
35.65,-117.81,1.8984,1
37.72,-121.85,10.3203,0
33.69,-116.5,2.25,1
34.46,-117.2,3.2794,1
34.09,-117.44,2.3682,1
38.32,-122.49,3.2727,5
33.85,-117.9,3.6,1
36.06,-118.98,2.343,4
32.81,-116.92,1.6686,1
33.9,-117.86,7.2478,3
37.77,-122.17,1.871,5
36.99,-121.91,4.8693,2
37.94,-122.37,1.3167,5
34.09,-118.26,3.8448,1
36.79,-119.83,3.3272,4
34.06,-118.42,10.8045,0
34.17,-118.33,4.2396,3
37.72,-122.42,4.0071,5
39.42,-123.35,2.1625,5
34.13,-117.3,1.2034,1
34.68,-117.28,1.8958,1
37.57,-122.34,3.9728,5
38.32,-122.27,1.9946,5
34.16,-118.2,6.8317,3
34.16,-118.3,2.8342,1
33.82,-118.32,4.4271,3
33.71,-117.97,5.8195,3
33.22,-117.27,1.8849,1
33.86,-118.17,2.9886,1
37.25,-121.99,11.2463,0
34.24,-118.52,3.0926,1
38.52,-121.44,2.7697,5
33.96,-118.22,1.9028,1
32.65,-117.08,2.3562,1
37.6,-122.5,4.25,2
33.98,-118.19,1.4224,1
40.5,-124.1,2.2357,5
40.88,-124.09,2.2188,5
34.04,-118.48,3.6667,1
34.22,-118.19,9.8413,0
35.13,-118.92,1.9236,4
36.31,-119.79,2.2937,4
33.74,-116.29,4.7195,3
36.7,-119.54,2.2448,4
34.03,-118.36,2.0879,1
37.62,-122.45,6.7206,2
34.23,-118.24,5.1028,3
34.06,-117.71,1.4722,1
36.39,-119.23,1.4812,4
34.04,-118.37,3.1827,1
34.58,-118.12,2.0547,1
33.67,-117.8,6.7962,3
37.92,-122.53,5.5379,2
39.12,-121.63,3.4492,5
32.92,-117.15,4.5221,3
33.7,-118.01,7.247999999999999,3
33.24,-117.31,4.0469,1
36.93,-121.77,3.2813,5
38.24,-122.61,5.0849,2
34.0,-118.41,2.55,1
34.03,-117.03,3.0403,1
38.03,-122.44,4.1289,5
33.48,-117.7,6.3579,3
35.52,-120.76,3.6667,4
34.04,-118.38,6.2895,3
38.92,-119.94,4.6,2
37.88,-122.1,7.2315,2
34.19,-118.3,4.9042,3
33.98,-117.36,2.4667,1
38.35,-122.7,5.0366,2
33.98,-117.38,2.0284,1
36.71,-119.8,2.0043,4
38.67,-121.33,1.962,5
38.94,-121.76,3.6111,5
34.18,-118.29,5.049,3
37.69,-122.07,2.5362,5
34.05,-118.46,2.6509,1
36.55,-121.59,5.1788,2
38.27,-122.02,3.2115,5
33.96,-118.07,2.6991,1
33.65,-117.92,4.1026,3
37.78,-122.21,3.0536,5
41.81,-122.53,1.7639,5
33.79,-117.98,4.1115,3
33.76,-118.14,3.385,1
34.09,-118.13,2.2214,1
33.67,-117.94,8.1839,0
37.65,-120.46,1.4464,4
37.69,-120.99,6.4788,2
36.57,-118.65,1.4821,4
34.04,-118.3,2.006,1
38.46,-121.44,3.5461,5
34.04,-118.43,5.2954,3
33.94,-118.28,3.0788,1
32.91,-117.15,4.875,3
38.45,-121.81,3.7061,5
37.66,-122.42,4.9236,2
32.75,-117.07,2.3824,1
39.45,-121.55,1.3611,5
34.21,-118.6,2.6159,1
34.22,-118.54,4.6731,3
37.8,-122.24,2.957,5
34.44,-119.72,3.8819,4
33.65,-117.66,6.2242,3
34.02,-118.34,4.2218,3
33.94,-118.19,3.3661,1
40.48,-122.33,3.2788,5
34.12,-117.82,5.27,3
37.91,-122.33,1.125,5
32.76,-117.11,2.0852,1
37.39,-119.85,2.753,4
36.35,-119.29,2.5743,4
34.07,-117.73,2.3406,1
32.72,-116.87,5.7652,3
33.79,-118.22,1.7,1
36.32,-119.31,4.0298,4
35.42,-119.02,2.7583,4
37.5,-120.85,1.7227,5
39.24,-120.11,3.1193,5
35.36,-119.02,2.5062,4
38.27,-122.66,2.1696,5
33.95,-118.15,2.7875,1
33.91,-118.31,3.8173,1
38.21,-122.63,6.2034,2
39.22,-122.04,3.2625,5
37.3,-121.89,5.0662,2
34.03,-118.21,2.2656,1
34.15,-118.43,3.7125,1
34.14,-117.83,6.5253,3
36.09,-119.56,3.2847,4
37.82,-122.24,3.9,5
32.59,-117.11,2.1773,1
34.04,-117.24,6.1986,3
37.35,-121.94,2.3713,5
38.55,-121.47,0.9948,5
34.38,-119.86,1.5071,4
34.2,-118.33,3.1051,1
38.36,-121.99,3.2768,5
34.08,-118.28,2.9423,1
34.17,-118.36,4.0742,3
38.16,-121.69,2.2888,5
32.9,-116.96,5.3008,3
34.06,-117.14,3.9741,1
37.55,-122.31,2.6159,5
34.11,-118.36,6.5195,3
33.2,-117.36,3.2917,1
35.33,-120.83,4.4766,4
32.72,-117.13,2.4821,1
33.75,-118.11,5.4011,3
34.12,-117.22,2.809,1
34.15,-117.33,1.6993,1
33.96,-118.27,1.6467,1
32.76,-117.05,3.25,1
33.8,-117.93,4.8611,3
32.75,-117.24,2.9896,1
33.95,-117.51,4.9984,3
33.76,-117.93,4.05,3
37.66,-121.88,3.1127,5
33.8,-117.94,4.9429,3
34.09,-118.29,2.0467,1
34.22,-118.43,4.2656,3
34.17,-118.35,4.4408,3
34.03,-118.28,2.0673,1
33.89,-118.25,2.4632,1
33.97,-118.24,2.1429,1
35.37,-119.2,5.3119,3
34.16,-117.32,4.0156,1
35.48,-118.23,1.8369,4
38.56,-121.37,2.7679,5
34.04,-118.19,2.1029,1
36.87,-120.13,2.234,4
34.13,-117.67,7.7234,3
33.93,-118.19,3.1912,1
35.41,-119.09,5.6235,3
33.88,-116.36,1.7844,1
33.99,-117.94,4.9932,3
37.85,-122.26,3.2031,5
32.78,-117.03,2.5707,1
34.18,-118.35,4.282,3
34.07,-118.38,4.4896,3
38.0,-122.03,5.7295,2
37.11,-122.11,5.207999999999999,2
37.31,-122.11,13.8093,0
36.99,-122.01,4.9808,2
34.04,-118.28,2.1696,1
32.58,-117.1,2.25,1
35.55,-121.14,3.8019,4
32.68,-116.98,5.5248,3
33.72,-117.82,6.8634,3
37.4,-118.43,4.1576,4
37.76,-122.5,3.7083,5
38.33,-123.0,5.6445,2
33.9,-118.32,4.1344,3
38.01,-121.9,3.5129,5
38.45,-121.83,4.8611,2
37.75,-122.16,2.537,5
37.55,-122.01,4.9167,2
34.26,-118.32,4.4875,3
37.85,-122.26,3.2619,5
38.01,-121.32,2.7045,5
34.19,-119.05,2.8942,1
37.51,-122.46,5.6286,2
34.06,-118.46,7.0674,3
33.81,-118.06,5.4216,3
39.15,-121.99,2.7137,5
34.1,-118.26,4.0721,3
34.44,-119.74,2.8,4
39.35,-121.65,1.7552,5
35.32,-118.99,1.6575,4
34.01,-118.31,2.0417,1
38.0,-122.05,2.3462,5
38.91,-121.15,4.2723,5
37.77,-122.21,2.2604,5
33.78,-118.16,2.0156,1
37.42,-121.87,6.4419,2
33.92,-118.32,4.8304,3
34.04,-117.9,4.5554,3
38.07,-122.14,4.6761,2
33.87,-117.57,2.3333,1
32.71,-117.0,3.725,1
37.75,-121.43,2.75,5
34.26,-118.78,6.0487,3
38.53,-121.51,4.25,5
38.14,-122.26,4.0156,5
38.21,-120.36,2.8208,5
35.11,-120.62,2.0292,4
32.8,-116.91,5.6846,3
33.7,-117.88,3.4835,1
33.91,-118.24,1.4688,1
38.0,-122.54,3.18,5
33.85,-117.95,4.1325,3
37.44,-121.88,4.4712,2
33.87,-118.11,5.0417,3
36.97,-122.04,3.8259,5
33.98,-118.27,1.3801,1
34.29,-118.44,2.0286,1
33.9,-118.35,3.9485,1
34.19,-118.56,3.9615,1
34.1,-117.94,3.3625,1
38.58,-121.3,2.3787,5
32.74,-117.1,1.6747,1
33.94,-117.37,4.0966,3
33.9,-118.11,5.1423,3
34.08,-118.07,3.2312,1
37.97,-120.3,2.474,5
33.88,-115.58,3.1827,1
32.71,-117.12,0.6433,1
38.0,-122.07,3.625,5
33.95,-118.11,4.8036,3
34.22,-118.38,2.2679,1
36.93,-121.77,3.0192,5
34.04,-118.34,1.7014,1
34.03,-118.19,2.1071,1
34.25,-116.9,3.5288,1
32.7,-117.13,2.5588,1
34.17,-118.37,0.8198,1
33.75,-118.31,4.6042,3
34.13,-118.24,5.6921,3
37.71,-122.13,3.1103,5
37.37,-121.88,6.0959,2
33.89,-118.14,4.5735,3
40.39,-122.27,1.3571,5
34.27,-119.16,5.9181,3
34.04,-118.45,2.7679,1
34.02,-118.16,2.1442,1
37.43,-122.14,8.2664,2
37.03,-121.61,5.6754,2
38.54,-121.46,1.8333,5
34.1,-117.96,3.2266,1
33.61,-117.71,2.3438,1
38.29,-122.18,8.0113,2
34.44,-119.15,5.308,3
37.28,-121.89,6.0936,2
32.76,-117.12,2.1597,1
32.74,-117.25,2.6625,1
37.98,-121.34,5.3002,2
38.11,-122.25,2.1976,5
40.88,-123.53,2.2115,5
35.37,-119.03,2.6513,4
37.81,-122.45,3.9028,5
37.93,-122.05,4.0473,5
34.08,-117.7,4.1448,3
33.69,-117.77,5.0631,3
36.8,-119.71,3.9338,4
38.55,-121.41,1.9167,5
37.99,-121.96,2.9591,5
34.02,-118.25,1.913,1
37.68,-122.13,4.0588,5
34.1,-118.13,3.1975,1
33.25,-117.25,4.6187,3
34.12,-117.24,2.1563,1
33.78,-118.14,3.108,1
37.52,-120.86,3.4821,5
33.68,-116.42,2.2208,1
38.28,-122.21,4.4861,2
33.95,-118.24,0.9708,1
37.37,-122.05,5.6533,2
32.79,-115.69,2.1792,1
34.42,-119.73,5.3279,3
34.3,-118.43,4.0223,3
37.69,-121.04,3.0217,5
38.39,-122.77,2.75,5
32.75,-117.05,2.8306,1
37.73,-121.94,6.1265,2
37.5,-122.14,15.0001,0
35.21,-117.79,2.375,1
39.49,-121.47,3.2174,5
37.71,-122.46,3.65,5
34.1,-117.71,2.2813,1
37.84,-122.27,1.7969,5
34.04,-118.17,1.75,1
38.44,-122.74,3.5845,5
37.3,-122.03,5.4842,2
36.21,-121.13,1.7548,4
34.38,-118.54,6.8299,3
34.96,-120.44,3.4722,4
34.04,-117.98,3.75,1
37.86,-122.06,4.4551,2
37.53,-122.04,3.7364,5
32.81,-116.93,2.6429,1
34.18,-118.52,3.6534,1
37.8,-122.41,6.3245,2
33.82,-118.37,5.877999999999999,3
37.67,-122.09,2.7019,5
34.15,-118.38,4.3036,3
38.4,-122.68,3.1047,5
33.82,-118.3,2.6136,1
35.38,-118.98,1.0648,4
34.07,-118.34,3.1766,1
38.28,-122.3,3.3977,5
38.09,-122.21,3.8667,5
40.47,-124.1,3.5345,5
37.26,-121.98,4.6654,2
34.49,-117.23,5.4201,3
33.75,-118.29,2.7031,1
37.92,-122.29,5.943,2
37.96,-121.23,1.6563,5
33.96,-118.23,2.5913,1
39.14,-123.21,1.9032,5
36.97,-121.91,3.5112,5
34.02,-118.14,2.75,1
37.66,-121.9,6.4994,2
36.75,-119.75,2.5111,4
36.99,-122.01,3.6902,5
33.96,-118.31,1.747,1
38.7,-121.32,4.3643,2
33.84,-118.29,3.5094,1
34.26,-119.18,5.5275,3
38.52,-122.76,3.055,5
36.34,-119.27,3.5296,4
33.86,-118.08,3.3333,1
36.21,-119.33,2.6083,4
33.74,-117.92,3.1773,1
33.76,-117.89,3.8056,1
34.09,-118.4,15.0001,0
40.57,-122.39,1.4091,5
38.83,-121.21,3.5607,5
38.42,-122.72,3.0969,5
32.82,-117.19,5.0465,3
33.58,-117.65,7.8061,3
35.35,-119.04,3.1753,4
34.06,-118.29,1.9309,1
36.8,-119.24,2.6902,4
33.99,-118.19,2.4516,1
33.98,-118.12,3.6875,1
33.97,-118.5,5.127999999999999,3
38.34,-122.88,5.0574,2
37.29,-121.95,4.6371,2
34.44,-119.75,1.8432,4
32.67,-117.02,6.5772,3
37.31,-120.46,3.48,4
37.41,-122.29,10.6868,0
40.73,-124.1,3.9659,5
37.73,-122.43,3.8934,5
33.65,-117.91,2.2222,1
36.99,-120.62,1.9732,4
35.27,-118.34,2.3917,1
33.97,-118.11,3.6397,1
37.81,-122.4,7.7852,2
35.37,-118.96,1.7467,4
38.63,-121.37,4.8194,2
33.76,-118.14,3.5214,1
37.74,-122.42,4.3125,2
34.87,-120.4,4.9766,3
34.17,-118.95,7.6016,3
37.81,-122.28,2.4464,5
34.11,-117.45,2.9112,1
37.8,-122.43,5.7934,2
37.99,-121.34,6.556,2
37.63,-122.41,4.2262,2
36.98,-122.02,3.2368,5
34.15,-118.14,1.9923,1
34.02,-118.29,1.1563,1
32.74,-117.16,2.6042,1
33.46,-117.66,5.0877,3
38.51,-122.47,3.5506,5
32.83,-116.93,3.944,1
37.79,-122.27,2.6354,5
33.94,-118.28,2.7917,1
37.45,-122.23,7.7932,2
32.8,-115.56,1.5987,1
34.06,-118.18,2.53,1
34.08,-118.15,3.125,1
34.07,-117.71,3.8875,1
34.02,-118.36,1.7159,1
33.81,-117.43,4.2273,3
38.66,-121.78,4.8226,2
36.83,-119.68,6.1133,2
33.87,-117.6,4.2721,3
34.13,-117.9,2.6619,1
33.9,-118.18,3.0909,1
37.99,-121.23,5.5693,2
38.93,-119.98,2.3281,5
33.71,-117.34,3.1513,1
34.15,-118.27,3.2171,1
34.09,-118.35,2.5982,1
33.79,-118.13,5.3441,3
33.85,-117.24,2.8194,1
34.27,-119.27,3.5893,1
37.85,-122.24,7.2574,2
33.91,-117.6,7.2379,3
34.07,-118.48,8.5153,0
32.68,-115.51,2.625,1
34.05,-117.19,3.8816,1
33.82,-118.06,4.5833,3
37.25,-121.0,3.1738,5
37.9,-122.71,3.115,5
33.89,-118.17,2.6328,1
36.37,-119.83,2.7159,4
39.21,-121.06,2.2083,5
36.51,-119.81,2.7321,4
38.0,-121.78,5.3245,2
34.04,-118.37,2.767,1
34.03,-118.44,3.625,1
38.68,-121.26,2.7477,5
38.57,-121.31,3.5192,5
33.87,-118.39,5.9683,3
33.9,-118.18,3.5461,1
33.7,-118.03,7.7854,3
34.02,-117.42,4.2321,3
34.24,-118.45,3.5082,1
36.89,-119.67,5.308,2
33.93,-118.0,4.9205,3
36.74,-119.98,3.4861,4
34.07,-118.18,2.6842,1
39.35,-120.22,4.5882,2
39.5,-121.44,3.0446,5
37.64,-120.77,2.6417,5
37.73,-122.18,2.1111,5
38.51,-121.46,1.68,5
38.33,-122.33,5.3017,2
33.73,-117.93,6.7919,3
37.27,-121.96,5.5151,2
36.32,-119.64,1.3569,4
34.06,-118.03,2.1094,1
35.32,-119.03,2.5575,4
37.26,-121.93,2.8125,5
34.36,-118.93,4.6607,3
34.08,-118.27,2.5521,1
32.66,-117.08,2.81,1
34.65,-120.46,1.6488,4
34.91,-115.53,2.5391,1
38.0,-121.24,2.4688,5
36.54,-119.87,2.4044,4
37.57,-122.34,7.0422,2
35.41,-118.96,2.947,4
32.63,-117.08,2.6146,1
37.77,-122.44,4.3667,2
33.9,-118.23,1.8095,1
36.55,-121.92,3.6,5
37.27,-121.94,3.9265,5
36.74,-120.07,3.087,4
38.32,-122.32,5.8002,2
38.44,-122.73,2.4,5
34.17,-118.12,3.0417,1
36.7,-119.89,2.5809,4
33.81,-118.13,5.395,3
34.43,-119.73,2.303,4
33.9,-118.25,1.9605,1
34.03,-117.98,2.625,1
34.29,-118.41,4.2969,3
34.29,-118.43,3.6726,1
33.67,-117.97,6.979,3
34.26,-118.79,7.2137,3
39.09,-121.55,1.4958,5
38.55,-121.13,4.2031,5
38.0,-121.29,2.375,5
33.89,-118.23,2.1389,1
34.14,-118.51,12.8879,0
38.75,-121.31,4.0519,5
37.76,-122.47,2.5933,5
36.1,-119.06,2.5893,4
34.06,-118.44,2.2857,1
34.1,-117.27,1.8022,1
36.83,-119.71,3.5078,4
34.11,-118.32,3.2462,1
37.36,-121.98,5.7059,2
34.12,-117.3,2.0583,1
34.12,-118.08,3.6827,1
33.76,-117.87,2.246,1
36.59,-120.18,2.3026,4
33.89,-118.23,2.1949,1
34.04,-118.14,3.3214,1
36.43,-121.32,2.7153,4
33.94,-118.23,2.0187,1
34.71,-118.14,2.8194,1
39.06,-122.91,1.939,5
33.9,-117.89,6.5284,3
34.04,-118.53,9.1078,0
32.81,-117.16,2.2899,1
35.39,-118.99,2.5083,4
37.27,-121.92,5.6358,2
37.64,-122.09,3.9063,5
33.94,-117.37,6.6635,3
40.85,-121.07,3.6641,5
38.52,-121.46,2.1736,5
32.85,-116.98,4.0882,1
32.82,-116.94,3.2411,1
34.96,-120.42,4.5066,4
34.14,-117.2,5.159,3
34.03,-117.72,5.6029,3
38.56,-121.43,3.0938,5
36.97,-122.02,1.1552,5
34.09,-117.89,2.3971,1
33.96,-118.12,4.625,3
34.07,-117.74,4.2415,3
34.25,-118.29,2.4727,1
37.72,-122.08,5.6194,2
38.51,-122.45,1.9441,5
38.25,-121.06,3.6528,5
33.83,-118.04,4.055,3
36.57,-121.42,2.8775,5
37.75,-122.17,2.3281,5
33.73,-118.07,9.8346,0
38.62,-121.37,3.0139,5
33.85,-118.1,5.9493,3
40.63,-120.35,3.625,5
41.48,-122.93,2.7230000000000003,5
37.64,-122.07,4.7083,2
34.27,-118.54,6.7415,3
32.76,-117.25,4.9125,3
34.31,-118.61,5.0151,3
36.98,-121.97,3.7083,5
38.89,-121.29,3.3889,5
33.95,-118.27,1.8798,1
33.74,-118.1,4.537,3
32.74,-117.09,2.1757,1
32.64,-117.02,6.5151,3
33.25,-117.32,3.6301,1
35.62,-118.45,1.4141,4
32.76,-117.09,2.5909,1
33.95,-118.14,6.8564,3
34.07,-118.16,3.6364,1
32.68,-115.5,1.5931,1
34.11,-118.06,3.0854,1
38.1,-122.22,2.9469,5
37.85,-122.12,8.0074,2
33.98,-118.08,4.0677,3
39.0,-121.0,10.9891,0
33.26,-117.3,4.1713,3
34.1,-118.05,4.7931,3
37.78,-122.47,4.1856,2
33.98,-118.28,0.9337,1
39.27,-121.23,3.3603,5
37.96,-121.36,3.9922,5
33.82,-118.19,3.5521,1
34.03,-117.33,4.7986,3
37.67,-122.48,2.964,5
38.27,-122.57,5.3707,2
33.76,-117.84,5.375,3
36.06,-118.99,1.7564,4
34.01,-118.41,5.3683,3
39.4,-120.09,2.125,5
39.39,-123.34,2.3333,5
33.63,-117.71,3.4261,1
36.69,-119.12,2.2278,4
33.83,-118.32,5.2363,3
38.13,-121.26,2.2188,5
36.42,-119.1,1.8801,4
36.06,-119.14,1.6452,4
38.98,-121.06,4.7019,2
33.61,-117.16,4.7944,3
37.8,-122.44,4.625,2
33.85,-117.96,4.8438,3
39.08,-121.04,3.463,5
34.02,-118.13,2.125,1
34.21,-118.5,5.5675,3
33.96,-117.97,7.2472,3
37.31,-122.0,7.8383,2
37.97,-122.3,3.5353,5
37.81,-121.23,5.5591,2
33.74,-118.3,4.4671,3
32.63,-117.03,5.2489,3
39.76,-121.58,1.7875,5
34.04,-118.21,2.1862,1
38.54,-121.42,3.0521,5
33.81,-117.93,4.8981,3
34.25,-118.49,5.0,3
37.29,-121.98,7.5443,2
33.9,-118.1,4.7813,3
38.54,-121.45,2.7787,5
36.47,-121.74,4.25,2
33.1,-117.31,3.5341,1
34.43,-119.7,2.6205,4
37.46,-122.13,3.2642,5
34.21,-118.85,4.9234,3
36.8,-119.85,2.9565,4
34.12,-117.29,1.2069,1
32.79,-117.24,3.4306,1
34.92,-118.27,2.9583,1
37.55,-120.85,2.5938,5
33.88,-118.21,2.0125,1
33.19,-117.24,2.9191,1
39.08,-121.54,2.3598,5
34.14,-117.9,3.8365,1
34.09,-118.35,2.8021,1
39.22,-121.07,2.425,5
37.3,-121.81,5.5248,2
36.74,-119.74,1.2065,4
35.6,-120.6,4.475,4
37.92,-122.49,6.2953,2
35.39,-119.12,4.5903,3
33.97,-117.21,5.6409,3
35.13,-120.61,2.7301,4
33.93,-118.03,5.2736,3
34.05,-118.31,2.2937,1
34.22,-118.89,5.5402,3
34.95,-120.42,1.7431,4
36.71,-119.56,2.5741,4
40.17,-122.25,1.8077,5
36.9,-121.68,5.2729,2
32.82,-117.03,4.9744,3
37.88,-122.3,2.9,5
38.31,-121.93,4.875,2
36.92,-121.76,3.4125,5
34.17,-117.32,3.6362,1
37.6,-122.02,2.652,5
37.27,-121.99,7.598,2
35.68,-119.22,1.8843,4
33.95,-118.12,5.0526,3
40.87,-124.07,0.7684,5
38.2,-120.57,2.6417,5
32.61,-117.03,6.0086,3
40.9,-124.1,2.7321,5
36.2,-119.9,1.875,4
34.06,-118.14,4.7569,3
33.84,-118.12,5.0719,3
32.58,-117.05,5.3072,3
34.18,-117.34,4.6312,3
32.67,-117.05,5.4863,3
38.72,-121.25,4.485,2
32.97,-115.52,1.9911,1
38.67,-121.24,4.0182,5
38.66,-121.37,2.4574,5
33.4,-117.59,4.0076,1
37.76,-122.39,4.0042,5
33.83,-116.98,2.6830000000000003,1
34.96,-120.45,4.0603,4
33.79,-118.07,5.8283,3
37.35,-121.95,3.6118,5
33.36,-116.34,3.3214,1
34.47,-118.48,3.375,1
33.94,-117.48,2.7813,1
35.46,-120.64,2.5437,4
34.41,-119.72,4.3214,3
37.33,-120.89,2.0417,5
36.3,-119.7,2.2895,4
33.86,-117.93,2.6563,1
34.16,-117.27,6.2236,3
37.86,-122.26,2.9044,5
37.75,-122.15,3.225,5
34.06,-117.25,1.9821,1
37.65,-122.11,3.4861,5
34.17,-118.15,2.0278,1
32.74,-117.13,2.625,1
33.78,-117.99,3.5313,1
33.88,-117.64,5.5360000000000005,3
37.52,-122.28,5.4719,2
36.1,-119.56,2.13,4
37.79,-122.41,1.3668,5
37.56,-122.02,5.5737,2
37.34,-121.87,6.6345,2
32.8,-117.21,3.7102,1
36.72,-119.72,6.8162,2
37.81,-122.26,2.8406,5
38.6,-121.7,2.8922,5
32.74,-117.22,7.4029,3
38.91,-120.97,4.8311,2
34.08,-118.03,2.9688,1
33.68,-118.28,3.7282,1
34.11,-118.12,10.2317,0
34.24,-118.43,4.6827,3
37.82,-122.25,3.9063,5
36.77,-119.73,2.9406,4
37.74,-121.13,2.4598,5
35.11,-120.57,3.5242,4
34.0,-118.48,2.6736,1
37.7,-122.15,3.4583,5
33.78,-116.53,2.5489,1
38.59,-121.34,8.05,2
33.95,-117.39,4.125,3
38.93,-122.89,2.7188,5
36.29,-119.14,1.5321,4
34.07,-118.17,3.875,1
38.0,-121.3,2.6495,5
37.97,-122.01,3.6449,5
33.82,-117.82,8.3637,0
35.18,-120.57,4.0403,4
38.37,-121.13,7.0326,2
34.2,-118.16,3.8203,1
34.03,-118.37,3.9732,1
34.22,-118.88,5.756,3
34.09,-117.65,2.7083,1
37.95,-122.56,6.1444,2
34.07,-117.98,3.0184,1
34.05,-117.71,2.5735,1
33.86,-118.02,5.6677,3
38.68,-121.31,3.8603,5
36.3,-119.21,1.9135,4
37.6,-121.04,2.1875,5
33.97,-118.18,2.2122,1
38.34,-121.96,6.0252,2
37.91,-122.3,3.6321,5
37.91,-122.51,6.641,2
33.09,-117.08,4.7566,3
38.58,-121.49,1.4034,5
33.23,-117.24,4.0776,1
38.8,-121.18,5.1857,2
37.25,-121.92,4.7917,2
33.92,-117.5,2.9821,1
34.08,-117.65,3.3836,1
34.89,-117.01,2.7198,1
37.77,-120.86,2.3523,5
35.31,-119.01,2.1006,4
33.79,-118.19,2.137,1
37.3,-121.95,3.3958,5
34.03,-118.4,3.4058,1
37.77,-122.43,3.3702,5
38.0,-121.83,1.7161,5
32.77,-116.9,6.2609,3
33.75,-117.92,4.0313,1
34.31,-118.49,7.0598,3
37.63,-122.1,3.7895,5
37.06,-121.61,5.5936,2
34.1,-117.63,2.6582,1
33.94,-118.15,3.3289,1
39.08,-122.79,1.5208,5
37.63,-122.53,2.9087,5
39.74,-122.16,3.0469,5
32.57,-117.12,2.6715,1
37.45,-122.25,10.2811,0
33.0,-117.26,4.7841,3
34.01,-117.61,3.9696,1
32.86,-116.62,4.0159,1
36.96,-120.06,1.6534,4
34.06,-117.93,3.4596,1
37.57,-122.32,3.2891,5
34.1,-117.61,3.6033,1
33.8,-118.38,8.0838,0
37.36,-122.05,7.5337,2
39.83,-120.46,2.2717,5
34.01,-118.32,2.4022,1
34.07,-117.91,5.0897,3
33.8,-117.99,3.975,1
36.21,-121.12,2.1107,4
38.01,-121.3,3.2788,5
34.06,-118.49,15.0001,0
33.97,-117.39,4.3176,3
34.11,-117.69,2.6929,1
32.7,-117.14,1.8008,1
32.69,-117.18,4.4777,3
37.66,-122.43,4.3039,2
36.19,-119.32,1.0962,4
38.59,-122.58,3.5208,5
37.78,-122.18,3.875,5
38.93,-122.61,4.3897,2
38.31,-122.72,4.3906,2
34.07,-118.13,2.3664,1
33.88,-117.56,2.4861,1
33.86,-118.18,2.375,1
34.03,-118.44,3.125,1
37.62,-122.42,4.8295,2
37.67,-122.08,0.9637,5
34.15,-118.24,3.1435,1
34.09,-118.23,2.6051,1
33.71,-117.94,5.9449,3
34.05,-118.5,15.0,0
34.28,-118.45,2.7155,1
34.35,-119.5,11.7794,0
38.03,-121.16,1.4732,5
34.01,-118.44,4.5795,3
37.3,-121.93,2.7153,5
37.77,-122.26,4.7778,2
34.07,-117.17,3.0651,1
36.08,-119.56,1.6607,4
34.16,-118.61,6.8107,3
37.57,-122.32,3.2285,5
37.76,-122.47,3.2083,5
32.62,-117.06,3.9167,1
33.9,-118.3,2.9559,1
36.96,-121.88,5.8325,2
39.12,-123.07,3.8333,5
37.97,-122.53,2.6036,5
33.99,-118.28,1.8818,1
33.91,-118.37,3.9355,1
33.85,-117.9,3.3375,1
36.76,-119.77,1.869,4
33.96,-118.05,2.9714,1
33.98,-118.22,1.6685,1
34.21,-118.41,5.35,3
34.01,-118.28,1.8656,1
33.76,-117.16,2.625,1
37.08,-122.04,4.8,2
33.71,-117.78,7.3518,3
34.08,-118.26,1.7945,1
36.99,-121.96,2.7375,5
38.55,-121.35,3.9934,5
34.01,-118.47,2.5417,1
36.32,-119.29,2.2024,4
38.61,-121.44,2.6442,5
36.33,-119.32,4.5938,4
37.84,-122.27,1.725,5
35.36,-118.98,1.6981,4
33.92,-116.89,2.6643,1
37.74,-122.46,5.3961,2
34.18,-118.16,1.8932,1
38.6,-121.46,1.9688,5
37.75,-122.4,2.0577,5
35.13,-120.62,2.7128,4
34.03,-118.3,1.78,1
40.46,-122.45,2.8085,5
37.79,-122.46,4.1029,5
38.16,-121.32,3.5,5
38.48,-122.64,5.8369,2
32.9,-117.13,3.7156,1
33.2,-117.35,3.9875,1
37.82,-122.28,1.5057,5
34.28,-118.38,4.7932,3
33.63,-117.61,6.1078,3
35.38,-118.92,3.8307,4
37.88,-122.28,4.2614,2
35.33,-119.0,1.9417,4
33.89,-117.87,2.425,1
34.19,-118.17,4.0985,3
36.92,-121.75,2.4615,5
36.52,-119.28,2.25,4
34.93,-120.44,2.0995,4
33.82,-118.03,6.0162,3
33.76,-118.03,5.0866,3
36.07,-119.05,1.7756,4
38.11,-121.26,3.1284,5
32.8,-117.16,3.0625,1
34.17,-118.07,5.7051,3
33.79,-118.32,3.8287,1
37.29,-121.91,5.3077,2
34.01,-118.16,1.7679,1
32.8,-117.14,2.5368,1
33.19,-117.34,5.276,3
34.16,-118.24,6.9408,3
34.39,-119.59,3.6969,4
39.14,-120.16,3.9722,5
37.33,-121.92,5.5259,2
34.01,-118.14,3.0179,1
34.11,-117.27,1.8281,1
33.95,-117.02,2.8783,1
37.82,-122.25,5.882999999999999,2
37.94,-122.32,5.5196,2
34.05,-118.19,2.1058,1
34.43,-119.74,5.0434,3
32.81,-117.02,4.0656,1
34.04,-118.52,6.5147,3
39.74,-121.86,1.1019,5
33.94,-118.32,4.5368,3
33.93,-118.34,2.2976,1
38.55,-121.74,1.7311,5
32.8,-117.09,2.15,1
34.18,-118.11,5.9009,3
34.42,-119.71,3.1563,4
37.7,-122.16,5.0043,2
32.73,-116.98,5.0864,3
37.68,-122.09,2.4042,5
34.15,-118.26,2.8088,1
37.96,-121.33,2.5195,5
37.96,-122.28,5.5,2
38.94,-119.96,1.8906,5
32.8,-116.94,2.4141,1
37.65,-120.95,2.6964,5
33.99,-118.18,2.4375,1
36.86,-121.73,4.4271,2
37.36,-122.08,9.281,0
34.09,-118.12,3.2307,1
34.0,-118.27,1.75,1
33.94,-118.04,4.2051,3
34.02,-118.12,1.8906,1
35.33,-119.06,3.8117,4
36.81,-121.5,4.2333,2
33.98,-118.38,6.8112,3
34.06,-118.13,2.8672,1
33.8,-118.15,3.1042,1
33.11,-117.24,6.0336,3
34.01,-117.43,3.0909,1
33.79,-118.16,3.233,1
34.41,-119.53,3.9659,4
34.19,-118.2,15.0001,0
33.82,-118.38,6.0308,3
37.53,-120.81,1.875,5
37.8,-122.28,0.8668,5
40.79,-124.13,3.5833,5
33.84,-117.52,3.55,1
33.7,-117.88,5.4836,3
33.95,-118.36,2.6535,1
33.87,-117.22,2.625,1
37.35,-121.97,3.925,5
38.07,-121.29,3.1917,5
36.22,-119.33,4.2011,4
36.62,-121.92,3.0379,5
37.67,-122.48,3.3906,5
34.1,-118.34,1.5429,1
34.21,-118.5,4.5125,3
34.94,-120.44,3.1576,4
38.02,-121.93,5.1337,2
33.76,-117.54,4.7965,3
34.14,-117.38,5.246,3
38.58,-121.49,0.9196,5
34.17,-118.4,2.2652,1
37.39,-121.81,7.4559,2
34.17,-118.39,3.3516,1
37.78,-122.42,1.8438,5
34.14,-118.56,10.4399,0
37.73,-120.95,2.8565,5
33.96,-118.13,4.5625,3
34.55,-117.32,0.8246,1
33.19,-116.0,1.2639,1
34.25,-118.54,6.2788,3
37.71,-122.41,4.9926,2
33.9,-118.0,4.5144,3
34.15,-118.01,3.9125,1
37.8,-122.41,1.9145,5
33.93,-117.43,2.4922,1
33.99,-118.28,1.4625,1
34.22,-118.49,5.0325,3
34.06,-117.13,4.9688,3
33.84,-117.95,3.65,1
33.99,-118.08,2.8152,1
33.91,-118.12,3.6917,1
37.09,-120.95,2.875,5
33.97,-114.49,1.6154,1
37.04,-120.35,2.9306,4
34.03,-118.48,2.8981,1
32.97,-117.11,6.0862,3
37.35,-121.99,4.5427,2
33.43,-117.62,4.0647,1
38.72,-121.42,3.0903,5
36.49,-121.74,4.4209,2
37.45,-122.15,6.1575,2
33.63,-117.9,3.2125,1
37.35,-120.59,3.5393,4
34.05,-117.78,3.9224,1
33.81,-116.25,3.4583,1
35.34,-119.02,2.3125,4
33.88,-118.13,2.2027,1
38.03,-118.98,3.5469,4
34.03,-118.44,4.2411,3
37.29,-120.49,1.0955,4
33.91,-118.26,2.5882,1
39.97,-121.51,2.3036,5
33.6,-114.6,1.625,1
32.74,-117.14,3.125,1
37.5,-122.26,5.6271,2
34.07,-118.36,4.7019,3
37.8,-121.94,7.8287,2
38.59,-121.4,2.5363,5
36.14,-120.35,1.7075,4
38.12,-122.25,2.5865,5
38.31,-122.7,4.1964,5
34.28,-118.51,5.4065,3
34.03,-118.2,1.4115,1
33.22,-117.37,3.676,1
34.28,-118.35,4.6944,3
37.41,-122.15,10.476,0
34.3,-118.96,6.907,3
37.98,-121.25,1.5329,5
34.14,-117.3,2.3438,1
36.79,-119.81,2.4167,4
36.7,-119.57,3.7261,4
33.67,-117.9,6.1601,3
37.61,-122.43,4.1692,2
38.5,-121.54,4.2075,5
33.83,-118.33,5.5023,3
36.6,-121.9,3.0625,5
37.77,-122.16,3.5739,5
33.79,-117.84,5.3041,3
33.73,-117.97,5.7121,3
35.37,-118.95,2.1588,4
35.23,-115.75,2.5333,1
33.72,-117.93,7.6709,3
38.53,-122.52,4.875,2
37.78,-122.41,1.8519,5
38.13,-121.28,4.0625,5
32.68,-117.04,5.0947,3
34.17,-118.92,5.9836,3
37.69,-122.47,3.5909,5
37.74,-121.13,3.6016,5
37.69,-121.03,3.4632,5
34.03,-118.26,1.2096,1
34.4,-119.75,6.8927,3
33.47,-117.71,5.5507,3
40.18,-122.22,2.3517,5
37.97,-120.33,2.0057,5
33.41,-117.61,6.1557,3
32.83,-117.28,3.7306,1
34.09,-118.25,3.1864,1
39.04,-121.07,4.5042,2
34.06,-118.31,2.1435,1
38.58,-121.46,3.8914,5
39.9,-122.57,2.4555,5
37.76,-122.16,2.4598,5
33.74,-117.98,4.7404,3
37.69,-122.12,3.4375,5
34.06,-118.27,1.494,1
37.6,-122.06,4.625,2
33.97,-118.07,4.8929,3
33.91,-118.36,4.1,3
33.87,-117.58,3.5313,1
37.77,-120.85,1.3583,5
33.88,-117.93,5.1237,3
37.95,-122.37,0.9797,5
39.1,-121.63,4.174,5
37.33,-121.79,6.6813,2
36.83,-119.58,5.4895,2
34.38,-119.57,5.759,3
36.32,-119.77,3.9926,4
33.9,-117.83,6.5755,3
33.21,-117.23,3.6181,1
33.8,-116.8,3.4167,1
35.76,-120.93,3.23,4
38.67,-121.39,0.9338,5
34.12,-118.27,3.575,1
32.86,-117.19,6.1805,3
33.67,-117.07,2.375,1
37.18,-121.06,3.0909,5
33.97,-118.24,2.1473,1
33.8,-118.21,3.2778,1
37.78,-122.47,4.1339,2
36.61,-121.87,4.2109,2
33.75,-117.88,1.5026,1
37.48,-122.27,8.5184,2
33.98,-118.04,3.0,1
32.95,-117.03,4.5032,3
34.09,-117.93,3.9861,1
34.1,-118.06,3.8646,1
35.76,-119.29,2.1295,4
37.55,-121.95,6.6478,2
37.68,-121.89,6.2918,2
33.59,-117.68,8.8636,0
37.8,-122.41,3.3839,5
38.77,-120.58,4.03,5
33.77,-117.97,2.6618,1
36.6,-121.89,1.2656,5
37.97,-122.53,1.9063,5
37.41,-122.07,5.7657,2
33.95,-118.32,4.6667,3
34.28,-119.2,3.4006,1
39.15,-123.22,3.3667,5
35.11,-120.59,3.155,4
38.52,-121.46,2.71,5
34.1,-117.19,4.0114,1
35.4,-118.99,3.5714,4
36.75,-121.76,3.8424,5
33.66,-118.01,4.355,3
39.04,-121.06,5.5161,2
34.02,-118.17,2.3077,1
33.89,-118.25,2.9643,1
37.66,-121.87,5.0677,2
36.79,-119.81,2.9506,4
34.16,-118.43,3.4208,1
34.07,-117.68,4.0375,1
32.8,-117.24,3.1010000000000004,1
37.84,-122.2,7.4882,2
33.92,-117.91,4.7222,3
37.72,-122.07,5.4834,2
37.48,-120.84,2.7381,5
36.69,-121.66,3.7912,5
37.08,-122.08,4.425,2
34.07,-118.12,3.0592,1
37.89,-122.3,4.0875,5
33.89,-117.88,3.6435,1
34.2,-118.11,6.827000000000001,3
38.01,-122.56,4.6,2
37.36,-121.87,3.5625,5
34.19,-118.55,4.675,3
37.65,-120.97,3.9886,5
33.94,-118.36,3.3056,1
34.16,-118.52,5.17,3
37.67,-121.04,0.536,5
37.64,-120.95,2.7209,5
33.79,-118.09,5.8491,3
33.53,-117.72,5.1129,3
37.8,-122.2,5.1184,2
33.7,-117.98,4.4148,3
34.1,-118.25,3.7184,1
37.73,-122.47,10.6605,0
36.13,-118.82,2.8906,4
34.12,-118.16,5.4165,3
34.07,-118.29,2.3567,1
34.09,-117.66,3.0357,1
38.42,-122.86,3.6667,5
33.88,-118.37,4.4211,3
33.74,-117.95,5.4485,3
33.93,-116.88,1.2188,1
34.09,-117.62,4.0139,1
34.65,-120.47,2.4583,4
37.99,-120.3,2.517,5
37.32,-121.95,3.1458,5
34.01,-118.33,3.7727,1
34.08,-117.36,3.7348,1
34.26,-118.34,5.2661,3
34.25,-118.47,4.1492,3
34.22,-118.52,5.5209,3
34.28,-119.14,2.25,1
34.11,-118.1,6.706,3
32.72,-116.99,4.7679,3
35.37,-119.04,2.875,4
37.74,-121.11,4.4213,2
34.1,-118.34,2.5434,1
33.82,-118.17,5.5106,3
37.64,-122.46,4.5938,2
36.6,-119.55,2.309,4
33.16,-117.35,3.7891,1
34.09,-118.57,11.2866,0
33.02,-117.07,2.6048,1
34.08,-117.94,4.87,3
37.82,-121.22,3.1964,5
34.25,-118.61,5.5111,3
34.24,-116.91,1.6336,1
38.39,-122.84,4.4357,2
37.79,-122.49,6.1407,2
36.2,-119.32,2.2262,4
33.92,-118.2,3.1538,1
32.63,-117.01,5.7358,3
36.34,-119.3,1.8299,4
38.58,-121.54,1.3177,5
39.52,-121.53,2.4821,5
34.04,-118.11,5.2446,3
33.93,-117.39,4.8333,3
33.99,-118.43,4.3281,3
38.07,-122.19,4.6406,2
33.84,-118.17,2.7260000000000004,1
37.62,-122.04,6.396,2
37.31,-121.8,5.0543,2
40.44,-124.09,2.3947,5
38.63,-121.34,4.0036,5
38.68,-121.8,3.4331,5
33.8,-118.36,6.9742,3
36.29,-119.8,5.1728,2
34.25,-118.45,3.9833,1
38.29,-122.3,2.6518,5
37.33,-121.98,6.1388,2
34.21,-118.44,4.8703,3
33.84,-116.86,2.7788,1
34.26,-118.77,5.6385,3
37.7,-122.46,3.5035,5
34.14,-118.48,10.3599,0
33.72,-118.16,3.625,1
37.99,-122.07,4.5401,2
34.11,-117.77,3.75,1
34.27,-118.27,6.1946,3
36.05,-119.01,1.3807,4
37.38,-122.09,6.1995,2
37.36,-122.05,3.9848,5
37.47,-122.22,3.1864,5
37.97,-121.31,3.6667,5
37.98,-121.31,3.0625,5
39.76,-121.82,3.0068,5
34.18,-118.75,6.6122,3
34.04,-117.71,4.625,3
37.45,-122.23,5.0457,2
38.69,-121.2,2.7174,5
34.07,-118.39,4.2386,3
33.97,-118.04,3.0491,1
33.86,-118.05,6.5513,3
37.97,-122.32,4.5,2
33.75,-118.0,2.7589,1
37.77,-121.97,7.2216,2
37.87,-122.27,1.7464,5
37.67,-122.11,3.0917,5
33.94,-118.35,3.3125,1
38.56,-121.53,2.9375,5
34.17,-118.57,6.0928,3
37.49,-122.24,3.7463,5
33.74,-118.32,10.1357,0
37.98,-122.54,5.5083,2
33.67,-117.86,3.875,1
34.03,-117.93,4.7917,3
32.69,-117.03,4.6648,3
36.54,-119.12,2.9828,4
36.97,-122.03,2.1964,5
38.25,-122.62,2.875,5
33.96,-118.48,12.0088,0
32.92,-117.13,4.2614,3
32.99,-117.09,5.1909,3
33.87,-118.4,5.3816,3
33.49,-117.72,5.7281,3
33.78,-118.15,3.6193,1
34.08,-118.3,1.8771,1
33.64,-117.93,2.7543,1
32.74,-117.11,2.2,1
38.49,-121.51,4.1,5
37.55,-120.8,3.1641,5
33.96,-118.3,2.8299,1
34.05,-118.19,2.7432,1
33.89,-118.38,6.5745,3
37.81,-121.21,5.193,2
33.93,-118.28,3.5833,1
34.23,-118.44,4.5278,3
38.35,-122.32,5.5718,2
34.71,-117.76,2.9541,1
37.74,-120.91,3.25,5
37.85,-122.27,1.7135,5
34.19,-118.41,3.9792,1
35.38,-119.02,1.1875,4
37.57,-122.34,4.2407,2
34.0,-117.06,2.5357,1
33.96,-118.43,6.1985,3
34.06,-117.18,2.1875,1
33.81,-117.82,9.9055,0
37.65,-122.12,2.375,5
38.01,-121.35,3.5982,5
33.96,-118.2,2.8371,1
32.9,-116.52,4.57,3
32.8,-117.25,2.9781,1
34.06,-118.05,3.023,1
34.27,-118.44,3.4,1
38.03,-120.39,2.6094,5
33.98,-117.5,4.2099,3
37.52,-120.83,4.1859,2
33.52,-117.12,4.5841,3
36.98,-121.99,3.1914,5
34.1,-118.34,1.8209,1
34.05,-118.37,4.0583,3
37.95,-121.98,6.7371,2
34.05,-117.72,2.7321,1
32.58,-117.05,4.087,1
38.45,-122.71,3.455,5
33.93,-116.89,2.0976,1
37.72,-122.43,3.6667,5
37.55,-122.27,6.7474,2
33.93,-118.36,3.1656,1
37.75,-122.16,2.925,5
38.26,-122.04,2.7885,5
38.82,-121.24,5.4498,2
37.3,-120.46,2.3095,4
37.75,-122.45,3.0804,5
39.21,-123.19,3.5917,5
37.81,-122.3,2.5938,5
33.66,-117.95,6.8226,3
34.1,-118.25,2.625,1
37.78,-122.41,1.1185,5
32.76,-117.06,3.2188,1
38.13,-121.29,2.3917,5
38.0,-122.39,4.125,5
33.2,-117.26,2.8214,1
34.05,-118.44,4.8618,3
34.16,-118.45,3.6171,1
33.98,-118.25,1.7207,1
33.53,-117.77,5.1837,3
37.93,-122.31,3.5089,5
37.96,-121.26,2.3056,5
34.08,-117.6,4.9063,3
36.77,-119.68,6.0132,2
37.2,-121.83,6.8333,2
34.18,-118.37,2.9228,1
36.25,-119.69,2.395,4
37.35,-122.01,5.0785,2
38.91,-120.88,2.902,5
33.16,-116.68,2.1797,1
37.74,-121.98,7.9393,2
37.92,-122.3,4.0804,5
33.9,-118.36,4.0727,3
38.99,-122.0,2.9489,5
34.19,-118.9,10.0595,0
37.97,-122.55,7.1155,2
38.53,-121.42,3.4083,5
34.4,-119.7,3.0938,4
34.05,-118.33,2.1736,1
37.34,-121.84,4.25,2
34.0,-118.34,5.8993,3
33.17,-117.24,4.2826,3
33.09,-117.23,6.3373,3
33.95,-117.44,3.7344,1
37.31,-121.88,4.5795,2
38.02,-121.88,2.5737,5
33.93,-118.33,6.0718,3
41.23,-122.27,2.1898,5
37.24,-121.94,7.3522,2
34.01,-118.52,3.1433,1
34.02,-118.3,1.631,1
33.93,-118.23,1.7411,1
37.23,-121.78,5.898,2
33.94,-117.24,1.6111,1
40.14,-120.94,1.5774,5
34.14,-117.33,1.9423,1
38.24,-120.72,2.5473,5
37.94,-122.35,2.3456,5
38.27,-122.45,4.2237,2
37.97,-121.32,3.3235,5
37.79,-122.41,3.3681,5
34.08,-117.65,5.4689,3
33.85,-117.93,3.2188,1
32.81,-117.05,5.6402,3
38.71,-121.22,4.4695,2
33.86,-118.35,3.9732,1
37.23,-121.77,5.6958,2
34.13,-118.05,3.735,1
34.38,-119.53,2.7864,4
37.66,-122.09,2.2222,5
33.99,-118.23,4.5208,3
34.12,-118.45,9.7449,0
38.04,-121.63,3.2619,5
34.05,-118.19,1.9083,1
38.92,-119.98,2.0708,5
38.61,-121.36,3.8882,5
37.68,-122.08,2.6563,5
40.07,-122.19,1.9773,5
32.76,-117.13,2.6333,1
37.96,-121.29,1.3438,5
33.83,-118.07,2.5978,1
34.02,-117.08,3.3365,1
34.03,-118.34,3.4306,1
38.83,-122.74,3.3531,5
38.99,-122.7,2.3558,5
32.68,-117.1,2.0724,1
33.73,-117.99,3.1912,1
38.54,-121.35,3.5691,5
33.98,-117.37,2.1151,1
34.18,-118.46,3.0877,1
33.89,-117.34,5.363,3
33.95,-118.38,3.2708,1
37.78,-122.47,4.0208,5
33.76,-118.14,4.3889,3
38.67,-121.2,2.9803,5
37.94,-122.41,3.2875,5
34.62,-120.18,3.1912,4
34.28,-118.44,1.9688,1
34.42,-119.7,3.1667,4
33.12,-117.1,0.813,1
33.99,-118.32,2.1875,1
37.95,-121.94,7.1978,2
37.79,-122.21,3.0893,5
37.42,-122.19,8.4375,2
34.09,-117.67,2.7266,1
34.08,-118.26,1.9209,1
34.26,-118.75,5.4604,3
33.93,-118.25,2.5,1
37.37,-120.88,2.6908,5
33.89,-118.33,5.1874,3
36.77,-119.83,2.625,4
35.6,-117.7,3.858,1
37.64,-122.09,4.1141,2
37.79,-122.19,4.6563,2
32.63,-117.08,2.2788,1
34.12,-117.32,1.4066,1
34.97,-120.45,3.0368,4
37.79,-122.23,1.3281,5
37.96,-122.5,6.1359,2
32.78,-117.16,3.6375,1
37.97,-120.38,2.5781,5
34.05,-118.21,1.3846,1
33.73,-116.38,4.0079,1
39.18,-123.21,2.6275,5
36.61,-119.44,3.9073,4
34.18,-118.16,2.4135,1
37.2,-121.7,4.65,2
34.25,-117.55,4.555,3
33.76,-117.82,6.5308,3
37.6,-122.02,3.2386,5
34.68,-118.16,3.7807,1
33.82,-118.18,3.7895,1
37.28,-122.0,5.7295,2
39.8,-123.47,2.3571,5
36.58,-121.94,6.777,2
34.06,-117.72,1.9643,1
33.68,-117.81,5.1583,3
32.77,-117.07,4.3529,3
38.12,-120.76,3.8488,5
38.4,-122.29,4.7833,2
37.71,-122.41,1.2269,5
34.17,-118.07,7.8588,3
33.68,-117.96,2.3674,1
37.97,-122.09,6.9961,2
36.75,-119.78,1.2375,4
33.79,-118.27,2.9375,1
33.97,-117.4,5.0194,3
34.06,-118.28,1.7199,1
37.8,-121.0,3.6107,5
34.31,-119.21,6.729,3
34.28,-118.81,4.1607,3
39.65,-122.14,3.6429,5
38.04,-121.33,5.1878,2
34.01,-118.17,2.7799,1
37.76,-120.83,2.9125,5
37.76,-122.43,4.2569,2
35.47,-118.92,6.2885,3
33.92,-118.19,2.0785,1
32.62,-117.09,3.0729,1
38.13,-121.27,1.75,5
34.03,-118.32,2.1046,1
32.81,-117.26,2.92,1
34.09,-118.26,3.6434,1
37.36,-121.81,7.5813,2
38.56,-121.44,2.8542,5
32.78,-117.25,2.45,1
34.14,-118.03,3.0727,1
33.82,-118.27,4.4015,3
33.83,-118.18,5.0052,3
34.12,-118.05,3.55,1
38.95,-122.63,1.7083,5
36.77,-119.83,2.4286,4
33.75,-118.41,9.8091,0
34.28,-118.77,5.1074,3
34.21,-118.43,4.125,3
32.71,-117.04,3.57,1
36.98,-121.94,3.0905,5
32.96,-117.12,5.2463,3
33.68,-117.82,8.7974,0
37.73,-122.4,2.6364,5
37.76,-121.42,4.1855,2
37.65,-120.93,4.25,2
33.82,-118.29,3.4375,1
33.93,-117.93,2.1944,1
33.86,-117.94,4.6964,3
37.72,-122.43,3.6719,5
33.68,-117.82,7.9187,3
33.82,-117.96,3.6422,1
34.24,-116.82,2.5147,1
37.97,-122.08,6.6579,2
37.35,-122.07,8.5888,2
37.9,-121.24,2.625,5
37.76,-122.41,2.6667,5
32.73,-117.23,2.5259,1
37.73,-122.42,4.625,2
35.47,-118.61,2.5474,4
34.17,-117.27,4.625,3
39.05,-122.78,2.6181,5
38.29,-122.33,5.3351,2
34.43,-118.43,4.2037,3
34.1,-117.31,2.0089,1
33.89,-118.16,1.7344,1
38.0,-121.79,2.5893,5
33.94,-117.95,5.0782,3
33.98,-117.6,2.7284,1
33.93,-118.34,3.0677,1
33.84,-117.88,3.7303,1
32.75,-117.09,1.6318,1
35.32,-120.83,3.2226,4
33.72,-118.05,3.8038,1
37.31,-121.96,7.0469,2
33.81,-118.01,4.5179,3
37.25,-121.0,2.6087,5
33.98,-118.31,2.0,1
37.92,-122.53,3.875,5
34.04,-117.18,4.9125,3
34.05,-118.34,2.6654,1
33.14,-117.12,4.1641,3
36.79,-119.79,1.9386,4
38.53,-122.97,2.1165,5
32.71,-117.17,4.2375,3
34.16,-119.18,3.6546,1
37.59,-122.38,4.6628,2
33.88,-118.36,4.7404,3
38.0,-122.05,3.7333,5
40.67,-122.38,2.212,5
41.76,-124.17,2.4605,5
33.04,-117.08,6.53,3
37.4,-121.86,5.8721,2
34.4,-118.9,1.5781,1
33.9,-117.78,6.5437,3
34.08,-117.34,3.2305,1
37.85,-122.04,9.5862,0
37.69,-121.03,3.8065,5
34.0,-118.23,1.5227,1
33.61,-117.91,5.9196,3
37.96,-121.33,2.5488,5
34.06,-118.34,7.4574,3
34.43,-119.61,9.0267,0
33.92,-118.37,4.9688,3
33.9,-118.02,4.4954,3
33.97,-118.43,7.7197,3
34.07,-118.19,3.375,1
34.46,-119.51,6.091,3
37.4,-122.07,4.359,2
34.71,-117.96,3.46,1
33.87,-117.92,2.8438,1
39.37,-123.38,2.6424,5
38.07,-122.55,6.7232,2
37.33,-121.97,5.1506,2
32.73,-116.95,5.2671,3
33.81,-118.27,4.4821,3
34.12,-117.93,3.5385,1
33.92,-118.41,3.6389,1
34.16,-118.43,4.569,3
39.83,-121.6,2.3079,5
34.05,-118.33,2.5284,1
36.98,-122.02,2.7125,5
36.96,-120.11,3.8952,4
33.12,-117.08,0.7054,1
33.79,-118.17,1.7589,1
32.8,-117.15,2.3578,1
33.77,-118.18,1.8388,1
33.93,-117.99,4.375,3
34.58,-118.06,3.86,1
33.96,-117.34,4.1883,3
39.25,-120.06,3.01,5
33.84,-117.87,4.5,3
38.32,-122.31,3.7045,5
37.52,-122.44,5.9919,2
34.58,-118.38,4.3456,3
37.97,-122.33,3.3125,5
37.6,-120.94,3.5331,5
37.99,-121.36,4.2589,2
37.76,-122.23,5.75,2
32.77,-117.19,2.4397,1
41.07,-121.11,2.7188,5
33.69,-117.99,5.3259,3
37.94,-122.56,10.6272,0
37.31,-120.35,2.0,4
33.97,-117.41,4.337,3
33.35,-118.32,2.1579,1
36.9,-121.73,2.5195,5
37.72,-122.54,3.527,5
40.57,-122.32,3.3816,5
37.74,-121.01,8.7783,2
37.82,-122.28,1.2171,5
33.06,-117.3,4.027,1
32.75,-117.25,2.2017,1
33.93,-118.36,2.6298,1
33.59,-117.68,14.9009,0
34.09,-118.22,2.48,1
37.81,-122.42,4.3472,2
37.82,-121.23,4.9271,2
34.22,-118.36,3.7663,1
37.94,-121.96,5.1582,2
34.06,-118.29,1.5553,1
36.51,-119.55,4.125,4
36.16,-119.45,2.8152,4
36.62,-121.91,3.5865,5
37.54,-122.03,4.1406,2
37.26,-122.02,10.2666,0
37.88,-122.34,1.7375,5
34.27,-118.85,3.3438,1
34.43,-119.88,4.4777,3
33.81,-117.8,8.847000000000001,0
32.95,-117.12,4.988,3
38.72,-121.24,4.9,2
34.16,-118.46,4.3839,3
33.87,-117.97,3.7054,1
34.42,-119.23,5.75,3
35.37,-119.03,1.6786,4
33.88,-117.81,9.2327,0
35.48,-120.68,2.7798,4
38.98,-120.91,3.653,5
34.09,-117.72,3.2566,1
37.76,-122.47,5.1893,2
37.51,-120.85,1.5531,5
34.09,-118.25,2.935,1
37.31,-122.02,6.082999999999999,2
37.3,-121.88,2.6763,5
37.56,-122.27,4.9434,2
39.1,-121.14,5.0389,2
33.77,-117.92,3.522,1
34.42,-119.71,2.5506,4
34.21,-118.61,5.4527,3
38.54,-121.96,3.2222,5
34.49,-117.21,3.6333,1
36.77,-119.84,1.4817,4
33.92,-117.27,3.0907,1
34.21,-118.33,6.981,3
37.65,-121.02,3.0645,5
32.75,-117.22,4.5878,3
34.26,-118.48,5.749,3
33.76,-117.78,11.4537,0
37.44,-122.21,4.6908,2
37.96,-121.31,2.3393,5
34.89,-116.72,2.8594,1
33.86,-118.19,3.4375,1
33.98,-118.28,2.2411,1
33.93,-118.23,2.0658,1
37.45,-122.13,6.6354,2
32.8,-117.02,4.4583,3
37.66,-122.1,3.0489,5
32.92,-117.13,3.6196,1
34.16,-118.39,5.1584,3
37.34,-121.87,2.4306,5
38.01,-122.65,5.0766,2
37.63,-121.02,1.564,5
33.6,-117.7,2.3774,1
37.22,-121.98,5.2321,2
33.48,-117.76,5.0044,3
35.41,-118.9,3.0938,4
38.28,-120.65,2.1382,5
33.2,-117.21,5.04,3
34.04,-118.28,1.6089,1
38.66,-121.43,2.7179,5
34.13,-117.31,2.6307,1
32.7,-117.08,2.875,1
38.68,-121.33,1.9093,5
34.0,-118.24,1.2056,1
34.04,-118.21,2.2788,1
37.35,-121.88,3.5781,5
38.04,-122.2,5.6022,2
38.14,-121.05,2.9875,5
37.77,-122.43,2.9567,5
33.15,-117.18,2.32,1
34.15,-118.44,3.415,1
33.99,-118.07,3.25,1
34.15,-117.29,3.2976,1
39.02,-121.08,4.2031,5
37.37,-121.95,3.0357,5
33.53,-117.73,7.8915,3
32.84,-116.76,3.1196,1
33.93,-117.45,3.2731,1
34.11,-117.64,2.5868,1
33.91,-117.49,3.2857,1
37.66,-122.45,5.3446,2
33.91,-117.87,4.2188,3
37.98,-121.29,2.625,5
34.07,-117.63,3.4432,1
38.37,-122.85,4.4437,2
39.28,-123.22,3.1455,5
32.63,-117.07,3.7583,1
38.12,-122.32,5.3785,2
38.69,-121.37,3.2361,5
34.08,-118.34,3.1078,1
38.57,-122.26,2.1979,5
40.52,-121.92,2.2993,5
33.97,-118.24,2.5536,1
33.97,-118.39,5.1333,3
37.6,-122.08,3.9022,5
34.35,-119.05,2.2443,1
34.1,-118.19,4.239,3
34.02,-118.66,8.7364,0
33.88,-118.14,4.3646,3
37.71,-122.08,4.8237,2
32.63,-117.07,3.5583,1
33.75,-118.42,8.2831,0
33.9,-118.08,3.5580000000000003,1
34.39,-118.55,6.8419,3
33.77,-117.86,4.6111,3
36.63,-121.62,3.6286,5
37.75,-121.44,3.4821,5
38.73,-120.84,2.8807,5
34.58,-118.1,3.275,1
39.64,-121.8,2.8306,5
37.78,-122.44,3.875,5
37.4,-122.09,3.6742,5
33.98,-118.09,3.5,1
38.48,-122.48,4.6379,2
33.91,-118.15,2.9643,1
39.75,-122.18,1.6948,5
34.13,-118.1,9.7912,0
33.96,-118.45,6.3267,3
34.27,-118.67,4.9946,3
33.9,-118.13,3.625,1
37.46,-121.91,5.6062,2
33.8,-117.83,3.8681,1
34.07,-118.38,3.5573,1
38.01,-121.36,4.5278,2
36.86,-119.78,4.2071,4
33.81,-117.95,4.025,1
33.92,-117.87,6.3303,3
37.61,-121.09,3.8864,5
33.88,-118.17,3.0052,1
39.5,-121.55,1.0585,5
34.37,-117.63,3.7252,1
32.84,-117.28,3.7596,1
34.35,-119.06,2.0682,1
34.02,-117.05,2.5980000000000003,1
37.11,-120.27,2.6694,4
33.69,-118.01,11.5199,0
34.86,-120.4,2.0508,4
37.72,-122.47,3.0,5
37.74,-122.43,3.8846,5
32.8,-117.25,3.3274,1
34.11,-118.32,2.3974,1
34.02,-118.42,3.6488,1
33.94,-118.18,3.4688,1
34.27,-118.33,3.1349,1
33.62,-114.6,2.6797,1
32.73,-117.08,3.6974,1
33.93,-118.24,2.75,1
33.99,-116.99,4.7356,3
33.99,-118.36,4.6406,3
37.74,-121.93,6.8806,2
37.68,-121.76,3.1856,5
37.73,-122.42,4.5769,2
33.73,-117.89,4.0769,3
33.74,-117.9,2.2105,1
34.86,-120.43,4.3125,4
33.97,-118.3,2.0673,1
37.72,-122.13,6.5095,2
37.73,-122.44,3.8304,5
33.78,-117.86,3.125,1
34.0,-118.28,1.432,1
37.68,-122.12,4.0417,5
34.55,-118.08,4.5237,3
32.75,-117.19,8.1548,3
33.82,-118.32,7.0935,3
33.81,-118.12,5.0447,3
37.88,-121.27,1.6458,5
34.05,-118.15,3.8472,1
37.74,-122.17,2.4028,5
33.96,-118.09,3.425,1
34.25,-116.88,4.9643,3
33.87,-118.35,5.5,3
37.79,-122.22,3.9048,5
40.11,-122.17,1.7708,5
32.6,-117.04,4.2241,3
34.06,-117.75,0.4999,1
37.94,-122.36,3.0862,5
37.77,-122.42,2.0548,5
34.26,-118.59,7.167000000000001,3
34.13,-117.21,3.3445,1
37.97,-122.0,5.1021,2
33.61,-117.71,2.6848,1
35.37,-118.94,2.0643,4
36.58,-119.62,2.6858,4
34.07,-118.11,5.2719,3
34.03,-118.33,1.6429,1
37.85,-122.62,6.8198,2
37.63,-122.45,5.747999999999999,2
37.79,-122.5,15.0001,0
40.29,-121.14,1.6875,5
34.09,-118.08,2.9196,1
39.1,-123.34,3.0652,5
37.94,-121.24,2.8705,5
38.66,-121.36,2.7955,5
33.12,-117.03,5.4663,3
32.69,-117.06,4.4375,3
33.7,-117.15,3.1319,1
37.85,-122.26,3.075,5
38.63,-121.45,1.4397,5
37.62,-122.08,2.6875,5
33.75,-117.84,4.0214,1
34.26,-119.02,3.7974,1
33.78,-118.1,5.7389,3
38.29,-122.26,6.5799,2
37.88,-122.26,4.2788,2
37.8,-122.39,4.5581,2
34.23,-118.96,3.9699,3
36.59,-121.91,6.2323,2
34.31,-118.44,4.0301,3
37.37,-122.03,3.5861,5
37.64,-121.05,3.3516,5
37.71,-122.15,4.0208,5
38.42,-122.84,2.9625,5
32.68,-117.09,2.8089,1
33.82,-117.88,6.0488,3
37.37,-121.81,7.2861,2
37.54,-122.02,3.535,5
32.78,-115.57,5.127999999999999,3
37.31,-120.44,3.0515,4
39.0,-121.3,4.0282,5
34.53,-117.33,3.0943,1
37.77,-121.48,5.0176,2
34.4,-116.94,2.1339,1
38.36,-121.82,3.3036,5
34.28,-119.16,4.0,3
34.14,-118.46,8.8115,0
37.95,-122.06,4.7386,2
33.94,-118.1,6.1814,3
33.76,-118.23,5.0,3
33.8,-118.18,1.7689,1
34.13,-117.98,3.6806,1
34.14,-118.24,2.462,1
34.22,-118.38,2.375,1
34.2,-118.14,5.0953,3
37.76,-122.41,3.4028,5
32.57,-117.06,3.0284,1
33.76,-117.89,4.8,3
38.53,-121.52,3.5737,5
40.76,-122.89,2.3958,5
33.94,-118.27,2.0789,1
32.67,-116.89,6.2578,3
39.82,-121.59,2.3507,5
37.3,-122.01,8.0837,2
33.9,-117.8,7.8537,3
36.31,-119.64,1.5909,4
34.58,-117.4,1.4196,1
34.18,-118.92,6.3522,3
32.72,-117.14,2.1199,1
33.73,-118.11,5.0476,3
37.56,-122.31,3.9688,5
34.2,-118.33,4.3631,3
34.08,-118.32,3.125,1
37.74,-122.49,5.6826,2
37.94,-122.35,2.8967,5
40.78,-124.18,2.5536,5
32.97,-115.53,2.4063,1
38.37,-120.87,2.8125,5
38.8,-123.01,3.5156,5
37.76,-121.93,10.3345,0
37.32,-121.9,3.7738,5
37.77,-122.24,2.3882,5
35.78,-119.25,2.2981,4
34.43,-119.69,4.149,3
38.33,-122.7,3.6369,5
34.08,-118.16,3.2031,1
33.91,-118.23,2.5893,1
34.12,-117.27,1.7235,1
37.25,-121.82,5.8305,2
37.77,-122.41,3.2292,5
37.76,-121.44,5.0443,2
38.0,-122.04,3.2484,5
33.2,-117.23,4.8929,3
34.17,-119.23,3.6875,1
37.24,-122.02,10.6834,0
37.66,-122.43,4.5493,2
32.7,-117.13,1.4632,1
34.05,-118.27,1.8304,1
37.9,-122.56,5.1292,2
33.21,-117.26,3.0197,1
33.87,-118.19,2.5417,1
33.96,-118.24,2.5729,1
36.33,-119.34,4.1812,4
33.69,-117.53,10.9704,0
38.29,-120.27,3.3542,5
34.19,-118.4,3.6007,1
34.02,-118.4,4.6932,3
38.69,-121.3,4.0739,5
33.88,-117.79,6.0829,3
38.2,-122.66,4.3056,2
32.79,-116.96,2.6087,1
39.25,-121.02,2.2278,5
38.1,-121.28,2.5556,5
37.66,-122.41,4.6103,2
34.14,-117.46,0.8926,1
37.66,-122.41,3.8438,5
34.16,-118.78,8.0137,0
33.72,-117.86,3.4130000000000003,1
37.27,-121.84,4.2083,2
37.84,-122.28,1.6424,5
36.98,-122.01,2.589,5
36.87,-121.77,3.3472,5
33.63,-116.2,2.5,1
37.76,-122.16,4.6696,2
37.34,-120.3,2.4286,4
36.41,-119.69,2.2885,4
34.96,-120.57,2.5809,4
37.5,-121.21,3.0,5
40.61,-122.38,1.7227,5
38.7,-121.3,3.235,5
33.9,-118.34,4.1776,3
33.74,-118.31,4.3472,3
34.06,-118.12,2.5321,1
37.79,-122.45,10.7097,0
38.66,-122.7,3.9063,5
34.21,-118.39,3.6845,1
34.11,-118.29,5.296,3
37.68,-121.89,6.3373,2
34.11,-118.08,3.9464,1
37.83,-122.24,5.956,2
34.09,-118.14,2.85,1
34.11,-118.29,2.3789,1
33.83,-118.3,3.1851,1
37.73,-122.18,2.5192,5
34.05,-118.35,2.6781,1
39.09,-122.83,1.4679,5
36.7,-119.57,2.6823,4
33.96,-118.39,3.625,1
40.78,-124.16,2.5417,5
40.56,-122.36,2.0258,5
37.61,-120.97,1.871,5
33.8,-117.85,3.825,1
37.24,-121.92,6.3663,2
33.72,-117.91,4.5607,3
36.76,-119.87,2.875,4
34.01,-118.24,1.7813,1
33.95,-118.26,1.2969,1
38.15,-120.46,2.3816,5
37.78,-122.47,3.1392,5
37.36,-121.95,2.7727,5
34.58,-117.41,1.6838,1
35.05,-118.0,3.4015,1
37.81,-122.29,0.8026,5
36.77,-121.7,3.0347,5
34.89,-117.05,3.7065,1
34.17,-118.43,3.4449,1
39.15,-121.6,1.5208,5
38.27,-121.99,3.1979,5
36.32,-119.3,3.3875,4
33.72,-117.87,3.5902,1
37.7,-122.07,3.0,5
34.52,-118.35,5.9171,3
34.05,-118.23,2.5313,1
37.53,-122.01,6.0667,2
37.02,-121.83,2.9559,5
32.77,-117.11,2.5952,1
37.42,-121.82,6.1091,2
37.75,-122.42,2.7173,5
37.97,-122.51,3.2462,5
37.66,-122.41,3.2833,5
37.96,-121.18,2.5625,5
37.76,-121.96,9.7037,0
34.03,-118.28,1.8539,1
33.87,-117.96,4.7984,3
34.07,-117.9,5.8519,3
32.75,-117.18,2.7222,1
34.03,-118.2,2.7266,1
37.94,-122.36,0.9687,5
38.41,-121.32,5.8239,2
39.68,-121.84,3.5375,5
33.97,-118.4,7.5953,3
38.73,-120.91,4.835,2
33.16,-117.18,3.1793,1
36.3,-119.13,2.7321,4
37.48,-121.12,3.2396,5
37.69,-122.16,4.3971,2
33.61,-117.92,5.3369,3
34.09,-118.16,3.1204,1
37.96,-122.1,4.3571,2
34.01,-117.69,2.3,1
33.66,-117.81,10.0757,0
37.67,-122.07,3.2417,5
38.4,-122.73,2.975,5
34.17,-118.4,3.4013,1
35.33,-119.09,4.997,3
34.14,-118.09,5.3377,3
33.98,-117.49,4.8371,3
36.33,-119.64,1.4524,4
33.11,-117.07,3.0054,1
33.7,-116.22,3.2833,1
38.51,-122.48,3.1312,5
33.75,-116.71,3.0625,1
37.95,-122.35,3.0737,5
40.14,-122.12,2.5197,5
37.47,-122.21,2.92,5
33.73,-117.86,3.7202,1
33.85,-117.99,4.9777,3
35.16,-119.45,2.3912,4
33.7,-116.2,2.2989,1
34.03,-118.42,3.3542,1
33.9,-118.13,3.4868,1
33.83,-117.91,3.6607,1
33.93,-117.96,4.7446,3
34.07,-118.11,3.3088,1
32.81,-117.11,2.5953,1
33.93,-118.26,1.5256,1
34.07,-118.31,2.2364,1
37.3,-121.8,4.8173,2
34.07,-117.32,2.1125,1
38.39,-121.36,5.2447,2
37.62,-122.4,3.1058,5
33.84,-118.37,5.3773,3
32.95,-117.26,4.4375,3
32.85,-117.21,4.2065,3
38.56,-121.47,3.125,5
33.82,-118.1,5.2713,3
33.86,-118.2,2.6465,1
34.1,-118.31,1.6903,1
32.77,-117.15,2.9576,1
33.61,-114.59,2.1782,1
33.55,-117.77,6.7861,3
34.08,-118.1,2.6884,1
33.8,-118.2,2.8988,1
33.94,-117.94,5.1084,3
37.64,-121.97,6.0574,2
34.08,-117.92,3.8705,1
38.68,-121.46,2.8333,5
33.81,-118.13,4.7845,3
34.06,-118.11,2.9764,1
34.09,-117.48,3.1838,1
34.07,-118.25,2.0,1
33.78,-117.11,4.1875,3
34.06,-118.14,3.3906,1
33.97,-118.03,4.65,3
34.05,-118.28,1.6037,1
39.2,-123.21,2.2926,5
34.1,-118.28,2.7875,1
33.98,-118.25,1.7378,1
37.38,-120.72,2.2813,5
35.36,-119.01,1.2157,4
32.75,-117.1,1.7446,1
36.62,-121.91,3.3333,5
39.4,-123.35,1.85,5
33.83,-118.31,2.775,1
37.3,-121.94,6.622999999999999,2
40.63,-122.34,3.6853,5
34.11,-118.37,8.5842,0
32.84,-116.9,4.0873,1
34.2,-118.37,2.9861,1
36.71,-119.83,2.4167,4
36.48,-119.44,1.1728,4
38.13,-121.27,1.9238,5
38.54,-121.44,2.5694,5
37.77,-122.44,4.4085,2
33.67,-118.31,5.3074,3
38.46,-121.35,4.3879,2
32.67,-117.09,2.052,1
36.78,-119.77,2.5434,4
33.79,-118.37,8.2064,0
32.85,-115.59,4.875,3
34.02,-118.1,4.9107,3
33.94,-117.96,4.8906,3
33.02,-116.86,4.6518,3
37.32,-121.84,3.6953,5
36.67,-121.62,2.8942,5
37.48,-122.24,6.2154,2
33.76,-117.88,1.7823,1
34.06,-117.4,3.9191,1
34.06,-118.12,2.2261,1
33.46,-117.63,6.3401,3
37.62,-122.04,3.8125,5
34.06,-118.43,5.1999,3
32.8,-117.24,2.2880000000000003,1
37.77,-122.19,2.0469,5
36.76,-119.83,1.976,4
36.79,-121.74,4.3814,2
37.32,-121.98,4.2531,2
37.33,-121.78,6.68,2
33.93,-118.15,4.6583,3
37.55,-121.97,3.168,5
38.26,-119.3,2.9509,4
37.94,-122.37,1.0521,5
32.71,-117.13,1.5474,1
35.29,-120.67,3.0833,4
33.87,-117.94,3.9375,1
34.32,-118.41,5.2987,3
34.06,-118.45,9.337,0
34.2,-118.53,3.225,1
37.11,-122.09,3.6474,5
33.23,-117.33,2.5872,1
32.75,-117.01,4.3088,3
33.78,-118.17,1.7393,1
37.54,-120.72,4.2188,2
33.85,-118.12,4.6908,3
41.43,-122.38,1.6509,5
33.68,-117.78,6.115,3
33.73,-116.23,2.8648,1
33.98,-116.5,4.0417,1
33.82,-116.39,2.7219,1
33.07,-117.12,3.6389,1
37.68,-121.04,2.3783,5
37.96,-121.32,2.0398,5
33.84,-118.08,4.8448,3
37.96,-121.99,5.5872,2
37.29,-120.51,1.7679,4
37.86,-122.29,1.9946,5
33.65,-117.69,6.1062,3
32.73,-115.52,2.3571,1
34.02,-118.43,3.9091,1
33.23,-117.14,3.1272,1
40.12,-121.78,6.1359,2
38.28,-122.45,5.7984,2
33.2,-117.2,5.542999999999999,3
38.6,-121.37,5.8336,2
38.61,-121.44,1.0467,5
33.8,-116.48,3.6667,1
38.49,-121.4,3.5968,5
34.05,-117.73,2.0734,1
33.87,-117.57,5.1929,3
32.79,-115.58,1.6635,1
34.07,-118.27,2.3438,1
38.65,-121.21,5.6529,2
38.55,-121.36,2.8021,5
36.78,-119.81,3.625,4
38.87,-121.69,2.6597,5
34.07,-118.35,4.89,3
33.91,-118.16,2.9643,1
36.97,-120.07,1.5662,4
37.26,-121.85,6.8194,2
37.76,-122.46,6.1636,2
37.41,-121.86,6.5004,2
34.59,-117.37,2.3832,1
33.94,-117.93,4.225,3
34.17,-118.05,5.0482,3
37.52,-120.8,3.9286,5
37.33,-121.96,4.0667,2
34.22,-118.51,4.3462,3
39.75,-121.82,3.2016,5
37.98,-122.52,2.8903,5
34.22,-118.57,4.1359,3
39.27,-120.04,4.1364,5
36.34,-119.29,1.2634,4
34.43,-119.83,2.1417,4
34.03,-118.13,3.0212,1
33.81,-117.94,3.256,1
34.11,-118.25,3.015,1
34.13,-118.18,7.9213,3
36.7,-121.54,3.525,5
37.07,-120.87,3.6331,5
36.77,-119.77,1.2176,4
33.9,-118.31,3.4792,1
37.76,-120.86,3.0917,5
33.94,-117.94,2.2156,1
39.32,-123.11,3.3431,5
37.81,-122.29,2.483,5
35.62,-120.67,3.8661,4
34.28,-118.7,4.4964,3
33.97,-118.16,2.3068,1
34.14,-117.24,3.016,1
33.04,-117.29,4.7333,3
33.86,-117.78,6.1504,3
35.99,-119.28,1.7372,4
32.86,-116.84,3.2516,1
37.3,-121.87,2.3293,5
40.88,-121.65,3.0179,5
38.37,-122.8,4.1731,5
36.84,-120.69,2.2083,4
33.98,-118.25,1.7929,1
36.98,-120.05,2.5288,4
32.72,-117.04,4.0813,1
37.43,-122.24,7.652,2
34.15,-118.47,8.2269,0
37.08,-120.79,2.9063,4
32.74,-117.25,2.9904,1
37.24,-121.78,6.0062,2
33.65,-117.97,5.3674,3
35.04,-118.15,2.16,1
32.82,-117.27,4.1793,3
37.67,-122.45,4.7813,2
33.11,-117.11,2.2875,1
33.78,-118.08,5.5767,3
38.04,-120.25,2.5562,5
33.98,-118.27,2.125,1
33.84,-118.09,4.54,3
38.27,-122.03,2.7284,5
36.98,-122.01,2.5954,5
37.77,-122.28,2.9688,5
34.11,-118.31,5.8659,3
33.99,-118.43,4.875,3
36.34,-119.29,2.0227,4
40.17,-120.94,2.2132,5
33.2,-117.24,2.5119,1
37.78,-122.42,0.8543,5
33.76,-117.99,3.369,1
37.67,-122.04,6.0501,2
34.21,-119.18,3.8625,1
34.96,-120.44,1.899,4
40.8,-124.17,1.8529,5
34.07,-117.85,11.1077,0
32.64,-117.0,4.9792,3
34.05,-117.27,3.1607,1
33.95,-118.24,1.35,1
34.04,-117.31,3.39,1
37.71,-122.42,3.6827,5
37.79,-122.2,2.619,5
34.1,-118.33,2.0888,1
34.18,-118.34,3.8668,1
34.15,-118.12,2.1763,1
37.81,-122.25,2.4912,5
37.6,-122.49,4.0795,5
38.04,-122.15,2.6466,5
37.82,-121.23,4.6821,2
38.46,-121.48,4.0516,5
34.03,-118.41,5.1637,3
34.03,-118.36,2.1078,1
33.92,-118.27,1.9185,1
37.78,-122.47,3.1989,5
33.79,-118.39,10.898,0
36.21,-119.36,2.4032,4
37.99,-121.83,4.7566,2
37.86,-122.0,10.7372,0
40.6,-122.33,3.8103,5
36.64,-119.59,3.0521,4
38.42,-120.72,3.0465,5
37.41,-122.08,4.6875,2
36.69,-121.62,2.2667,5
34.02,-118.33,3.5,1
38.12,-122.23,4.2308,2
37.96,-122.03,2.1083,5
33.84,-118.29,5.061,3
34.23,-119.06,5.2742,3
33.74,-117.91,2.9926,1
37.58,-122.33,2.7474,5
33.9,-117.82,7.5744,3
34.14,-118.23,2.9167,1
33.97,-118.46,3.8698,1
34.96,-120.43,1.0349,4
37.73,-122.15,2.8355,5
34.16,-118.36,5.1423,3
38.97,-121.31,2.7083,5
34.49,-117.27,4.7361,3
33.78,-118.01,5.9357,3
37.89,-122.12,4.125,5
37.4,-122.22,15.0001,0
37.91,-122.28,7.3089,2
36.59,-121.93,5.0621,2
37.96,-122.34,2.1991,5
37.81,-121.19,2.7321,5
36.73,-119.67,4.9196,4
36.75,-119.8,1.7298,4
33.86,-118.19,2.7045,1
37.79,-122.45,1.4804,5
37.77,-122.27,4.1667,2
34.08,-117.88,2.7763,1
37.4,-122.01,3.1439,5
38.12,-122.27,2.7375,5
38.02,-121.92,4.2067,2
33.97,-118.26,1.5326,1
37.4,-122.0,3.6619,5
34.06,-118.4,4.1455,3
33.61,-117.91,4.8,3
37.8,-122.43,4.5399,2
38.1,-122.25,2.5042,5
33.67,-117.38,3.375,1
33.62,-117.74,3.4706,1
34.07,-117.79,3.7583,1
34.06,-118.18,0.8941,1
37.8,-122.24,2.1563,5
34.29,-119.17,5.2953,3
36.81,-119.87,4.6726,4
38.44,-122.7,3.2935,5
37.44,-122.15,6.1655,2
34.17,-118.37,2.3784,1
38.54,-121.5,3.7344,5
33.53,-117.65,10.49,0
38.13,-121.26,2.0875,5
32.81,-116.95,3.1106,1
37.98,-122.49,6.4271,2
38.54,-122.79,3.7768,5
34.45,-119.29,2.6893,1
37.65,-120.96,2.4485,5
36.57,-119.6,1.8333,4
34.07,-117.66,2.587,1
38.02,-121.87,2.7083,5
37.88,-122.14,6.2275,2
33.72,-116.26,3.1086,1
38.37,-122.39,6.8,2
33.84,-118.1,4.7222,3
33.74,-117.87,2.7632,1
34.15,-118.47,4.642,3
38.01,-121.77,3.9861,5
36.74,-119.78,2.5045,4
36.56,-119.38,2.6906,4
36.59,-119.73,3.3438,4
33.79,-116.89,2.0577,1
37.93,-122.05,4.45,2
33.01,-117.07,3.1187,1
37.79,-121.97,6.7857,2
37.78,-122.43,1.077,5
33.84,-118.3,4.9196,3
38.26,-121.32,4.1179,5
32.73,-117.13,2.1513,1
33.62,-117.72,3.1679,1
34.24,-117.07,3.9375,1
34.08,-117.68,3.0978,1
37.35,-122.15,12.9792,0
33.79,-118.27,2.1447,1
32.81,-117.18,3.1032,1
34.04,-118.46,3.6976,1
37.38,-120.71,2.6923,5
34.19,-119.23,6.4522,3
34.13,-118.19,3.1287,1
33.86,-118.11,5.3889,3
38.12,-121.27,2.5587,5
34.22,-118.63,6.5146,3
38.68,-121.17,3.0,5
38.61,-121.31,6.6238,2
34.06,-117.78,2.4464,1
34.04,-118.13,4.3646,3
32.75,-117.05,2.7014,1
33.68,-116.95,4.4792,3
34.12,-118.13,10.7397,0
38.25,-120.34,2.9821,5
34.87,-120.41,4.9028,3
32.8,-117.16,2.5,1
33.56,-117.79,7.866,3
37.65,-120.98,7.3841,2
38.64,-121.28,3.6298,5
36.8,-119.81,6.1575,2
37.11,-120.26,1.2794,4
34.23,-118.4,4.1181,3
32.79,-117.2,4.7788,3
36.54,-121.82,5.5469,2
34.1,-117.44,2.075,1
34.28,-118.88,4.0474,3
33.88,-118.3,3.7375,1
34.09,-118.36,2.5812,1
32.72,-116.99,4.775,3
38.31,-122.3,3.455,5
41.41,-122.39,1.7448,5
37.72,-121.92,5.347,2
33.87,-117.99,3.1205,1
33.97,-118.03,4.8152,3
37.37,-122.22,5.1831,2
35.35,-119.08,7.1837,3
32.79,-117.25,2.375,1
32.82,-116.92,5.0118,3
34.21,-118.52,5.1265,3
34.22,-119.19,3.125,1
37.38,-122.02,3.2574,5
38.71,-121.32,4.5245,2
37.8,-121.29,3.7292,5
33.96,-117.41,3.864,1
34.14,-118.11,6.0948,3
34.05,-117.7,4.7357,3
34.19,-114.31,1.4936,1
37.34,-121.94,5.0175,2
33.81,-117.84,4.0324,1
36.97,-122.05,3.6797,5
34.02,-118.12,3.0529,1
34.01,-117.83,5.0111,3
37.91,-122.29,5.1691,2
33.62,-116.96,4.2917,3
37.74,-121.92,12.5915,0
34.22,-118.39,3.695,1
38.03,-120.28,3.6838,5
34.09,-118.32,1.879,1
34.08,-118.38,3.3989,1
33.61,-117.89,6.3017,3
38.99,-122.83,1.6833,5
33.93,-118.26,1.1326,1
33.49,-117.73,10.3983,0
34.09,-118.16,2.375,1
33.82,-114.98,3.2097,1
34.03,-118.34,1.6581,1
34.22,-118.18,5.9845,3
37.54,-122.26,9.1415,2
34.06,-118.35,5.3819,3
37.59,-122.07,4.6211,2
34.47,-117.54,3.2277,1
37.61,-122.08,5.0406,2
33.81,-118.31,4.3056,3
33.84,-117.91,2.9583,1
33.92,-118.22,1.9957,1
34.4,-119.63,6.0069,3
33.91,-118.14,4.475,3
34.05,-118.28,1.3,1
37.3,-120.5,1.76,4
34.16,-118.25,3.9054,1
38.56,-122.05,5.678999999999999,2
41.21,-122.34,2.0375,5
36.13,-119.13,2.0586,4
37.69,-122.08,3.3021,5
37.0,-121.79,4.8021,2
33.87,-117.87,4.6563,3
37.31,-122.03,3.375,5
34.02,-118.15,2.7022,1
36.87,-119.75,5.0941,2
38.59,-121.29,3.6563,5
38.56,-121.51,1.0649,5
37.8,-122.4,4.2015,2
32.98,-117.24,7.6348,3
38.67,-120.81,3.0565,5
38.51,-121.44,2.214,5
33.98,-118.36,2.7712,1
33.88,-118.32,5.5538,3
33.67,-117.99,4.625,3
38.64,-121.3,4.0833,5
34.18,-118.21,12.1579,0
35.42,-119.08,5.5261,3
34.05,-118.24,0.8288,1
34.04,-118.46,3.1235,1
33.65,-117.96,7.8453,3
34.1,-118.17,3.1146,1
33.79,-118.1,5.1805,3
33.76,-117.4,4.4875,3
33.75,-117.92,3.0625,1
34.18,-118.38,3.0061,1
33.54,-117.67,4.7981,3
32.89,-117.21,3.3176,1
33.85,-118.13,3.55,1
36.93,-121.67,2.1875,5
33.75,-117.83,3.4152,1
33.76,-118.0,3.0263,1
37.39,-122.33,6.2263,2
34.76,-118.28,4.7875,3
37.77,-122.23,3.3214,5
38.4,-122.84,3.6696,5
34.5,-118.26,4.7778,3
33.91,-118.35,3.5234,1
37.23,-121.81,6.4664,2
38.26,-122.01,4.5987,2
37.78,-122.46,2.9293,5
37.85,-122.23,6.3434,2
34.1,-118.27,6.4459,3
34.06,-117.65,2.25,1
32.75,-117.1,1.6444,1
36.83,-119.78,4.2153,4
33.96,-118.23,1.6597,1
33.78,-118.05,6.0,3
37.34,-121.95,3.1702,5
34.12,-118.25,2.4856,1
37.09,-119.65,3.55,4
33.85,-118.04,7.5057,3
37.64,-120.97,2.0833,5
38.32,-121.98,10.2264,0
34.04,-118.49,4.8125,3
35.6,-119.33,1.4619,4
34.23,-118.58,4.1023,3
37.82,-122.26,0.9506,5
33.8,-117.77,9.8074,0
37.85,-122.27,2.2841,5
36.3,-119.79,4.3438,4
32.81,-117.15,3.1458,1
37.79,-122.19,2.9844,5
40.61,-122.45,2.3289,5
33.64,-117.35,2.5395,1
35.42,-119.07,2.6812,4
33.8,-118.34,5.0951,3
37.21,-121.89,8.4262,2
35.24,-119.01,3.125,4
37.39,-121.9,1.7361,5
38.65,-121.42,2.0980000000000003,5
37.33,-121.79,6.6633,2
34.09,-118.3,2.0307,1
34.26,-119.17,6.1885,3
39.75,-121.82,3.0253,5
33.74,-117.88,3.1691,1
40.92,-121.63,2.2337,5
32.74,-117.15,3.0259,1
33.83,-118.27,3.1667,1
34.03,-118.17,2.2902,1
38.54,-121.42,2.925,5
35.32,-118.95,3.2738,4
34.12,-117.33,2.0391,1
33.74,-117.85,2.1992,1
37.94,-121.31,1.9531,5
37.39,-121.95,5.4228,2
33.88,-118.41,7.0842,3
33.62,-117.7,3.7361,1
34.07,-118.2,1.9937,1
37.32,-121.84,4.3419,2
34.11,-118.18,2.3984,1
35.55,-117.68,5.5551,3
37.36,-122.01,6.6329,2
34.07,-118.09,3.175,1
37.36,-121.99,4.6761,2
33.89,-117.85,5.9639,3
33.82,-117.96,3.63,1
34.05,-118.43,3.9673,1
32.8,-116.8,6.1481,3
32.9,-117.04,9.2858,0
36.59,-119.45,1.6875,4
37.81,-120.9,3.7031,5
37.38,-121.84,3.5625,5
34.06,-118.19,2.3125,1
38.6,-121.28,3.1654,5
37.74,-122.43,5.3292,2
33.04,-117.27,3.55,1
37.67,-121.78,5.2649,2
32.76,-117.07,2.3886,1
38.57,-121.45,3.5313,5
33.89,-118.36,3.1325,1
33.93,-118.15,3.7614,1
38.67,-121.08,6.843999999999999,2
38.43,-122.74,3.0341,5
37.75,-122.17,1.4375,5
37.44,-121.97,4.5179,2
37.8,-122.2,4.7721,2
34.07,-117.75,1.6006,1
36.16,-119.35,2.3882,4
36.23,-119.25,3.4306,4
34.37,-118.54,7.6059,3
39.12,-121.39,2.0943,5
36.75,-120.38,1.9056,4
39.16,-121.62,2.4556,5
39.42,-122.89,0.4999,5
37.75,-122.24,4.8711,2
36.32,-121.26,2.3,4
33.65,-117.65,5.5779,3
33.81,-118.21,3.3214,1
37.31,-122.01,6.3702,2
37.74,-122.41,4.1552,2
34.24,-118.28,5.6184,3
34.2,-118.58,5.015,3
33.88,-118.18,4.7361,3
32.87,-115.49,3.3583,1
37.36,-118.4,1.9722,4
34.25,-118.41,3.2284,1
38.5,-122.79,3.75,5
34.27,-118.55,8.1356,0
33.73,-117.89,3.0824,1
35.37,-120.89,1.65,4
37.99,-121.29,1.6944,5
33.95,-117.39,3.7109,1
34.27,-118.77,2.7137,1
37.64,-120.99,2.7538,5
33.91,-118.24,1.7158,1
37.63,-122.06,3.8625,5
33.88,-117.87,3.5667,1
38.23,-122.64,3.0769,5
33.78,-118.16,1.6955,1
33.77,-118.16,2.875,1
37.65,-122.41,3.5039,5
36.31,-119.29,3.0972,4
33.7,-117.9,4.5757,3
34.14,-118.82,6.9935,3
38.62,-121.42,2.0786,5
33.92,-117.5,4.55,3
33.81,-118.27,3.9286,1
37.73,-122.4,3.4472,5
37.45,-122.18,4.0,5
35.39,-119.02,1.3527,4
33.82,-117.96,3.707,1
33.63,-117.65,8.4471,0
33.96,-118.22,2.5966,1
37.78,-122.44,3.1607,5
39.28,-121.64,1.8095,5
33.77,-118.19,1.6178,1
33.94,-117.41,2.4435,1
34.15,-117.3,2.4107,1
34.2,-118.59,5.2149,3
38.68,-122.27,3.1563,5
34.14,-117.28,2.3947,1
33.91,-118.09,3.7969,1
37.33,-121.94,3.6818,5
34.15,-118.4,5.0754,3
32.97,-115.53,1.5217,1
39.43,-121.52,2.3566,5
38.09,-122.56,4.1705,5
34.03,-118.31,2.8295,1
33.92,-118.28,1.5114,1
34.19,-118.66,7.642,3
33.85,-118.2,2.4844,1
33.72,-117.76,4.3636,3
33.71,-118.29,3.7596,1
37.83,-122.03,9.8708,0
33.75,-117.86,3.5972,1
37.63,-122.43,3.5214,5
33.97,-117.83,7.0329,3
37.39,-118.6,3.2132,4
37.71,-122.41,3.4773,5
32.8,-117.18,5.5454,3
33.34,-117.19,6.1009,3
32.77,-117.25,3.18,1
34.21,-118.51,4.7,3
37.61,-122.47,5.4364,2
33.18,-117.22,3.3444,1
34.06,-117.33,1.0469,1
34.0,-118.27,1.852,1
37.78,-122.46,5.2806,2
36.47,-119.37,2.3438,4
33.99,-117.43,4.566,3
33.93,-118.15,3.3411,1
37.76,-122.41,3.0865,5
33.94,-118.23,2.1607,1
34.21,-118.62,6.1074,3
33.93,-117.93,2.8,1
36.77,-119.82,2.9081,4
35.38,-118.98,0.8639,4
33.92,-117.94,4.6696,3
33.85,-118.36,6.1133,3
33.86,-118.36,5.7422,3
37.34,-122.07,10.1007,0
34.15,-117.4,4.7909,3
33.72,-118.29,3.1932,1
37.8,-122.25,2.2303,5
37.72,-122.15,3.375,5
34.49,-117.17,2.0136,1
37.81,-122.41,1.8981,5
38.45,-122.76,3.6292,5
34.52,-116.73,1.0568,1
33.99,-118.29,1.9375,1
38.03,-122.7,4.1379,5
37.75,-121.94,6.2781,2
33.95,-118.19,3.2768,1
33.87,-118.31,4.7543,3
33.73,-117.91,4.7639,3
39.22,-121.24,2.2917,5
38.43,-120.79,3.9107,5
34.63,-120.2,4.4519,4
33.99,-117.38,2.7054,1
34.02,-118.47,2.0745,1
37.52,-120.84,3.7065,5
38.61,-121.36,5.0492,2
33.07,-117.3,6.4247,3
33.93,-118.34,2.8304,1
34.07,-118.86,8.0144,0
36.15,-120.37,4.381,4
37.97,-122.54,5.6263,2
37.32,-120.49,3.0263,4
37.73,-122.46,7.8476,2
33.66,-117.84,4.5833,3
33.99,-116.79,1.4688,1
37.41,-122.09,2.8203,5
32.96,-117.21,8.4355,0
33.77,-118.17,2.2808,1
38.58,-121.44,3.0208,5
39.15,-121.68,4.3833,5
40.52,-122.37,3.7896,5
36.71,-119.78,1.3587,4
38.94,-119.93,2.4917,5
37.76,-122.17,1.8426,5
34.04,-118.41,10.9805,0
32.99,-117.06,6.2683,3
34.29,-118.43,3.1212,1
38.68,-121.28,2.6016,5
39.51,-121.55,0.8024,5
37.04,-121.93,5.8642,2
37.73,-120.86,3.1136,5
34.26,-118.3,4.1964,3
37.73,-121.43,2.9955,5
38.62,-121.39,1.8176,5
37.97,-121.26,3.0352,5
35.12,-118.01,3.3889,1
36.68,-121.63,2.1766,5
33.88,-118.29,3.3281,1
37.75,-122.43,3.5114,5
37.91,-122.5,5.4851,2
38.5,-122.94,2.6316,5
34.04,-118.16,1.3971,1
33.72,-117.76,7.9739,3
34.1,-118.39,8.943999999999999,0
37.61,-122.41,5.7398,2
36.07,-119.03,2.4167,4
34.22,-118.54,3.6187,1
34.08,-117.37,2.9554,1
38.34,-122.69,3.2857,5
38.54,-121.43,3.15,5
33.78,-117.88,3.5972,1
38.67,-121.27,3.8906,5
37.06,-122.07,3.8625,5
33.87,-117.95,4.285,3
36.98,-122.06,4.2254,2
37.73,-122.19,2.1538,5
33.88,-118.07,5.747999999999999,3
33.94,-118.28,1.5714,1
33.74,-118.29,2.2188,1
34.12,-118.07,4.1136,3
33.96,-118.24,1.7778,1
36.33,-119.61,3.0139,4
33.8,-117.97,5.4631,3
33.89,-117.28,2.5379,1
40.95,-122.07,3.0299,5
33.07,-116.26,1.9875,1
34.04,-118.32,2.3526,1
34.04,-118.5,8.3839,0
33.74,-117.93,3.1403,1
36.72,-119.55,2.1515,4
34.41,-119.72,4.9044,3
32.84,-116.79,3.5769,1
33.84,-116.48,1.7204,1
33.84,-118.11,5.5581,3
35.02,-120.48,2.9798,4
34.15,-118.12,3.0119,1
38.25,-122.61,5.2452,2
33.8,-118.09,4.4831,3
33.84,-118.05,6.983,3
33.89,-118.13,2.8906,1
34.07,-118.26,2.7625,1
39.82,-121.68,3.5189,5
37.97,-121.29,1.7794,5
40.71,-122.4,2.1458,5
33.86,-118.36,5.5456,3
33.84,-118.2,2.7813,1
35.99,-119.96,2.0976,4
38.53,-121.48,1.9837,5
33.94,-116.47,3.2578,1
34.24,-118.56,8.1714,0
37.68,-122.06,3.1796,5
37.84,-122.23,5.8596,2
33.87,-117.9,2.9861,1
34.05,-118.28,1.4801,1
36.74,-119.69,3.5128,4
33.96,-118.2,2.3221,1
34.07,-117.99,3.4327,1
34.15,-117.31,3.3281,1
37.76,-122.2,1.4097,5
32.8,-117.09,4.7188,3
34.06,-118.43,7.4219,3
37.34,-121.88,2.6312,5
34.04,-117.5,5.1647,3
32.71,-116.99,3.8904,1
34.19,-118.13,4.0714,3
38.67,-121.36,2.3683,5
37.64,-120.82,2.69,5
34.02,-118.32,4.2554,3
34.06,-118.04,2.1383,1
37.35,-120.6,3.2955,4
32.72,-117.15,1.2292,1
34.09,-118.32,1.6331,1
34.16,-118.24,6.6603,3
38.25,-121.98,4.9103,2
33.99,-118.47,2.975,1
34.13,-118.25,2.5417,1
37.69,-122.47,4.875,2
37.81,-122.27,0.76,5
33.83,-118.28,3.4712,1
34.11,-118.19,3.4227,1
34.25,-118.27,4.6635,3
33.74,-117.86,3.425,1
33.97,-117.74,5.6501,3
37.9,-122.26,7.8864,2
34.01,-118.27,1.2206,1
33.75,-118.02,5.7157,3
33.71,-117.98,5.6825,3
37.94,-122.54,5.1834,2
32.69,-115.9,1.5417,1
34.17,-118.06,7.2419,3
36.83,-119.81,5.6445,2
37.79,-122.43,3.8068,5
34.3,-118.45,3.4812,1
36.02,-119.08,1.9439,4
34.25,-118.52,4.6625,3
34.04,-118.02,5.065,3
37.12,-120.27,1.9464,4
33.56,-117.67,4.6863,3
32.91,-117.09,7.0546,3
33.97,-118.38,7.4897,3
36.58,-119.6,2.8287,4
34.07,-118.36,2.3375,1
40.88,-124.06,2.5667,5
37.52,-121.14,3.1645,5
39.44,-123.79,3.2171,5
37.37,-122.12,8.9021,2
34.06,-118.16,6.1509,3
37.81,-121.22,3.6378,5
35.32,-120.65,1.0298,4
34.16,-118.12,2.8631,1
34.02,-117.64,4.0611,3
37.97,-122.04,2.3152,5
33.99,-118.34,3.1731,1
34.05,-118.49,15.0001,0
38.38,-122.93,3.9336,5
37.95,-122.04,4.7188,2
33.78,-117.87,3.7454,1
36.54,-121.92,3.9792,2
33.55,-117.88,10.1275,0
33.26,-116.98,4.7647,3
36.33,-119.29,0.7445,4
37.69,-122.15,4.0109,5
34.15,-118.11,3.6474,1
34.18,-118.32,3.4,1
34.04,-118.19,2.1774,1
33.93,-117.94,4.0833,3
34.11,-117.38,3.3066,1
32.57,-117.11,3.3371,1
33.74,-116.44,7.9885,3
34.01,-118.34,1.6187,1
37.73,-122.39,2.8603,5
41.8,-124.17,3.7557,5
34.06,-118.03,2.4875,1
39.75,-121.84,1.7284,5
35.12,-120.61,2.9821,4
34.11,-118.17,4.9676,3
33.61,-117.85,7.5674,3
33.3,-115.96,1.125,1
34.28,-118.31,5.1145,3
39.59,-121.9,3.0625,5
33.97,-118.24,2.0819,1
33.78,-117.82,6.58,3
37.96,-122.32,4.0417,5
37.89,-122.25,6.1593,2
38.14,-121.27,2.125,5
34.13,-118.25,2.2244,1
33.1,-117.23,7.745,3
33.92,-117.89,3.4954,1
37.28,-121.83,3.9009,5
33.51,-117.68,6.323,3
37.18,-122.03,6.0622,2
38.43,-121.81,3.9286,5
34.21,-118.84,5.2361,3
33.95,-118.37,4.125,3
32.86,-117.23,5.2326,3
35.64,-120.69,2.0076,4
33.99,-117.49,4.84,3
32.75,-117.24,2.3042,1
34.02,-118.25,2.3304,1
33.83,-118.35,6.1187,3
34.45,-119.74,6.0597,3
34.01,-118.4,5.7405,3
37.68,-122.1,3.0962,5
33.95,-118.27,2.3056,1
33.9,-117.9,6.9399,3
41.92,-124.16,2.1336,5
38.3,-122.49,3.3571,5
37.99,-122.27,5.8899,2
33.89,-118.29,2.7428,1
39.11,-121.64,3.3793,5
36.72,-119.81,1.5833,4
33.56,-117.7,6.9343,3
35.12,-120.62,2.655,4
37.59,-122.55,4.1827,2
33.18,-117.19,4.1128,3
32.63,-117.06,4.125,1
34.12,-117.9,3.3322,1
34.3,-118.44,3.4,1
37.68,-121.03,2.6567,5
34.2,-118.15,3.7932,1
37.67,-120.99,2.1518,5
33.73,-118.31,4.1812,3
38.03,-122.55,6.0902,2
38.46,-122.68,2.3929,5
35.42,-119.02,1.4598,4
34.02,-118.46,6.0436,3
33.97,-118.46,6.1726,3
32.86,-116.92,2.3693,1
38.59,-121.39,2.8,5
34.43,-119.79,5.1615,3
34.04,-117.66,4.7872,3
39.33,-121.4,3.5179,5
37.77,-122.27,4.7695,2
33.91,-118.35,2.7813,1
37.09,-121.6,3.625,5
37.28,-121.97,6.6437,2
37.0,-120.09,3.4598,4
36.97,-122.04,5.3972,2
37.74,-121.42,3.15,5
34.24,-118.43,3.7143,1
37.26,-121.8,5.9053,2
37.36,-121.99,3.2048,5
37.33,-121.01,1.6214,5
33.86,-118.34,5.259,3
34.14,-117.96,2.5275,1
33.52,-117.69,4.538,3
37.46,-122.23,4.4167,2
37.58,-122.07,5.225,2
36.82,-119.8,3.4542,4
33.78,-118.26,1.9923,1
33.92,-118.42,3.8086,1
37.61,-120.8,3.9688,5
34.13,-117.34,2.125,1
34.66,-120.45,4.7875,3
33.8,-118.18,2.0579,1
34.07,-118.46,6.7703,3
34.15,-118.43,7.672000000000001,3
33.89,-117.23,4.1953,3
33.73,-117.88,3.2037,1
32.69,-117.11,1.5933,1
38.24,-122.04,1.9954,5
34.14,-118.45,7.9625,0
37.7,-121.8,4.7361,2
34.08,-118.31,2.7543,1
38.66,-121.3,4.2188,5
37.93,-122.52,5.0779,2
33.79,-118.01,5.4372,3
37.77,-122.26,4.226,2
37.43,-122.27,15.0001,0
36.21,-119.36,1.3889,4
34.1,-118.28,4.0602,3
34.27,-118.48,4.9955,3
32.7,-117.06,4.112,1
32.73,-117.08,3.6125,1
33.83,-118.13,4.2917,3
37.94,-122.05,2.5459,5
38.04,-121.33,4.6477,2
38.27,-121.94,2.5681,5
37.39,-122.1,5.0871,2
37.91,-122.32,2.6399,5
37.76,-122.47,4.4946,2
37.71,-121.42,4.3696,2
37.68,-121.02,3.996,5
37.7,-122.11,2.1552,5
33.64,-117.82,9.8589,0
34.01,-118.33,2.0217,1
34.25,-118.41,1.95,1
34.39,-118.52,3.6625,1
33.7,-118.09,5.882999999999999,3
34.09,-118.21,2.7708,1
34.12,-118.26,3.8393,1
33.78,-118.13,7.5,3
33.48,-117.65,13.0502,0
37.33,-121.89,2.8798,5
34.13,-117.59,3.8505,1
38.0,-121.12,3.4265,5
36.21,-119.11,1.5407,4
37.78,-122.2,3.1167,5
36.32,-119.32,3.6895,4
33.77,-118.08,1.9074,1
34.0,-118.41,3.1910000000000003,1
34.19,-118.54,4.1319,3
34.15,-118.59,6.7694,3
34.24,-118.43,4.4688,3
37.72,-122.46,6.7228,2
37.87,-122.29,2.6684,5
34.11,-118.09,4.6442,3
33.96,-118.31,4.0625,3
34.23,-118.59,3.0347,1
33.61,-117.64,5.8260000000000005,3
33.97,-118.15,2.4071,1
40.17,-120.37,2.1198,5
37.59,-122.41,6.2946,2
33.78,-117.87,4.3039,3
39.53,-122.19,2.165,5
37.54,-122.31,4.75,2
32.87,-117.22,3.35,1
36.3,-119.32,2.9698,4
39.5,-121.57,1.5714,5
34.12,-118.19,4.0417,3
33.88,-118.07,6.1968,3
37.26,-121.9,6.8088,2
33.78,-118.16,2.3317,1
35.14,-118.48,3.6949,1
37.81,-122.37,2.7909,5
37.56,-121.99,5.0,2
34.11,-118.07,5.0736,3
37.89,-122.54,6.1275,2
33.89,-118.21,2.2125,1
34.25,-119.19,4.1667,3
34.09,-117.42,4.1375,3
37.96,-121.99,7.6166,2
33.82,-118.11,4.3203,3
37.28,-121.81,5.7078,2
34.06,-118.03,2.5445,1
33.7,-117.25,3.58,1
37.88,-122.27,2.52,5
38.55,-121.46,1.7616,5
38.24,-122.63,2.5179,5
34.14,-117.25,2.2482,1
34.12,-118.18,4.21,3
35.37,-119.12,4.8266,3
37.73,-122.44,5.5622,2
34.12,-118.21,3.4625,1
32.8,-117.05,3.0035,1
32.81,-117.23,5.9359,3
37.46,-122.17,9.459,0
37.71,-122.07,5.3015,2
37.22,-121.87,7.6933,2
34.19,-118.15,3.2216,1
33.94,-117.46,1.7059,1
33.92,-118.19,3.0987,1
37.31,-121.78,6.234,2
34.45,-119.79,5.8635,3
37.57,-122.07,6.5615,2
37.47,-122.21,3.0472,5
34.12,-118.19,2.987,1
34.15,-117.94,4.4821,3
37.36,-122.03,4.4699,2
37.29,-121.83,4.5943,2
37.9,-122.27,5.6228,2
34.09,-118.22,1.875,1
33.85,-117.88,3.1667,1
35.59,-119.33,1.7868,4
33.88,-117.95,3.6705,1
33.92,-118.04,3.4219,1
37.8,-122.25,2.9345,5
37.53,-122.3,5.4351,2
33.57,-117.65,4.3542,3
38.57,-121.47,1.2041,5
33.77,-117.9,3.9613,1
33.53,-117.19,3.475,1
38.91,-122.71,1.375,5
33.94,-117.14,6.3223,3
33.89,-118.12,2.5432,1
33.19,-117.25,4.5764,3
33.93,-117.25,4.2654,3
34.07,-118.15,2.4348,1
37.91,-122.28,5.827999999999999,2
40.75,-122.79,2.125,5
38.0,-121.86,5.25,2
33.8,-118.32,3.1648,1
37.68,-121.0,6.9682,2
37.46,-122.34,7.439,2
34.01,-118.47,3.7727,1
33.81,-117.98,3.7201,1
38.42,-122.72,1.9458,5
33.95,-118.03,4.1471,3
37.65,-122.04,6.2579,2
34.27,-118.47,5.1408,3
34.06,-118.27,1.9818,1
34.12,-117.64,5.8407,3
37.45,-122.27,6.3824,2
33.97,-118.13,5.4042,3
33.92,-118.02,3.7969,1
33.83,-118.3,3.5473,1
35.54,-117.29,3.4145,1
34.99,-118.61,3.8917,1
34.17,-118.11,3.1115,1
34.03,-118.32,3.0132,1
33.97,-117.53,4.0833,3
34.18,-118.52,3.675,1
33.13,-117.21,3.775,1
36.86,-119.98,3.0234,4
40.97,-124.01,3.5380000000000003,5
34.42,-119.69,1.2762,4
33.82,-118.03,5.6093,3
34.57,-118.14,3.7636,1
33.71,-118.04,6.0102,3
34.37,-118.56,4.8536,3
36.61,-119.53,1.5625,4
37.78,-122.21,2.625,5
34.21,-118.49,1.3565,1
32.8,-117.13,4.5568,3
36.98,-122.04,6.7974,2
34.66,-118.23,3.6382,1
36.79,-119.83,1.9575,4
33.42,-117.62,3.1395,1
37.61,-122.03,5.097,2
34.12,-117.65,6.5587,3
33.88,-118.38,5.0602,3
33.73,-117.96,6.6324,3
39.52,-121.61,1.8661,5
38.16,-122.14,5.3345,2
34.1,-118.02,4.7330000000000005,3
32.61,-117.07,2.1765,1
38.69,-121.38,2.6713,5
32.86,-116.98,4.0693,1
33.8,-118.22,3.7708,1
34.05,-118.48,6.7496,3
35.11,-120.6,2.2625,4
33.81,-118.22,3.3988,1
34.02,-118.31,1.6667,1
37.78,-122.22,2.489,5
34.43,-117.26,3.3368,1
33.88,-118.16,3.0114,1
34.27,-118.8,4.6985,3
33.98,-118.18,2.625,1
37.17,-118.3,2.75,4
32.74,-117.08,2.3812,1
32.71,-117.03,3.25,1
33.9,-118.07,3.8846,1
38.46,-123.02,2.0556,5
34.25,-118.3,4.5833,3
38.58,-121.51,1.2542,5
33.78,-117.94,4.7731,3
38.46,-121.82,3.7083,5
33.88,-118.39,7.6685,3
33.29,-117.2,4.0357,1
33.96,-118.2,2.9773,1
33.99,-118.39,6.603,3
36.73,-119.77,1.7829,4
34.11,-118.24,2.7679,1
38.37,-121.94,3.2396,5
34.39,-119.49,3.9224,4
33.75,-117.96,2.7986,1
33.77,-118.3,2.9571,1
34.18,-118.66,8.3912,0
33.0,-117.07,4.25,3
34.04,-118.33,2.9130000000000003,1
37.54,-120.96,3.4643,5
37.7,-121.14,3.2391,5
33.12,-117.07,3.1458,1
34.11,-118.23,3.3389,1
37.09,-121.02,2.0216,5
34.21,-118.42,5.1586,3
35.19,-119.42,4.15,4
34.09,-118.32,2.0044,1
33.95,-118.18,2.9094,1
38.56,-121.35,5.0622,2
34.88,-120.43,5.0113,3
32.8,-117.01,3.1,1
34.19,-118.64,5.6163,3
37.72,-122.41,4.8214,2
37.33,-119.62,3.0224,4
33.19,-117.29,3.0704,1
40.78,-124.14,3.4219,5
34.09,-118.28,2.4677,1
34.09,-118.31,1.8214,1
34.24,-118.38,1.3594,1
33.94,-118.35,2.6654,1
38.69,-121.8,3.7477,5
36.56,-119.61,1.625,4
34.08,-118.09,3.0357,1
37.35,-121.89,2.5673,5
34.06,-118.03,2.4706,1
37.33,-121.88,2.8594,5
37.34,-122.06,6.7578,2
34.01,-118.39,3.9688,1
36.37,-119.55,3.0375,4
38.19,-120.67,2.0417,5
32.59,-117.06,4.0616,1
33.79,-116.54,3.9737,1
37.77,-122.26,2.9732,5
39.33,-121.8,2.5259,5
32.86,-117.23,5.0855,3
33.87,-118.37,6.5755,3
36.95,-120.05,1.4,4
34.01,-118.12,2.4259,1
40.6,-124.14,4.025,5
33.82,-118.38,5.9907,3
37.34,-121.99,3.9625,5
37.98,-122.11,6.135,2
40.58,-122.41,2.8512,5
38.61,-122.87,3.7361,5
37.55,-122.01,3.3008,5
33.65,-117.82,6.3822,3
33.97,-118.37,2.9646,1
37.82,-122.26,1.2185,5
33.77,-118.0,3.5139,1
34.09,-118.28,2.3333,1
33.92,-117.39,2.3851,1
35.42,-119.03,2.6094,4
33.82,-117.92,4.3583,3
34.2,-118.52,2.6437,1
33.63,-117.9,10.1454,0
33.95,-118.1,4.5694,3
32.62,-117.08,2.2685,1
34.08,-118.0,4.6467,3
38.51,-122.69,6.6854,2
33.9,-118.37,3.3409,1
34.29,-119.29,3.5294,1
33.82,-118.18,4.25,3
36.84,-121.41,3.7049,5
33.99,-118.06,3.7833,1
34.08,-118.04,4.037,3
34.06,-118.35,3.2279,1
37.39,-121.85,5.8322,2
37.39,-122.03,4.4107,2
38.58,-121.48,1.6277,5
37.69,-121.89,3.62,5
37.57,-120.85,3.4934,5
32.98,-115.54,1.9464,1
34.19,-118.88,7.7889,3
36.97,-120.55,2.3295,4
32.7,-117.1,1.5057,1
36.67,-121.64,3.0197,5
34.09,-118.33,1.9911,1
38.09,-121.35,5.5057,2
32.67,-117.1,1.2745,1
34.05,-118.39,4.0283,3
34.15,-118.15,1.1667,1
34.12,-117.76,4.2415,3
37.51,-119.99,1.398,4
34.19,-118.4,4.1125,3
33.16,-117.15,3.5839,1
33.84,-117.93,6.0531,3
33.64,-116.57,6.2702,3
33.9,-118.06,4.4167,3
38.44,-122.76,3.8244,5
34.08,-117.7,3.7802,1
38.79,-123.1,2.8344,5
33.75,-117.87,2.6635,1
38.94,-119.96,2.2589,5
37.79,-122.41,1.5156,5
34.05,-118.52,4.825,3
33.9,-118.37,5.6482,3
33.14,-117.15,2.3062,1
38.59,-121.41,2.5245,5
33.83,-118.0,2.2401,1
33.96,-118.28,1.8472,1
40.77,-121.86,2.503,5
34.3,-118.71,6.5483,3
37.66,-122.08,2.5625,5
33.99,-118.45,3.1607,1
37.71,-122.15,3.1682,5
37.39,-122.07,4.712,2
34.13,-118.26,1.2188,1
34.05,-118.47,4.175,3
35.37,-119.0,2.2212,4
38.46,-122.85,4.7105,2
33.74,-118.28,0.7591,1
37.29,-120.47,1.2054,4
35.5,-119.27,2.8269,4
41.46,-122.9,1.7292,5
33.64,-117.91,3.6406,1
33.9,-118.33,2.6091,1
37.47,-122.22,2.5,5
33.91,-118.37,5.6704,3
35.27,-120.63,5.156000000000001,2
33.98,-118.2,2.1964,1
34.08,-117.96,3.9741,1
34.11,-117.34,3.2656,1
32.86,-116.91,3.6898,1
38.54,-121.43,2.4618,5
34.05,-117.76,1.9029,1
33.97,-118.28,1.375,1
34.14,-117.28,3.4906,1
33.82,-117.91,2.9479,1
33.8,-117.9,3.0789,1
41.04,-121.45,2.67,5
37.69,-120.97,3.8598,5
37.79,-120.83,3.6875,5
39.76,-121.63,2.8182,5
33.82,-117.92,4.5057,3
33.85,-117.96,4.125,3
34.21,-118.4,4.8194,3
38.92,-122.77,4.0119,5
39.46,-123.8,2.9243,5
41.06,-122.34,1.8816,5
40.11,-123.75,1.9625,5
40.77,-123.28,1.625,5
34.03,-118.39,3.2228,1
39.18,-121.08,3.7426,5
37.38,-120.64,2.5129,4
37.26,-121.91,5.4675,2
33.96,-118.42,5.617999999999999,3
33.84,-118.03,5.4746,3
37.85,-122.25,3.8462,5
34.12,-118.21,2.5139,1
33.15,-117.29,4.0625,1
38.68,-121.09,4.7083,2
37.79,-121.24,4.075,5
32.77,-117.06,1.7951,1
37.93,-121.28,2.1591,5
33.65,-117.64,5.4132,3
35.38,-118.97,1.375,4
34.2,-118.32,4.375,3
34.24,-118.27,6.3688,3
34.15,-117.28,3.8292,1
39.39,-123.85,3.184,5
37.92,-120.4,3.625,5
34.01,-118.31,3.0759,1
38.67,-121.21,3.0533,5
34.44,-119.84,4.2404,3
37.23,-121.89,8.19,2
33.77,-117.94,3.2591,1
34.22,-118.27,7.2812,3
32.83,-116.83,5.4288,3
34.08,-118.31,2.6218,1
37.53,-122.03,3.256,5
37.47,-121.13,2.1833,5
36.09,-119.57,2.3889,4
35.91,-120.0,3.125,4
37.29,-121.97,5.3294,2
37.39,-121.82,6.1008,2
33.98,-118.35,3.745,1
33.88,-118.39,5.9683,3
40.57,-122.35,1.6821,5
37.77,-122.18,3.2552,5
37.78,-121.93,3.1591,5
33.66,-117.17,4.1386,3
34.12,-118.12,15.0001,0
36.8,-119.72,2.625,4
33.2,-117.22,4.4844,3
33.7,-117.87,4.9153,3
37.72,-120.93,4.3864,2
32.8,-116.93,2.0685,1
36.84,-121.44,4.005,2
32.85,-116.89,2.8906,1
34.2,-118.54,4.1597,3
38.44,-122.73,2.3824,5
33.96,-118.25,1.8672,1
36.8,-119.79,3.32,4
33.94,-118.02,3.488,1
38.62,-121.49,3.9143,5
37.79,-122.48,9.1881,2
34.17,-117.28,1.7456,1
37.35,-122.02,8.1078,2
37.8,-122.42,3.2356,5
37.67,-120.99,1.8315,5
40.81,-124.07,2.9911,5
34.28,-118.44,3.3687,1
38.61,-121.4,1.9908,5
33.9,-118.36,2.9551,1
40.67,-122.95,2.0268,5
37.8,-122.2,3.8487,5
33.98,-118.34,3.7067,1
32.76,-117.12,1.9152,1
37.67,-122.13,3.1734,5
35.39,-119.0,2.8295,4
35.52,-121.11,3.24,4
33.79,-118.19,1.9387,1
35.15,-120.64,4.849,4
37.76,-122.49,4.3977,2
38.32,-122.49,3.3098,5
33.76,-118.13,4.7875,3
34.23,-118.26,5.4306,3
32.67,-117.1,2.0213,1
39.14,-123.21,3.0,5
34.15,-117.87,8.2827,0
33.87,-117.95,2.0227,1
34.09,-118.01,3.1944,1
37.67,-122.04,6.8233,2
36.28,-119.29,2.2333,4
36.07,-119.02,1.5911,4
33.8,-118.19,2.1985,1
32.79,-117.14,5.282,3
34.0,-118.35,5.3462,3
37.29,-121.96,5.0,2
37.47,-122.13,4.9830000000000005,2
34.12,-117.23,2.3848,1
34.08,-117.89,3.5,1
37.88,-121.17,3.5365,5
37.81,-122.29,0.9802,5
34.04,-118.4,8.5938,0
33.81,-118.19,2.5833,1
33.72,-118.29,3.274,1
36.54,-119.29,1.8429,4
39.16,-121.56,1.5827,5
34.02,-117.61,7.7197,3
38.0,-122.29,4.025,5
33.91,-118.19,2.0134,1
33.9,-118.43,5.4088,3
41.54,-120.87,2.2321,5
34.11,-117.84,4.8894,3
41.36,-124.08,2.0156,5
38.05,-122.16,3.1373,5
34.39,-117.27,4.2224,3
33.88,-118.12,3.1923,1
33.2,-117.27,4.3542,3
34.01,-118.45,5.8666,3
34.05,-117.19,3.2188,1
38.6,-121.42,3.8672,5
37.61,-122.42,4.7,2
33.71,-116.23,2.444,1
37.77,-122.43,2.3977,5
33.79,-117.96,2.0677,1
33.73,-117.86,3.3125,1
33.82,-118.43,4.6048,3
36.21,-119.32,3.3125,4
36.79,-119.76,2.1544,4
34.18,-118.41,3.0119,1
34.68,-118.13,4.025,3
35.3,-120.67,0.7025,4
32.75,-117.12,1.9886,1
33.03,-116.9,3.475,1
34.01,-118.47,6.1014,3
35.94,-119.06,2.6576,4
33.03,-117.05,4.5,3
34.14,-118.83,10.1597,0
34.94,-120.42,2.7188,4
34.17,-118.12,2.2692,1
32.57,-117.09,3.6736,1
33.99,-118.27,1.8047,1
37.95,-122.52,6.2862,2
37.47,-122.14,2.8868,5
38.63,-121.39,2.7813,5
37.73,-121.93,3.375,5
37.67,-122.14,4.8125,2
33.76,-118.01,2.2981,1
33.72,-117.89,3.6618,1
38.04,-122.27,2.3103,5
40.79,-124.16,2.1135,5
34.07,-117.65,1.4464,1
33.96,-118.02,4.6226,3
34.08,-118.14,2.7036,1
33.85,-117.94,4.275,3
34.25,-118.48,5.1068,3
37.75,-122.42,3.0,5
33.7,-117.76,7.9125,3
34.05,-118.36,3.3333,1
38.55,-121.38,4.6944,2
37.66,-122.11,4.1302,2
37.58,-122.04,5.6277,2
33.9,-118.34,4.9779,3
33.94,-118.28,1.1051,1
39.08,-121.53,2.0469,5
37.73,-122.14,5.0,2
37.84,-122.26,1.9911,5
38.56,-121.74,1.7257,5
33.8,-117.89,6.0224,3
36.35,-119.64,3.8108,4
33.98,-118.22,3.125,1
38.57,-121.46,3.1484,5
33.93,-118.29,3.3836,1
34.68,-118.14,2.4432,1
34.11,-117.21,3.2176,1
33.83,-117.96,3.1315,1
34.28,-119.23,5.5048,3
37.8,-121.22,2.125,5
34.01,-118.06,3.9091,1
34.18,-118.44,2.2326,1
34.63,-120.45,4.5486,4
33.94,-117.56,1.625,1
33.84,-117.93,3.475,1
34.46,-118.52,6.1281,3
34.31,-116.86,4.0556,1
37.4,-121.83,5.716,2
38.66,-121.32,5.078,2
34.17,-118.09,4.3083,3
36.09,-119.56,1.85,4
37.77,-120.86,3.825,5
38.94,-122.63,1.7566,5
33.6,-117.67,7.2592,3
37.75,-122.14,4.0313,5
32.73,-117.11,3.8355,1
34.19,-118.42,2.6165,1
33.76,-117.81,5.5654,3
33.0,-117.1,5.9094,3
33.92,-118.07,3.622,1
38.79,-121.23,2.2292,5
34.05,-118.37,3.625,1
33.82,-118.31,5.4925,3
35.37,-118.96,1.9612,4
37.86,-122.28,2.8214,5
37.97,-121.81,6.4753,2
37.7,-120.94,4.4,2
37.17,-122.16,5.0165,2
41.32,-122.09,2.2462,5
32.56,-116.97,2.5625,1
39.5,-121.62,1.6346,5
34.05,-118.21,1.9271,1
34.13,-117.37,2.3456,1
34.09,-117.87,5.2405,3
37.3,-120.48,1.5,4
38.44,-122.69,2.7222,5
37.75,-122.47,4.6071,2
40.41,-120.51,5.5179,2
36.99,-122.01,6.4469,2
32.93,-117.13,5.3062,3
38.49,-121.44,3.3878,5
37.94,-122.07,2.892,5
38.59,-121.49,1.0313,5
37.81,-122.2,6.7851,2
34.16,-118.1,4.2386,3
33.75,-117.96,4.6167,3
33.88,-118.41,6.3403,3
37.34,-121.8,5.2088,2
37.61,-122.04,4.1719,2
34.07,-118.04,2.3611,1
33.98,-118.17,2.8427,1
36.8,-119.71,3.25,4
37.93,-122.36,1.7727,5
33.93,-118.12,3.0909,1
34.07,-118.28,1.9233,1
33.93,-118.27,1.8191,1
33.8,-118.13,4.0893,3
35.35,-117.84,1.9962,1
32.76,-117.14,2.0792,1
34.04,-118.39,7.3028,3
33.72,-116.24,3.775,1
34.1,-118.33,2.1866,1
37.77,-122.24,2.6411,5
35.64,-118.33,1.5667,4
37.66,-121.0,3.9844,5
33.84,-118.04,4.5395,3
39.04,-121.41,3.0739,5
36.73,-119.78,1.2344,4
34.11,-118.49,13.2935,0
36.97,-121.97,2.8036,5
37.9,-122.05,2.9526,5
39.0,-121.1,5.0126,2
32.79,-117.09,3.8333,1
33.78,-118.08,5.0102,3
35.39,-119.01,1.8289,4
33.77,-118.16,3.8984,1
36.84,-121.7,4.9107,2
33.93,-118.23,1.4028,1
33.86,-117.56,5.2898,3
34.04,-117.35,3.5139,1
32.64,-117.1,2.5658,1
37.33,-122.04,4.5721,2
38.15,-122.24,4.4529,2
38.0,-121.82,2.8466,5
34.03,-117.94,4.0521,3
34.0,-118.42,3.1603,1
37.74,-122.5,3.875,5
39.05,-122.91,3.7667,5
38.0,-122.51,3.9519,5
34.06,-117.94,3.6648,1
37.96,-122.05,3.8456,5
38.09,-122.19,6.3735,2
37.89,-122.13,2.7411,5
33.9,-117.92,6.3489,3
33.97,-118.28,1.9219,1
33.95,-118.01,4.4318,3
34.96,-120.41,4.2125,4
33.75,-117.81,5.021,3
37.38,-122.08,5.0086,2
37.79,-122.49,10.7058,0
32.99,-117.09,4.6028,3
34.23,-118.4,4.0049,3
34.02,-117.74,3.7454,1
33.82,-118.35,4.0708,3
34.04,-118.31,2.0658,1
37.96,-122.64,9.5551,2
33.71,-118.29,4.25,3
33.74,-118.01,6.0609,3
38.6,-121.33,6.2817,2
37.88,-122.29,3.8672,5
37.9,-122.04,5.6986,2
36.85,-120.45,2.1759,4
38.66,-121.79,5.3064,2
33.1,-117.25,3.9464,1
37.67,-122.48,5.1054,2
37.76,-122.48,3.275,5
35.27,-118.99,1.1528,4
37.46,-122.13,2.5294,5
37.67,-122.1,2.9564,5
37.76,-122.18,1.9479,5
36.34,-119.72,3.2019,4
33.09,-117.04,6.1834,3
33.97,-118.17,2.2422,1
38.57,-121.48,1.4301,5
32.71,-117.13,1.1563,1
34.13,-118.23,4.5766,3
32.81,-115.58,4.475,3
37.36,-122.02,4.7609,2
33.71,-118.03,6.0,3
33.75,-117.95,6.6355,3
34.08,-117.31,1.9375,1
37.57,-120.95,3.1125,5
37.35,-121.97,6.3191,2
39.15,-121.63,5.3946,2
38.1,-121.7,3.3398,5
34.06,-118.27,1.1346,1
39.12,-121.62,4.2188,5
33.97,-118.21,3.9408,1
33.53,-117.76,8.4614,0
37.72,-122.45,4.3036,2
36.51,-119.54,4.625,4
39.11,-121.62,4.2792,5
33.94,-118.21,2.4459,1
40.52,-122.39,3.9306,5
37.99,-122.57,4.1711,2
32.74,-117.08,1.8103,1
33.99,-118.06,3.3611,1
38.07,-120.55,2.9063,5
38.6,-121.42,1.7451,5
33.92,-118.03,3.0,1
33.17,-117.36,2.3182,1
36.8,-119.67,6.011,2
36.97,-120.04,1.8973,4
32.77,-117.09,3.125,1
37.32,-121.88,3.2806,5
32.81,-116.94,2.8175,1
37.34,-121.86,3.0089,5
34.02,-118.42,2.2402,1
38.13,-121.32,5.5942,2
34.27,-118.43,4.2353,3
34.07,-118.39,5.7762,3
38.68,-121.38,1.7596,5
34.02,-118.17,1.8681,1
34.09,-117.72,3.7958,1
34.09,-118.37,3.1517,1
33.84,-117.85,5.1785,3
34.17,-118.43,5.4510000000000005,3
34.1,-118.32,1.4005,1
34.15,-119.16,3.9485,3
32.7,-117.14,1.2188,1
32.82,-117.22,3.7963,1
37.64,-122.12,3.8875,5
33.79,-117.85,3.4234,1
32.71,-117.14,1.6011,1
39.1,-121.59,1.7167,5
38.13,-121.47,2.2619,5
38.4,-122.83,3.1217,5
34.09,-118.05,3.5268,1
33.78,-116.46,2.5477,1
33.89,-118.15,3.407,1
37.66,-120.94,6.8654,2
37.36,-122.22,8.7382,2
38.69,-121.18,6.3528,2
32.7,-117.11,1.4856,1
35.38,-119.03,3.0,4
34.06,-118.32,15.0001,0
32.57,-117.08,2.569,1
37.74,-121.77,9.1531,2
37.34,-122.02,6.2475,2
37.81,-122.22,8.1564,2
34.0,-118.11,3.0208,1
33.62,-118.02,4.3409,3
34.04,-117.98,3.4722,1
37.29,-121.92,5.1765,2
33.85,-118.18,3.8819,1
34.28,-119.18,5.6885,3
33.98,-118.36,3.0927,1
37.18,-122.38,3.3047,5
33.92,-118.28,3.0,1
34.0,-118.48,3.2061,1
37.81,-122.24,6.8591,2
34.26,-118.45,4.8359,3
35.7,-118.5,1.5957,4
37.4,-121.97,5.8792,2
37.79,-121.97,6.6131,2
34.03,-117.59,5.0769,3
33.19,-117.35,5.1733,3
36.78,-119.77,1.9375,4
34.0,-117.48,3.8529,1
37.86,-122.25,5.3794,2
37.39,-121.87,4.9091,2
36.83,-119.71,1.8061,4
37.54,-122.0,5.8325,2
37.77,-122.43,3.6031,5
33.79,-118.31,3.2472,1
37.81,-122.22,5.3509,2
33.25,-117.3,3.7933,1
37.35,-121.8,5.2297,2
34.72,-120.27,3.2569,4
38.03,-122.14,2.5795,5
37.98,-122.33,4.4135,2
35.3,-119.02,3.6369,4
33.62,-114.61,2.1759,1
37.99,-122.55,4.8993,2
37.78,-122.51,4.0353,5
33.99,-118.04,3.2359,1
37.54,-120.89,2.2679,5
34.46,-119.19,6.6257,3
35.39,-118.98,1.4146,4
34.2,-118.42,2.2377,1
34.02,-118.09,4.5526,3
37.44,-120.75,3.6182,5
33.86,-117.92,3.6375,1
37.56,-121.94,8.3996,2
33.97,-118.5,2.2643,1
36.35,-119.66,3.1094,4
35.27,-120.66,2.8009,4
33.54,-117.72,4.9821,3
34.05,-118.31,2.3536,1
34.05,-118.34,3.9167,1
38.52,-121.45,2.6288,5
37.75,-122.19,1.9167,5
38.6,-121.37,3.788,5
34.12,-118.18,1.9219,1
36.1,-119.56,1.5313,4
36.33,-119.78,3.2386,4
34.04,-118.21,2.2454,1
36.82,-119.82,5.2809,2
33.77,-116.44,2.2439,1
37.68,-122.49,5.3311,2
36.75,-119.7,2.4956,4
34.05,-118.14,3.4118,1
37.77,-121.61,4.2083,2
34.11,-117.62,6.148,3
33.62,-117.74,5.6877,3
35.31,-120.82,2.5172,4
33.05,-116.88,2.8827,1
34.21,-118.41,5.5920000000000005,3
33.89,-117.87,3.343,1
33.96,-118.21,2.4688,1
34.05,-117.96,4.6364,3
34.05,-118.38,3.0707,1
38.35,-121.95,5.8269,2
37.95,-121.97,5.431,2
34.05,-118.27,1.5727,1
38.62,-122.85,4.5913,2
34.23,-118.57,4.9676,3
33.84,-117.26,2.7232,1
34.19,-118.32,4.1731,3
37.79,-122.16,5.9849,2
36.32,-119.33,1.6148,4
32.83,-117.18,4.2708,3
38.8,-121.22,3.5265,5
34.08,-117.93,4.3947,3
37.54,-122.49,6.3256,2
34.02,-118.48,2.7072,1
34.12,-118.21,3.6845,1
32.7,-117.12,1.0531,1
32.76,-117.09,1.5208,1
34.17,-119.15,4.8125,3
37.78,-122.45,3.7159,5
34.16,-117.35,2.4444,1
33.85,-117.8,5.6403,3
32.86,-117.23,3.6083,1
33.97,-118.23,1.6065,1
32.6,-117.03,5.152,3
36.3,-119.38,3.6875,4
34.05,-117.69,4.3264,3
41.26,-123.08,1.6757,5
34.06,-118.38,6.2344,3
33.19,-117.37,4.1875,3
35.23,-118.85,1.7656,4
40.75,-124.21,1.6528,5
37.25,-121.82,5.1663,2
36.37,-119.78,3.1406,4
40.78,-124.15,3.1711,5
37.13,-121.66,3.8788,5
39.38,-121.74,2.3243,5
34.11,-118.03,6.5722,3
37.48,-122.21,2.9286,5
37.74,-122.15,3.95,5
33.94,-117.92,5.582999999999999,3
35.61,-117.66,4.8494,3
33.69,-117.93,5.01,3
37.05,-122.03,3.9728,5
34.28,-118.72,5.4459,3
33.93,-118.23,1.4861,1
40.57,-122.34,2.6591,5
37.93,-121.25,2.0833,5
32.91,-117.08,7.5604,3
32.79,-115.55,1.6351,1
34.22,-115.52,1.3333,1
32.55,-117.06,1.4384,1
36.44,-119.77,3.2083,4
37.78,-122.44,2.8654,5
33.84,-117.81,10.5981,0
38.92,-121.07,4.515,2
40.48,-122.36,2.0899,5
33.82,-118.22,3.6086,1
38.02,-121.91,3.4817,5
37.79,-121.22,1.7228,5
33.9,-118.08,4.2083,3
34.0,-118.34,5.0407,3
38.66,-121.34,2.8092,5
37.39,-122.03,4.0223,5
33.9,-118.09,4.2132,3
32.71,-117.02,3.5388,1
37.93,-122.1,8.039,2
34.17,-118.94,6.3303,3
34.87,-118.19,5.0553,3
38.58,-121.47,1.5922,5
34.04,-118.45,3.9489,1
34.03,-118.49,3.6769,1
33.81,-118.38,6.4956,3
32.75,-117.02,5.2835,3
37.77,-122.27,2.7115,5
33.9,-118.02,3.5938,1
33.99,-118.22,2.6964,1
34.0,-118.09,4.1458,3
37.85,-122.28,2.4597,5
39.73,-121.85,3.4191,5
34.18,-118.52,4.2143,3
38.55,-121.38,4.3288,2
34.18,-118.17,4.375,3
33.96,-118.41,6.0286,3
34.15,-118.1,2.7431,1
34.03,-118.43,5.2099,3
33.74,-117.91,3.3846,1
32.74,-117.25,2.6962,1
34.95,-120.43,2.3506,4
33.81,-118.19,4.4559,3
37.87,-122.5,6.3066,2
37.75,-121.43,2.1424,5
33.6,-117.9,3.6538,1
37.88,-120.41,4.4231,2
37.87,-122.3,2.1705,5
37.79,-122.43,4.2042,2
33.84,-117.89,2.8021,1
40.32,-122.42,2.6827,5
34.06,-118.54,11.4233,0
41.84,-124.3,3.0313,5
33.72,-117.86,2.3333,1
34.43,-119.64,5.622999999999999,3
33.33,-118.32,3.3906,1
33.62,-117.85,15.0001,0
36.94,-120.06,2.2375,4
37.86,-122.22,8.3014,2
32.87,-115.6,4.1293,1
38.37,-122.01,5.778,2
33.89,-118.32,5.1669,3
34.05,-117.66,2.5391,1
34.04,-118.43,5.8587,3
33.63,-117.72,1.9,1
37.21,-119.45,2.9449,4
33.98,-118.06,4.7266,3
33.98,-118.17,2.9844,1
34.11,-117.81,3.6201,1
33.16,-117.23,3.6736,1
37.73,-122.41,3.8643,5
34.17,-118.59,5.4847,3
34.32,-118.46,4.1514,3
37.78,-122.27,3.9444,5
34.01,-117.4,2.7083,1
33.68,-117.27,5.3238,3
33.06,-117.3,3.194,1
34.21,-118.34,4.7885,3
37.71,-122.09,5.1498,2
34.0,-117.36,3.3622,1
33.81,-116.54,2.1176,1
34.64,-120.46,2.3804,4
37.96,-121.26,1.7898,5
34.96,-117.08,3.6343,1
33.1,-117.05,6.1868,3
37.46,-122.26,7.0001,2
33.88,-118.34,3.8657,1
36.77,-121.65,4.7969,2
32.7,-117.12,1.3194,1
34.13,-117.98,4.0083,1
34.67,-118.22,4.3636,3
37.33,-122.06,8.248,2
34.1,-118.06,3.6995,1
33.91,-117.92,9.5561,0
37.43,-122.14,4.0686,2
38.86,-121.12,3.3802,5
34.27,-118.73,5.653,3
37.76,-120.87,2.5655,5
38.81,-121.04,3.93,5
33.68,-117.97,5.7301,3
37.6,-121.0,2.6899,5
36.69,-121.61,2.0244,5
33.8,-118.21,4.25,3
33.81,-118.2,4.95,3
39.06,-120.13,2.875,5
37.62,-122.42,6.3443,2
33.19,-117.21,4.8152,3
32.93,-117.08,6.0857,3
39.75,-121.62,1.0625,5
35.03,-120.5,3.5682,4
38.12,-121.28,2.8237,5
33.6,-117.7,2.625,1
37.34,-121.86,2.5947,5
37.99,-121.8,5.5,2
34.11,-118.27,2.978,1
33.77,-118.13,5.3046,3
37.32,-122.03,5.6511,2
33.69,-117.8,3.3438,1
32.88,-116.98,4.3952,3
33.99,-118.18,2.152,1
34.49,-117.32,1.6232,1
34.09,-117.86,6.1498,3
37.8,-122.4,1.9063,5
41.3,-123.66,1.8065,5
34.2,-118.15,4.1518,3
37.37,-121.82,3.7214,5
37.55,-122.32,4.8068,2
36.78,-119.86,2.9853,4
36.38,-119.21,2.0216,4
38.63,-121.37,2.6623,5
34.23,-118.48,6.5268,3
34.09,-117.63,2.6818,1
34.12,-118.0,3.9219,1
38.7,-121.38,2.2402,5
32.59,-117.12,2.6724,1
33.85,-118.15,4.0781,3
34.49,-117.89,3.7043,1
34.17,-118.43,5.9275,3
33.98,-118.29,1.9125,1
33.77,-118.17,3.0503,1
33.75,-116.95,1.7847,1
37.51,-120.96,2.3864,5
37.31,-120.5,2.6797,4
34.06,-118.3,2.2094,1
33.17,-117.35,2.478,1
37.78,-122.21,2.7352,5
37.31,-121.8,4.5045,2
38.35,-122.0,2.5707,5
34.06,-117.18,1.3485,1
33.2,-116.99,3.1553,1
33.65,-117.9,4.6808,3
32.8,-117.02,3.65,1
33.68,-117.99,3.4899,1
33.74,-117.9,2.3783,1
33.89,-118.26,3.5687,1
32.73,-117.0,3.7647,1
38.95,-119.95,2.625,5
34.03,-117.19,10.8634,0
33.46,-117.34,5.5395,3
38.67,-121.8,4.5526,2
33.06,-117.29,6.1509,3
39.71,-122.74,1.6607,5
36.99,-121.99,3.6364,5
37.92,-122.3,6.0677,2
36.6,-119.45,2.5,4
33.78,-118.18,2.0769,1
37.23,-121.89,8.1988,2
34.16,-118.14,2.575,1
33.93,-118.27,2.6458,1
34.87,-120.44,5.038,3
38.73,-121.36,3.141,5
34.07,-118.26,2.2607,1
34.15,-117.25,2.1465,1
33.87,-118.13,4.6765,3
37.13,-121.6,7.5,2
36.3,-119.26,2.425,4
34.15,-118.06,15.0001,0
36.75,-119.72,3.9514,4
39.18,-120.99,3.6607,5
34.17,-118.39,3.2052,1
36.08,-119.07,3.0,4
34.01,-118.3,2.5885,1
35.42,-119.02,1.8472,4
40.6,-122.42,3.4464,5
37.85,-122.27,2.2431,5
33.66,-117.98,6.1624,3
37.52,-121.95,5.2308,2
37.79,-120.45,3.1719,5
34.09,-117.58,1.9531,1
34.1,-117.66,2.2429,1
33.87,-118.39,7.521,3
34.1,-118.32,1.5284,1
38.52,-122.78,2.4922,5
38.27,-122.69,4.0313,5
37.8,-122.19,4.2727,2
33.18,-117.37,2.6979,1
40.19,-122.26,2.0425,5
32.78,-115.55,2.8025,1
34.04,-117.67,4.6563,3
33.88,-117.97,6.0394,3
37.53,-122.51,7.2929,2
38.15,-122.62,6.4092,2
39.67,-120.24,2.3625,5
33.85,-117.88,2.3173,1
34.09,-117.75,4.2143,3
34.21,-118.24,3.5777,1
34.01,-118.25,2.1466,1
33.82,-118.3,2.8106,1
38.36,-121.98,2.4330000000000003,5
39.9,-120.74,2.2656,5
33.88,-118.12,2.6184,1
37.76,-122.48,4.1397,2
37.35,-122.03,7.2779,2
39.76,-121.61,2.5428,5
34.87,-120.43,3.9871,4
33.55,-117.7,7.1736,3
33.52,-117.55,5.136,3
37.76,-121.97,6.7027,2
33.92,-117.85,8.0287,3
37.95,-122.32,4.45,2
33.94,-118.18,2.7,1
35.12,-118.46,3.2405,1
33.61,-117.68,6.0689,3
33.73,-118.05,5.0699,3
33.99,-118.2,2.3421,1
34.44,-119.81,3.2115,4
37.82,-122.23,12.2138,0
34.06,-117.98,4.5417,3
33.97,-117.71,3.851,1
33.9,-118.0,4.3831,3
33.71,-117.76,3.2229,1
36.62,-121.91,2.475,5
35.36,-119.01,1.6797,4
33.49,-117.67,8.163,3
34.22,-118.86,6.2708,3
33.92,-114.67,1.2656,1
32.96,-117.03,4.121,1
32.73,-115.53,1.735,1
33.94,-118.16,4.7708,3
33.87,-118.07,5.7652,3
33.91,-118.27,1.1705,1
37.33,-122.05,5.3167,2
33.84,-118.16,3.6447,1
37.25,-121.89,4.7069,2
37.71,-122.43,3.1908,5
37.99,-121.26,2.3333,5
37.37,-122.06,6.1299,2
38.3,-122.31,3.6039,5
34.55,-117.54,2.9479,1
33.69,-117.98,5.7117,3
34.84,-114.61,2.1571,1
37.48,-122.16,2.3769,5
32.84,-117.02,5.131,3
34.01,-118.14,2.5326,1
34.1,-118.05,4.0179,1
34.08,-117.65,4.7176,3
33.65,-117.93,4.2036,3
34.7,-118.12,4.3229,3
37.93,-122.03,6.0918,2
34.0,-117.85,5.6513,3
37.7,-122.08,5.2497,2
34.11,-118.29,3.0461,1
40.78,-124.16,2.9038,5
37.64,-121.03,3.148,5
38.47,-121.43,4.35,2
33.94,-118.2,3.5125,1
38.62,-122.87,3.1875,5
34.11,-118.14,5.2292,3
36.35,-119.65,4.3911,4
32.99,-115.54,1.5372,1
34.12,-118.04,5.2249,3
33.86,-118.15,4.4934,3
37.59,-122.41,5.6493,2
32.77,-117.18,2.7386,1
38.38,-120.77,2.3125,5
38.47,-121.13,3.6645,5
40.58,-124.14,2.6987,5
34.08,-118.21,2.2907,1
33.74,-117.93,3.3017,1
39.27,-120.58,3.0147,5
37.46,-122.15,10.9508,0
34.08,-117.27,1.4279,1
37.4,-122.02,4.35,2
32.77,-117.19,3.765,1
34.05,-118.19,1.6667,1
36.62,-119.68,1.6602,4
34.06,-118.31,1.6725,1
34.6,-118.16,4.9904,3
33.75,-117.81,3.7031,1
34.16,-118.41,4.1875,3
38.5,-122.75,5.449,2
33.8,-118.24,3.6161,1
37.6,-121.2,2.3173,5
33.61,-117.92,3.5682,1
38.03,-122.57,6.5253,2
33.99,-118.22,4.3164,3
34.77,-118.19,2.1979,1
33.68,-117.64,6.5069,3
38.32,-122.69,5.6613,2
34.1,-118.21,3.7437,1
35.26,-120.66,2.2656,4
33.82,-118.31,4.1406,3
37.11,-120.25,1.5319,4
34.29,-119.17,3.2917,1
38.68,-121.16,3.1161,5
37.8,-122.41,3.6065,5
37.59,-122.36,3.5125,5
33.9,-117.9,4.9743,3
37.56,-120.93,1.55,5
33.88,-118.36,3.2049,1
33.79,-118.3,2.5,1
37.66,-121.86,4.1597,2
33.84,-118.14,3.2024,1
33.99,-118.45,2.9722,1
33.98,-118.3,1.9556,1
34.02,-118.35,3.25,1
34.06,-118.19,1.9762,1
34.25,-118.38,4.8816,3
36.42,-119.09,1.5875,4
33.48,-117.68,5.0527,3
33.99,-118.08,2.5,1
34.05,-118.32,1.5882,1
34.14,-118.01,2.8352,1
34.26,-119.22,3.4018,1
35.08,-118.61,3.4911,1
38.0,-121.25,2.8958,5
33.08,-116.77,5.5842,3
34.05,-118.28,1.5565,1
36.92,-119.81,4.665,4
34.1,-117.76,2.6210000000000004,1
33.98,-117.37,2.025,1
34.04,-117.67,5.2551,3
35.36,-118.95,2.1078,4
32.75,-117.11,2.05,1
38.59,-121.41,2.6485,5
38.02,-121.9,2.1417,5
37.96,-120.47,2.006,5
37.97,-122.1,5.6931,2
36.09,-119.02,3.0234,4
33.94,-118.19,3.3846,1
35.4,-120.92,3.6908,4
33.79,-118.38,7.7042,3
37.29,-121.89,4.2614,2
34.14,-118.26,2.2614,1
37.77,-122.43,2.3887,5
34.11,-117.95,3.1034,1
35.32,-120.82,3.3958,4
36.33,-121.24,3.1222,4
37.94,-122.08,4.725,2
33.0,-117.27,5.1523,3
33.91,-117.59,5.4872,3
36.8,-119.84,3.4074,4
37.74,-122.16,4.1458,2
34.17,-119.17,2.6667,1
34.12,-117.91,3.7846,1
36.8,-119.86,2.5595,4
33.79,-118.28,3.3009,1
33.63,-117.95,5.8777,3
34.03,-118.49,4.1827,3
34.07,-117.77,2.8661,1
34.01,-118.43,5.3403,3
33.99,-118.26,1.6901,1
34.1,-117.43,2.4735,1
34.25,-118.44,4.8958,3
35.26,-118.95,4.0,4
34.1,-118.3,1.6112,1
34.5,-118.44,8.1344,0
37.87,-122.27,2.8846,5
37.94,-122.32,3.7277,5
33.18,-117.36,2.8893,1
37.22,-121.77,4.5221,2
34.51,-117.25,4.6914,3
37.77,-122.43,2.6914,5
34.17,-118.04,4.0385,3
34.19,-118.46,2.7237,1
38.49,-121.38,2.9647,5
37.74,-122.17,2.2917,5
33.78,-117.91,4.0362,1
38.68,-121.24,3.7426,5
33.81,-118.1,5.62,3
37.99,-121.89,4.1016,5
34.11,-117.32,2.2604,1
34.24,-119.02,5.8838,3
32.8,-115.57,1.7188,1
37.74,-121.44,3.5096,5
37.28,-121.95,3.1509,5
34.08,-117.32,3.1875,1
38.25,-122.05,3.815,5
37.5,-120.86,1.9829,5
36.3,-119.77,2.1038,4
39.05,-121.03,3.9185,5
33.99,-117.98,7.0778,3
34.07,-117.32,1.9963,1
37.76,-122.5,4.2644,2
33.97,-118.25,1.8661,1
38.92,-120.01,2.675,5
37.9,-122.56,8.634,2
34.05,-118.3,1.9152,1
32.75,-117.23,3.3456,1
35.29,-120.66,2.084,4
33.91,-118.09,3.4211,1
33.92,-118.01,5.2305,3
34.06,-117.92,5.184,3
37.72,-122.4,3.0313,5
37.87,-122.47,11.5706,0
37.27,-121.92,4.5625,2
37.55,-122.34,6.9533,2
37.96,-121.24,2.875,5
38.44,-122.7,2.1912,5
33.96,-118.08,4.369,3
33.81,-118.05,5.2542,3
33.67,-117.67,5.7797,3
32.76,-117.08,1.7743,1
32.77,-117.0,5.5,3
32.99,-117.04,6.6012,3
33.04,-117.05,6.7769,3
32.79,-117.16,3.3375,1
32.82,-116.95,2.5949,1
34.14,-117.97,3.1094,1
37.53,-122.01,5.7057,2
38.61,-121.46,1.2917,5
34.17,-118.64,7.7846,3
34.13,-118.08,8.4546,0
37.34,-122.04,7.5372,2
38.55,-120.25,3.0125,5
34.42,-118.47,5.2887,3
36.83,-119.82,6.1175,2
34.0,-117.4,1.6955,1
39.25,-123.36,2.5875,5
37.8,-122.02,7.6518,2
36.5,-119.26,2.5719,4
38.3,-122.35,5.6304,2
34.16,-118.37,3.6375,1
34.22,-118.43,3.6618,1
34.64,-120.08,4.2222,4
34.08,-118.33,3.5083,1
38.46,-122.71,3.0444,5
33.76,-118.13,3.9352,1
34.4,-118.92,3.3152,1
33.71,-117.76,8.3634,0
32.58,-117.16,3.3906,1
33.93,-118.1,4.5769,3
34.16,-118.21,5.9199,3
35.36,-119.03,3.9097,4
33.8,-118.3,5.3106,3
33.93,-118.0,5.0077,3
32.81,-117.17,4.22,3
34.0,-117.96,4.4038,3
37.89,-122.06,3.1002,5
37.93,-120.25,3.375,5
33.79,-117.96,5.2816,3
36.7,-119.56,2.1182,4
34.26,-118.43,2.9519,1
36.78,-119.81,2.0324,4
34.07,-118.16,3.5769,1
34.11,-118.32,4.0833,3
38.4,-122.5,4.1307,5
37.99,-122.12,4.675,2
37.54,-121.95,4.6641,2
37.95,-122.03,4.9485,2
36.96,-122.02,2.0172,5
39.21,-121.05,2.535,5
32.75,-117.14,2.4828,1
35.37,-120.85,2.8173,4
33.9,-118.32,3.0526,1
37.9,-122.56,6.7546,2
35.37,-118.98,0.9675,4
38.68,-121.34,4.2743,5
38.4,-122.89,4.511,2
33.74,-117.89,3.75,1
38.36,-121.94,5.0346,2
36.55,-119.4,2.5141,4
33.83,-118.06,4.53,3
39.77,-121.62,1.8125,5
37.68,-122.13,4.1974,2
33.85,-117.89,3.2303,1
33.02,-116.84,5.6674,3
35.72,-118.47,2.0694,4
33.98,-118.21,2.6818,1
34.05,-118.27,0.9563,1
38.57,-121.45,3.2963,5
36.94,-118.31,2.325,4
34.0,-118.42,5.0357,3
33.89,-118.26,2.8493,1
37.64,-122.08,3.9338,5
34.07,-117.94,3.3523,1
37.67,-122.14,4.2386,2
38.01,-121.33,5.318,2
36.83,-119.8,4.3315,4
37.8,-122.23,2.3833,5
33.65,-118.05,10.1154,0
33.94,-117.4,3.0509,1
39.53,-121.65,1.4833,5
34.58,-117.41,1.6047,1
38.67,-121.77,2.8351,5
39.23,-121.15,2.8102,5
36.63,-121.91,2.1776,5
37.64,-122.08,3.8,5
38.46,-122.68,7.3003,2
38.53,-122.4,3.6118,5
33.73,-117.97,5.0875,3
37.77,-122.23,2.57,5
32.78,-117.19,4.4097,3
37.0,-121.94,4.1587,2
33.94,-116.96,1.4063,1
33.92,-118.09,4.8542,3
34.12,-117.56,4.7193,3
37.77,-122.27,3.3269,5
38.78,-122.59,3.375,5
38.64,-121.25,5.6864,2
37.74,-122.49,4.5744,2
40.45,-122.3,1.6579,5
33.93,-118.2,3.4402,1
38.75,-121.3,2.655,5
38.25,-122.06,3.3153,5
36.31,-119.32,2.9886,4
33.55,-117.68,6.065,3
37.36,-121.86,4.4896,2
34.09,-117.64,3.05,1
40.75,-122.56,1.7935,5
33.91,-118.22,2.6154,1
32.77,-117.04,2.734,1
37.81,-122.3,0.8056,5
37.24,-121.91,4.7118,2
34.06,-118.36,3.25,1
33.94,-118.25,2.3333,1
33.68,-117.97,5.5105,3
36.97,-122.03,3.2404,5
33.98,-118.33,1.6477,1
33.95,-117.99,10.4835,0
40.78,-124.15,3.3984,5
37.46,-122.16,4.2667,2
37.33,-121.87,3.0156,5
37.73,-122.16,2.5625,5
39.66,-120.48,1.8839,5
34.06,-117.93,5.4635,3
37.63,-122.09,3.9167,5
38.9,-122.6,2.9583,5
32.84,-117.18,3.6667,1
37.96,-121.28,0.9365,5
34.19,-119.18,1.5625,1
34.07,-117.76,2.8594,1
34.94,-120.47,1.8633,4
33.94,-118.31,3.6583,1
38.36,-123.02,3.8589,5
33.71,-118.0,4.0121,1
35.13,-120.56,4.4033,4
37.35,-121.95,4.2656,2
34.1,-117.41,2.5272,1
37.32,-121.92,3.5256,5
37.78,-122.49,3.6148,5
38.59,-121.48,1.6116,5
37.83,-122.24,5.8948,2
34.46,-119.81,7.1687,3
37.86,-122.28,3.3906,5
34.06,-117.32,2.1591,1
34.08,-118.17,3.375,1
38.5,-122.47,4.1993,5
33.66,-117.93,9.6062,0
40.53,-122.41,2.037,5
33.22,-117.24,4.1316,3
34.04,-118.13,3.1083,1
33.87,-117.93,1.7935,1
33.16,-117.21,2.6487,1
38.5,-120.65,2.65,5
37.95,-121.24,3.7734,5
32.78,-117.16,3.7381,1
41.32,-123.85,1.0486,5
37.9,-122.06,2.6998,5
34.1,-117.89,3.125,1
37.28,-121.92,4.5833,2
32.75,-117.05,3.0938,1
34.01,-118.13,2.7083,1
34.18,-118.27,6.2976,3
36.73,-119.89,2.6146,4
38.43,-122.71,1.5026,5
33.76,-118.19,4.6629,3
33.89,-118.35,4.2829,3
33.96,-118.39,5.8143,3
37.96,-122.0,3.7,5
33.88,-118.08,5.1645,3
38.94,-119.95,2.5875,5
37.66,-121.06,4.6053,2
34.07,-118.28,2.4632,1
38.1,-122.22,3.0221,5
34.03,-118.17,2.1979,1
36.58,-121.86,5.7578,2
33.8,-117.84,4.3661,3
37.56,-122.29,5.8221,2
33.97,-118.16,1.9464,1
34.06,-118.31,0.8804,1
34.03,-118.18,1.1929,1
34.04,-118.3,1.7225,1
32.69,-117.04,3.02,1
37.74,-122.45,5.0887,2
37.8,-122.21,3.0682,5
38.41,-122.36,3.7067,5
37.96,-121.22,1.9875,5
38.49,-121.48,1.5908,5
38.1,-122.25,2.3,5
38.64,-121.42,1.6033,5
33.64,-117.98,3.8187,1
37.78,-122.43,2.9792,5
39.61,-120.08,2.7778,5
36.34,-120.08,2.1153,4
34.14,-118.32,4.0965,3
34.12,-117.9,2.6629,1
40.85,-123.13,1.8933,5
33.74,-117.88,3.1964,1
38.25,-122.06,3.3598,5
37.66,-120.99,2.5938,5
34.1,-118.0,3.4005,1
33.96,-118.08,4.0096,1
33.93,-117.95,2.6123,1
39.88,-123.71,1.4952,5
35.14,-120.7,3.5352,4
33.51,-116.01,1.7344,1
33.74,-118.29,2.0329,1
33.19,-117.26,2.9469,1
38.95,-121.47,2.7039,5
37.31,-121.92,4.0524,2
33.84,-118.19,4.1771,3
36.54,-119.48,4.2222,4
37.91,-121.28,1.69,5
34.26,-119.21,3.3452,1
35.38,-118.99,1.4024,4
38.05,-122.25,1.6767,5
34.22,-118.86,5.5845,3
34.01,-117.81,4.9589,3
37.53,-121.97,5.4299,2
37.33,-122.05,6.3131,2
34.06,-118.17,2.1845,1
36.8,-119.75,2.197,4
33.8,-118.08,6.0553,3
33.29,-117.05,7.0177,3
33.9,-118.31,2.6312,1
36.67,-121.67,3.9219,2
40.62,-122.36,2.2905,5
34.48,-117.36,3.9792,1
37.78,-122.44,2.4196,5
33.16,-117.08,4.8554,3
33.79,-118.21,4.5938,3
37.76,-122.45,4.6912,2
37.36,-121.82,3.7188,5
34.11,-118.15,4.2981,3
37.65,-121.01,0.4999,5
32.8,-117.24,2.1357,1
33.95,-117.39,3.1667,1
32.82,-117.11,4.375,3
33.73,-117.97,6.2984,3
35.44,-120.95,2.6864,4
37.25,-121.84,4.8355,2
35.48,-120.67,3.3438,4
34.01,-118.17,3.0225,1
40.8,-124.02,3.9792,5
33.86,-118.19,2.2381,1
36.77,-119.79,2.3967,4
34.08,-118.29,1.8495,1
38.66,-121.25,5.02,2
37.35,-120.62,1.6833,4
34.29,-118.73,7.355,3
33.7,-117.77,5.4248,3
36.94,-119.61,4.2679,4
34.08,-117.16,4.51,3
38.0,-121.32,2.213,5
34.07,-118.48,10.7937,0
37.69,-122.15,5.1312,2
34.04,-118.22,1.5163,1
38.7,-121.32,3.0703,5
34.13,-117.26,2.0,1
35.27,-118.83,2.6302,4
37.25,-121.9,5.7385,2
35.33,-119.01,2.4234,4
34.01,-118.26,2.1776,1
38.94,-119.99,3.1625,5
36.22,-119.37,2.7060000000000004,4
32.74,-116.95,3.9583,1
37.6,-120.95,2.9821,5
38.66,-120.96,3.9036,5
38.98,-122.68,2.1838,5
34.26,-118.55,8.203,0
34.11,-117.76,3.9825,1
34.18,-118.42,5.7143,3
37.86,-122.25,7.0897,2
34.21,-118.23,3.3287,1
39.48,-121.55,2.2045,5
38.01,-122.12,3.609,5
34.0,-118.32,1.95,1
33.8,-118.02,8.4952,0
33.81,-116.52,3.4394,1
37.7,-122.18,4.0268,5
34.04,-118.34,2.2254,1
34.17,-117.13,5.5762,3
33.87,-117.78,5.3307,3
34.25,-118.59,3.6231,1
34.05,-117.73,2.8929,1
33.78,-116.4,6.8729,3
37.31,-121.81,4.4792,2
35.4,-118.98,2.8393,4
34.09,-118.22,2.8194,1
37.28,-121.98,5.7251,2
33.22,-117.32,2.4375,1
40.47,-122.29,1.9657,5
37.12,-121.65,3.6895,5
35.39,-118.99,1.6009,4
36.29,-119.14,1.47,4
34.04,-118.49,13.3036,0
34.02,-118.2,2.75,1
38.6,-121.39,2.5238,5
34.0,-117.04,3.5255,1
34.16,-118.09,5.0393,3
34.16,-118.11,3.4583,1
32.72,-117.05,3.9485,1
34.12,-118.06,3.6639,1
37.11,-120.31,2.4054,4
38.01,-122.13,1.8523,5
33.97,-117.31,3.4896,1
38.52,-121.42,2.5574,5
40.59,-124.14,2.178,5
39.39,-121.39,3.0208,5
33.79,-118.28,4.3816,3
37.51,-120.85,2.2292,5
34.12,-116.0,2.125,1
34.17,-118.21,8.1325,0
32.58,-117.04,5.0311,3
34.02,-118.18,2.8977,1
34.06,-118.44,5.5,3
36.35,-119.67,4.9432,4
34.23,-119.03,5.6762,3
38.69,-121.3,3.6995,5
35.36,-118.94,3.1281,4
37.36,-121.98,5.0866,2
37.46,-122.16,6.227,2
38.43,-122.73,3.7132,5
34.02,-118.5,3.3266,1
33.87,-117.98,3.8068,1
34.12,-117.75,4.3148,3
34.0,-117.55,2.6979,1
34.03,-118.21,2.6573,1
37.65,-120.99,2.1487,5
39.31,-121.13,2.8102,5
33.75,-118.01,4.525,3
33.92,-118.08,4.5382,3
33.88,-118.26,3.2375,1
37.75,-122.48,3.7734,5
34.06,-118.11,2.8229,1
38.03,-121.32,4.875,2
37.69,-122.48,4.2421,2
37.36,-121.99,5.5,2
38.69,-121.26,5.2586,2
33.49,-117.73,9.8321,0
37.75,-122.42,3.5536,5
33.17,-117.35,3.625,1
32.61,-117.08,3.3514,1
38.51,-121.42,2.8139,5
34.06,-117.63,2.3636,1
34.16,-118.84,5.22,3
34.15,-118.09,3.5568,1
34.02,-118.41,3.3462,1
34.32,-118.35,1.9875,1
33.94,-116.57,1.1917,1
34.04,-118.55,8.8619,0
34.17,-118.36,2.3851,1
34.25,-118.46,3.6989,1
37.94,-122.36,1.822,5
33.68,-117.96,4.7656,3
34.18,-117.4,5.3671,3
33.9,-118.01,5.125,3
37.85,-122.24,9.3959,2
37.75,-122.4,2.8679,5
39.22,-120.99,2.8942,5
33.23,-117.3,2.765,1
33.79,-117.85,3.8929,1
36.74,-119.69,1.5449,4
34.16,-118.5,7.138999999999999,3
38.09,-122.61,6.9081,2
35.38,-119.01,1.1944,4
33.93,-118.41,5.0596,3
34.68,-118.11,5.3267,3
37.68,-122.4,3.3816,5
37.76,-122.44,4.05,5
33.88,-118.14,2.6641,1
38.81,-122.66,3.4375,5
33.01,-116.84,5.4155,3
40.58,-124.26,2.3571,5
40.58,-122.26,3.9762,5
34.28,-118.43,2.3724,1
38.12,-122.26,3.1025,5
36.82,-121.66,5.0092,2
38.46,-122.76,4.2061,5
33.83,-118.01,2.4609,1
33.9,-118.32,4.0473,3
36.72,-119.75,1.3343,4
33.98,-118.29,1.223,1
34.09,-117.31,1.608,1
37.61,-122.03,3.7262,5
34.01,-118.14,2.3929,1
37.24,-121.88,3.506,5
33.76,-117.86,4.7083,3
38.61,-121.38,3.0086,5
37.24,-121.95,6.0235,2
34.03,-117.92,4.1118,3
34.11,-118.25,2.7466,1
34.98,-116.85,2.6587,1
34.12,-117.38,2.4053,1
39.73,-121.82,2.2925,5
36.86,-119.78,8.3608,0
37.39,-122.12,8.9172,2
39.97,-122.14,3.1319,5
37.48,-122.25,5.0863,2
33.73,-117.84,2.4211,1
37.4,-121.93,3.375,5
33.14,-117.13,4.0495,1
37.96,-122.54,10.129,0
39.17,-122.91,4.35,5
33.74,-118.29,2.75,1
33.8,-117.95,5.237,3
37.06,-120.84,1.1301,4
37.54,-122.28,5.1701,2
33.72,-116.23,1.7805,1
32.87,-117.22,3.8542,1
34.16,-118.44,4.0391,3
35.36,-118.99,1.1136,4
33.86,-118.36,5.542999999999999,3
33.94,-118.0,5.1738,3
34.19,-118.53,2.625,1
34.04,-117.24,5.3366,3
36.68,-121.66,0.9914,5
38.02,-122.26,5.0473,2
34.44,-119.82,4.875,3
39.24,-120.02,1.8269,5
32.74,-117.18,3.175,1
37.76,-122.18,1.8913,5
34.15,-118.44,10.0549,0
34.38,-119.31,2.4375,1
35.3,-119.05,4.0631,4
37.79,-121.21,1.6724,5
36.61,-121.9,2.9309,5
38.35,-120.57,2.2604,5
36.66,-121.65,3.5288,5
36.94,-119.7,2.4861,4
32.72,-117.17,1.5909,1
37.06,-120.85,1.5479,4
36.9,-121.76,2.0775,5
37.24,-121.9,4.4004,2
37.39,-121.87,3.7153,5
37.43,-122.21,9.7796,0
34.27,-118.48,4.9323,3
34.08,-118.35,3.8472,1
36.62,-121.91,3.7454,5
34.06,-118.58,8.8666,0
36.62,-119.73,3.5781,4
34.1,-118.06,4.8594,3
38.53,-121.99,3.4186,5
33.92,-118.25,2.0,1
34.09,-118.08,3.7066,1
34.21,-118.52,4.5648,3
34.19,-118.88,3.3703,1
34.23,-118.59,3.4091,1
33.68,-117.99,4.7245,3
34.0,-118.46,2.918,1
33.8,-117.96,5.244,3
33.84,-118.12,4.4423,3
34.11,-117.41,2.5181,1
37.77,-122.25,2.975,5
38.63,-121.36,4.875,2
38.66,-121.34,1.9805,5
38.32,-122.28,3.4543,5
37.23,-121.81,5.3157,2
34.1,-118.33,1.625,1
33.9,-118.35,4.875,3
38.26,-122.61,4.6833,2
34.16,-118.39,3.2388,1
34.16,-118.13,3.6719,1
34.62,-118.32,4.8409,3
34.86,-118.15,2.6149,1
37.76,-121.25,3.4009,5
37.7,-122.1,4.3819,2
40.29,-120.54,3.4028,5
33.2,-115.6,2.4511,1
33.98,-118.41,3.9727,1
38.78,-121.24,3.5288,5
39.14,-121.58,0.8928,5
33.14,-117.38,3.209,1
33.79,-118.21,2.1964,1
37.12,-119.34,3.875,4
37.24,-122.27,5.1002,2
37.71,-122.44,5.0201,2
33.98,-118.42,3.6667,1
33.94,-117.96,2.6641,1
36.79,-119.89,3.7821,4
37.49,-121.92,5.1643,2
33.82,-118.12,3.2794,1
37.93,-121.29,2.7829,5
34.69,-118.2,4.875,3
33.85,-117.6,5.3006,3
33.72,-118.07,5.1824,3
35.99,-119.31,1.3676,4
39.09,-120.06,2.1987,5
37.76,-122.43,3.8261,5
35.03,-117.82,3.3693,1
33.73,-118.31,5.4533,3
32.94,-117.13,4.9375,3
33.26,-115.8,5.3374,3
33.84,-118.25,3.8125,1
34.2,-118.13,6.4288,3
33.95,-117.4,1.1601,1
37.31,-121.98,5.8127,2
34.4,-118.46,4.542,3
33.91,-118.35,4.8409,3
38.59,-121.37,3.5179,5
36.59,-121.91,4.6964,2
37.26,-121.97,4.6827,2
33.94,-118.35,2.8462,1
36.09,-119.04,3.0278,4
37.21,-120.24,3.3929,4
34.13,-118.24,3.3636,1
36.19,-119.12,2.9145,4
34.1,-117.75,3.2756,1
33.53,-116.17,2.1287,1
34.17,-118.34,3.2125,1
36.24,-121.02,2.6801,4
33.77,-117.91,3.0902,1
33.68,-117.98,7.3982,3
34.17,-118.13,3.2898,1
37.78,-122.5,3.7167,5
37.27,-122.06,10.5793,0
36.77,-119.92,3.6204,4
38.48,-121.46,3.5227,5
36.1,-119.57,1.5727,4
37.97,-122.03,3.25,5
37.39,-122.09,2.7279,5
34.11,-117.88,3.2383,1
34.11,-118.07,3.1576,1
37.79,-121.22,2.5025,5
34.19,-118.86,6.7805,3
33.68,-117.99,3.5848,1
38.67,-121.29,3.6516,5
34.69,-118.17,4.1667,3
37.76,-122.46,3.4531,5
32.8,-117.04,5.7416,3
32.78,-117.09,2.9881,1
37.92,-122.56,8.9248,2
34.42,-119.68,2.707,4
37.89,-122.25,7.5385,2
38.31,-122.24,6.1089,2
38.3,-122.28,2.0134,5
37.97,-122.57,3.5055,5
36.83,-119.77,5.0635,2
33.91,-118.34,2.4741,1
37.79,-122.25,2.181,5
34.2,-118.63,6.7785,3
33.79,-118.29,3.3427,1
34.13,-118.26,2.5,1
37.14,-121.64,4.175,2
33.91,-118.33,3.3491,1
33.68,-117.95,5.5312,3
37.95,-122.37,1.6023,5
34.01,-118.47,4.4211,3
39.49,-121.52,2.6563,5
36.5,-121.43,2.3879,4
38.57,-122.44,3.6429,5
34.63,-117.84,4.002,1
36.13,-119.08,3.1528,4
37.75,-122.41,2.3903,5
37.54,-121.99,5.388,2
34.27,-118.47,2.7353,1
33.94,-118.32,4.6389,3
35.12,-120.61,2.5792,4
33.9,-118.07,4.6406,3
36.76,-121.75,2.7694,5
33.96,-118.23,1.695,1
34.1,-117.86,5.0832,3
36.76,-119.82,1.8971,4
33.85,-118.08,6.0,3
34.5,-117.31,2.1111,1
37.38,-122.08,6.827999999999999,2
33.82,-118.07,5.7965,3
33.67,-117.9,6.6833,3
33.8,-117.32,4.0982,3
37.98,-122.46,12.0933,0
37.69,-122.47,4.6447,2
40.57,-124.14,2.1354,5
37.37,-121.84,4.1615,2
38.31,-122.31,3.8796,5
34.03,-118.17,2.761,1
34.08,-118.34,10.586,0
34.06,-118.07,2.5985,1
33.92,-117.58,6.155,3
33.93,-118.27,1.2098,1
40.57,-124.11,2.4896,5
39.37,-120.1,4.5208,2
37.3,-122.02,6.359,2
33.68,-117.82,6.1395,3
37.29,-121.83,4.2589,2
39.01,-121.56,2.7303,5
37.97,-122.04,3.1968,5
38.54,-121.49,2.5639,5
37.7,-122.12,2.5833,5
34.65,-120.48,4.4628,4
37.97,-121.29,1.2962,5
32.73,-117.11,2.3269,1
34.17,-117.97,4.9968,3
37.38,-122.06,4.2188,2
36.78,-119.79,2.319,4
37.28,-121.85,2.3971,5
33.97,-118.22,3.0313,1
38.0,-121.82,4.4583,2
33.91,-118.16,3.1507,1
32.63,-117.09,1.8417,1
34.19,-118.41,4.1429,3
38.27,-122.06,5.0672,2
33.79,-118.2,2.7183,1
34.17,-119.16,4.1279,3
33.99,-118.35,4.9531,3
34.09,-118.28,2.4429,1
34.23,-118.45,2.3584,1
34.54,-117.3,3.2596,1
34.03,-118.2,2.3716,1
32.82,-117.16,4.6875,3
33.79,-117.92,4.5739,3
33.96,-118.15,2.5385,1
33.82,-118.37,6.0176,3
37.78,-122.48,3.5588,5
33.63,-117.9,7.1148,3
37.98,-122.01,4.317,2
37.83,-122.28,2.6997,5
34.05,-118.5,15.0001,0
38.49,-121.45,3.5323,5
39.3,-120.89,3.5417,5
33.73,-118.28,2.1935,1
34.03,-118.44,3.2396,1
34.11,-117.79,4.4722,3
39.13,-121.65,2.6842,5
34.02,-118.45,6.3521,3
34.17,-118.75,6.8075,3
36.82,-119.67,4.5577,4
33.75,-116.97,1.3039,1
37.67,-122.46,4.1303,2
33.94,-117.49,4.0256,1
34.08,-118.26,2.4375,1
32.9,-117.12,4.6667,3
38.64,-121.37,4.6111,2
37.36,-122.09,7.5274,2
32.69,-117.17,4.5189,3
33.88,-117.76,6.6536,3
33.92,-118.1,4.0774,3
37.35,-122.01,4.5,2
37.28,-121.97,5.0385,2
33.86,-118.33,6.3992,3
37.8,-122.41,2.8229,5
37.73,-122.14,3.8125,5
37.75,-121.52,4.3229,2
37.88,-122.04,4.6424,2
34.58,-118.1,2.6658,1
38.09,-120.56,2.3654,5
33.16,-117.34,4.5694,3
37.33,-121.83,4.6333,2
40.8,-124.14,2.5,5
34.06,-118.39,3.8158,1
38.42,-121.37,3.3281,5
34.11,-117.89,3.6875,1
38.67,-121.19,4.817,2
33.77,-118.01,5.422000000000001,3
38.48,-121.44,2.7262,5
33.79,-118.25,1.9208,1
37.89,-122.3,2.8036,5
37.95,-121.96,3.0859,5
38.66,-121.26,6.1183,2
38.5,-121.55,5.7621,2
39.33,-121.54,2.5313,5
33.21,-117.35,2.675,1
34.02,-117.49,4.4545,3
39.37,-121.03,2.6341,5
34.24,-118.46,3.8583,1
35.27,-120.66,1.6875,4
34.14,-117.98,3.0417,1
33.76,-117.92,2.8438,1
38.59,-121.39,2.2264,5
33.87,-118.34,5.3743,3
33.92,-118.37,5.5255,3
34.13,-118.13,7.9976,3
33.07,-117.14,4.3513,3
34.41,-117.32,4.2891,3
37.84,-122.29,2.2106,5
33.71,-117.86,3.152,1
32.79,-117.11,3.5179,1
37.72,-121.92,5.1437,2
32.71,-117.16,1.3092,1
38.63,-121.3,3.0972,5
38.43,-122.71,2.2262,5
37.77,-122.46,3.9375,5
37.99,-121.3,2.6673,5
40.79,-124.18,1.745,5
37.94,-122.34,3.942,5
38.67,-121.28,4.3625,2
33.84,-117.91,1.5903,1
37.78,-122.19,3.7262,5
40.58,-122.38,1.6983,5
33.99,-118.37,5.1695,3
34.26,-118.44,5.5124,3
36.69,-119.47,3.2917,4
33.83,-117.83,8.3818,0
34.9,-120.43,3.5391,4
33.97,-118.06,3.9612,1
37.85,-121.3,2.2391,5
38.14,-122.54,7.5412,2
37.52,-121.96,5.2396,2
34.07,-118.29,1.7365,1
33.88,-118.3,4.0536,3
32.79,-117.07,3.9745,1
37.67,-122.09,3.1115,5
33.95,-118.13,3.9036,1
34.22,-118.58,4.875,3
34.0,-118.43,3.7614,1
33.6,-117.84,9.0519,0
35.5,-120.66,3.3125,4
32.7,-117.14,1.6023,1
37.41,-121.95,4.7625,2
33.78,-118.06,7.3463,3
33.65,-117.88,5.9055,3
34.26,-117.2,6.2233,3
33.93,-118.4,4.7319,3
32.74,-117.17,3.7039,1
34.13,-118.04,6.0878,3
33.79,-118.27,3.1613,1
38.01,-122.53,3.4432,5
38.55,-121.48,7.1035,2
33.72,-117.6,5.6346,3
34.23,-118.44,4.0368,3
37.32,-121.88,2.7546,5
33.9,-118.41,8.468,0
34.94,-120.44,1.6875,4
39.31,-123.15,2.8833,5
39.01,-120.16,4.975,2
37.74,-122.48,4.0208,5
37.7,-122.06,3.5187,5
34.21,-118.55,3.8247,1
33.94,-116.48,1.8,1
33.96,-118.43,5.1064,3
37.93,-121.97,6.6134,2
37.67,-122.49,5.2848,2
33.79,-118.21,2.1397,1
32.73,-117.03,3.4784,1
32.71,-117.08,1.4821,1
38.92,-120.01,1.7188,5
33.91,-118.16,2.9531,1
36.07,-119.06,1.7031,4
33.78,-118.02,5.5446,3
34.62,-120.09,5.5194,3
34.08,-118.05,2.7254,1
34.08,-118.37,5.7524,3
37.78,-122.2,2.5401,5
37.74,-122.15,3.3125,5
38.76,-120.59,1.7266,5
34.21,-118.59,2.5797,1
37.47,-122.27,6.7058,2
37.96,-121.98,3.1573,5
38.5,-121.51,5.0371,2
34.15,-117.31,3.9231,1
34.24,-118.26,6.1873,3
39.0,-122.13,2.2754,5
33.79,-118.21,2.3605,1
37.62,-122.42,4.8,2
36.93,-121.78,2.4053,5
37.71,-122.43,4.5,2
37.54,-122.03,5.0739,2
35.35,-119.0,2.2155,4
41.82,-120.48,2.0227,5
41.12,-120.96,2.5,5
38.58,-121.39,2.8462,5
40.06,-124.08,2.625,5
33.81,-117.83,2.8403,1
38.61,-121.43,2.1694,5
34.02,-117.62,5.0431,3
33.76,-117.86,2.8289,1
34.22,-118.84,7.5118,3
37.28,-121.91,6.4285,2
35.49,-120.69,4.1375,4
37.65,-121.05,4.5701,2
34.05,-118.45,2.1875,1
37.01,-121.58,4.3693,2
34.2,-118.18,8.72,0
34.41,-117.25,2.1875,1
36.4,-117.02,2.1,1
34.09,-118.31,2.1524,1
32.58,-117.08,3.9698,1
37.35,-121.84,2.2031,5
37.72,-121.01,2.5486,5
37.36,-122.01,7.1273,2
34.0,-118.1,2.7311,1
37.76,-122.18,2.2917,5
37.67,-121.09,3.3482,5
36.93,-119.87,4.3625,4
34.11,-118.15,7.4111,3
34.2,-118.47,2.7118,1
37.63,-122.41,2.639,5
33.87,-118.17,3.5646,1
33.67,-117.99,4.0385,1
36.73,-119.74,2.0536,4
34.16,-118.48,8.7172,0
33.44,-117.67,6.6852,3
37.7,-122.41,2.4113,5
33.95,-117.21,5.2174,3
32.98,-117.09,2.3182,1
33.89,-117.96,4.4375,3
37.35,-121.87,2.9222,5
33.87,-117.83,5.2131,3
37.95,-122.04,3.1406,5
34.06,-117.53,2.9386,1
34.26,-118.47,5.5792,3
38.65,-121.84,4.3487,2
32.66,-117.06,5.6889,3
34.09,-118.39,4.4167,3
33.96,-118.33,2.0057,1
34.08,-118.11,3.3421,1
34.02,-118.11,5.1515,3
37.34,-121.82,4.8424,2
37.76,-122.48,3.9758,5
34.15,-118.39,3.4612,1
37.78,-122.21,2.6583,5
37.12,-122.0,6.9772,2
34.9,-117.16,2.7305,1
35.05,-118.19,3.7452,1
38.54,-121.43,2.9769,5
37.83,-121.94,10.5815,0
32.94,-117.25,6.7694,3
33.97,-118.22,2.6384,1
37.46,-122.15,10.3942,0
33.79,-118.26,5.5,3
33.75,-117.87,2.6561,1
37.66,-122.42,4.7361,2
35.42,-120.94,3.7738,4
32.82,-117.24,7.2559,3
37.35,-121.95,3.3333,5
37.4,-122.2,10.0481,0
33.93,-118.24,1.0625,1
36.75,-119.83,1.3929,4
34.15,-118.39,3.1146,1
33.92,-118.24,2.4464,1
34.68,-118.12,4.6629,3
33.69,-117.35,3.102,1
38.69,-121.25,4.5562,2
34.1,-117.83,4.075,3
33.95,-118.3,1.5078,1
33.16,-117.2,2.3159,1
37.09,-122.09,3.9408,5
33.92,-117.88,5.457000000000001,3
34.2,-118.57,4.5568,3
36.83,-119.81,4.049,4
34.25,-118.78,7.7785,3
36.07,-119.04,2.2277,4
38.0,-121.29,1.9698,5
34.1,-118.1,3.75,1
40.8,-124.13,2.2478,5
32.75,-117.14,2.4167,1
32.74,-117.23,4.8167,3
37.74,-122.42,2.3087,5
38.08,-122.22,3.4360000000000004,5
38.68,-121.38,2.4844,5
34.15,-118.36,4.3,3
32.71,-117.1,2.085,1
33.91,-118.12,4.6389,3
38.65,-121.33,2.8106,5
32.77,-117.06,3.0755,1
37.26,-121.94,4.6758,2
34.09,-118.37,4.0651,3
39.47,-123.8,2.7857,5
37.75,-122.5,4.0985,5
33.35,-115.73,1.2132,1
34.07,-118.32,8.8062,0
34.0,-118.26,0.8941,1
32.71,-117.09,2.5559,1
38.7,-120.79,2.3319,5
34.16,-118.44,4.1218,3
33.91,-118.08,0.9946,1
33.84,-118.02,4.4821,3
36.85,-121.73,3.6607,5
37.74,-122.19,2.5139,5
33.09,-117.06,4.0484,1
34.17,-117.06,2.712,1
33.57,-117.7,3.6196,1
33.88,-118.07,4.2619,3
34.14,-118.06,7.0315,3
33.73,-117.16,2.6322,1
37.35,-121.95,3.2813,5
37.69,-120.86,3.0809,5
34.15,-118.43,2.8448,1
36.85,-119.81,4.2304,4
33.94,-118.24,2.0769,1
33.78,-116.45,3.0859,1
34.07,-118.27,2.3438,1
34.01,-118.41,2.8797,1
34.03,-117.29,4.1667,3
33.92,-118.17,3.1528,1
37.94,-121.7,2.8828,5
37.57,-122.01,5.8322,2
37.11,-121.95,7.736000000000001,2
34.01,-118.28,1.8824,1
36.8,-119.82,2.9471,4
34.06,-117.76,1.9583,1
33.97,-117.95,8.3474,0
37.73,-122.16,4.1164,2
33.95,-118.04,3.8214,1
37.74,-122.15,3.1458,5
37.34,-121.88,2.1442,5
33.6,-117.66,6.8667,3
33.86,-118.12,4.3194,3
37.68,-122.08,3.5295,5
34.06,-118.32,4.125,3
38.24,-122.1,5.3102,2
38.23,-122.65,3.1711,5
34.06,-118.41,5.5321,3
37.67,-120.98,2.7621,5
38.89,-121.94,2.5478,5
34.28,-118.44,2.5147,1
37.66,-120.98,4.5208,2
32.75,-117.16,2.9112,1
36.72,-119.59,4.5375,4
33.71,-117.96,5.5702,3
33.91,-118.11,4.0878,3
34.03,-118.13,2.8385,1
34.07,-117.31,2.1139,1
34.53,-117.96,3.8594,1
33.71,-117.79,7.1069,3
37.47,-121.11,3.5795,5
34.17,-118.37,2.2756,1
37.28,-121.82,5.0709,2
33.89,-117.52,5.1695,3
33.83,-118.31,2.9619,1
37.79,-122.47,4.75,2
33.74,-117.95,5.9838,3
36.93,-121.79,3.1815,5
34.0,-118.35,3.25,1
36.34,-119.27,2.4113,4
37.28,-120.49,1.9535,4
34.11,-118.28,3.6181,1
33.84,-118.16,5.0719,3
33.82,-118.38,5.1589,3
37.7,-122.13,2.6321,5
33.98,-118.36,5.057,3
32.78,-117.18,3.0481,1
34.26,-118.75,5.4787,3
33.68,-116.16,2.2679,1
33.64,-114.57,3.1917,1
33.83,-117.94,3.25,1
37.98,-122.55,3.293,5
33.07,-114.98,3.1607,1
34.03,-118.21,2.5268,1
34.09,-117.27,0.9838,1
37.49,-122.25,4.224,2
37.73,-121.44,5.3321,2
39.15,-121.58,1.4946,5
34.05,-118.17,3.375,1
34.05,-117.18,2.6129,1
40.85,-122.45,2.7736,5
35.13,-120.59,4.6776,4
33.86,-118.3,4.9792,3
34.07,-117.99,2.4911,1
34.13,-117.39,4.1632,3
34.07,-118.25,2.3942,1
33.64,-117.71,8.111,3
34.09,-118.44,15.0001,0
34.42,-119.7,2.675,4
34.19,-118.6,2.8312,1
38.16,-122.25,2.9375,5
33.91,-118.14,4.375,3
32.72,-117.06,3.1923,1
33.84,-117.89,3.5521,1
33.24,-115.51,1.6552,1
34.19,-118.62,5.5101,3
37.44,-121.88,6.7093,2
37.81,-122.18,5.4446,2
36.85,-121.4,2.6598,5
36.78,-119.85,2.7857,4
37.79,-122.46,5.2909,2
34.64,-120.46,0.8106,4
33.66,-117.9,6.6369,3
38.45,-122.7,1.125,5
33.85,-118.37,6.3974,3
33.95,-118.17,1.9107,1
33.11,-117.07,3.0915,1
33.94,-118.27,1.449,1
38.67,-121.37,2.555,5
38.3,-122.29,1.0096,5
37.64,-120.9,1.6767,5
34.04,-117.69,4.0096,1
37.35,-122.08,10.3591,0
33.84,-118.01,5.1775,3
40.43,-123.32,0.4999,5
38.5,-121.5,3.7414,5
36.23,-119.14,2.5875,4
34.11,-118.2,3.0,1
37.76,-120.79,5.5228,2
34.02,-118.26,2.131,1
34.14,-118.27,3.0074,1
34.21,-118.46,3.5,1
37.61,-122.42,4.1513,2
39.34,-120.25,3.1842,5
33.85,-118.37,6.1599,3
38.57,-121.49,1.7568,5
37.78,-122.46,3.0265,5
34.08,-118.36,3.1765,1
34.01,-118.11,2.2847,1
33.98,-118.4,5.611000000000001,3
37.34,-121.88,1.2887,5
37.8,-122.42,4.038,5
40.29,-121.23,2.1524,5
33.8,-118.25,3.35,1
33.15,-117.09,3.4764,1
33.61,-117.59,10.0765,0
38.48,-121.53,4.8811,2
33.69,-118.33,4.7216,3
34.1,-117.29,0.7235,1
37.39,-122.09,3.725,5
34.04,-118.12,5.9214,3
34.06,-118.26,1.8625,1
33.95,-118.34,2.1587,1
37.95,-121.32,1.2625,5
36.98,-121.57,4.9702,2
37.95,-121.69,3.8125,5
38.59,-121.38,3.0156,5
36.79,-119.69,3.7697,4
33.82,-118.33,6.5861,3
37.34,-120.47,3.6742,4
37.99,-122.11,5.1297,2
38.04,-121.29,3.1779,5
34.58,-117.78,3.8803,1
34.18,-118.33,4.6898,3
38.56,-121.37,2.0901,5
37.76,-122.17,2.1842,5
33.88,-118.4,8.0015,0
37.7,-121.06,3.462,5
38.1,-122.23,2.4201,5
34.24,-119.18,3.2847,1
34.17,-118.46,3.1478,1
33.9,-118.18,3.1012,1
37.72,-121.29,1.9792,5
36.76,-119.81,2.9306,4
32.78,-117.01,2.9896,1
37.8,-122.43,4.1047,5
32.7,-117.04,4.419,3
38.64,-121.27,4.3098,2
38.01,-121.3,3.994,5
34.25,-119.15,4.0878,3
36.84,-119.77,5.3886,2
32.95,-117.11,4.9485,3
35.4,-118.98,2.9821,4
39.74,-122.01,2.1746,5
37.79,-122.25,3.625,5
41.41,-122.37,1.27,5
33.97,-118.19,1.9485,1
34.15,-118.16,7.3715,3
33.92,-118.25,2.0893,1
34.12,-117.35,4.1581,3
34.07,-118.6,4.625,3
37.49,-120.86,1.6213,5
34.15,-118.5,13.4196,0
34.17,-118.07,5.5418,3
33.66,-117.9,3.6042,1
37.77,-120.85,2.4717,5
34.83,-114.61,3.212,1
33.99,-118.42,4.4228,3
34.07,-118.15,3.125,1
34.1,-118.13,2.5663,1
34.07,-118.45,1.5830000000000002,1
34.72,-120.04,6.6054,3
34.05,-118.33,3.375,1
37.75,-122.19,0.8012,5
34.01,-118.1,3.4297,1
38.01,-122.11,3.1711,5
36.31,-119.34,2.7,4
34.27,-118.71,3.1630000000000003,1
34.02,-117.49,3.6711,1
40.54,-124.23,3.0806,5
34.63,-117.92,1.4091,1
33.9,-118.31,3.5417,1
33.83,-117.23,4.0833,1
34.07,-117.18,2.9485,1
34.26,-118.31,4.1339,3
33.91,-117.86,6.4514,3
33.89,-118.35,3.6486,1
37.54,-121.98,3.1326,5
34.01,-118.32,2.6667,1
34.95,-120.45,2.2538,4
33.19,-117.23,3.6346,1
38.24,-122.03,5.4074,2
37.47,-121.92,6.0878,2
37.78,-122.22,2.3906,5
32.56,-117.05,2.0159,1
33.93,-118.2,3.5313,1
33.79,-118.16,2.875,1
37.8,-122.21,2.8929,5
34.12,-117.71,5.6785,3
33.81,-118.1,3.7031,1
36.77,-119.58,4.0227,4
37.34,-121.78,7.0671,2
37.84,-122.2,6.0666,2
39.51,-121.54,2.502,5
36.54,-119.38,1.5223,4
34.1,-118.32,1.7325,1
34.13,-117.86,4.636,3
37.78,-122.18,3.2984,5
34.04,-117.4,3.025,1
36.62,-121.92,2.5625,5
34.08,-117.31,1.9926,1
38.03,-121.28,3.0907,5
34.05,-118.44,4.7109,3
39.33,-120.17,4.119,5
33.53,-117.76,7.9794,3
33.69,-114.56,1.6509,1
38.49,-121.42,3.363,5
37.74,-120.95,3.0043,5
34.65,-120.44,1.975,4
33.87,-118.33,3.9167,1
39.51,-121.58,1.6389,5
38.33,-122.77,4.5875,2
33.63,-117.66,5.5085,3
36.44,-119.48,2.0857,4
37.71,-122.46,2.875,5
34.08,-118.15,3.3988,1
34.12,-117.79,4.8125,3
37.46,-122.21,10.8758,0
35.1,-120.61,2.4003,4
41.54,-122.38,2.7468,5
33.81,-117.94,3.6771,1
41.95,-124.14,2.275,5
33.9,-117.94,9.7956,0
37.79,-122.19,2.9514,5
37.59,-122.49,5.1282,2
37.72,-122.44,3.8274,5
34.11,-118.16,4.1661,3
37.32,-121.93,3.0,5
38.14,-121.26,3.5333,5
38.8,-121.28,3.816,5
38.94,-119.97,1.9667,5
35.65,-117.74,3.1755,1
33.89,-118.41,6.3861,3
37.99,-121.84,4.6029,2
38.51,-120.8,3.125,5
33.93,-118.31,4.9464,3
32.58,-117.08,3.2687,1
34.26,-118.3,3.1607,1
34.16,-118.04,5.9582,3
33.13,-117.21,2.2278,1
32.62,-117.04,4.6793,3
34.5,-117.27,5.3733,3
37.24,-121.88,8.3065,2
37.5,-122.26,3.6111,5
33.88,-118.09,3.8654,1
38.26,-121.3,3.215,5
37.54,-122.04,4.9464,2
34.04,-117.24,7.978,3
33.48,-117.22,6.9136,3
37.69,-122.12,4.1042,5
37.57,-122.32,2.9934,5
32.73,-117.06,3.7891,1
34.15,-117.97,6.4576,3
38.86,-120.02,3.017,5
34.17,-118.75,5.3749,3
33.87,-118.0,2.95,1
32.74,-117.03,3.0125,1
33.87,-117.86,5.6573,3
37.66,-120.91,2.6523,5
37.98,-120.23,3.1523,5
37.83,-122.26,3.0125,5
33.27,-117.12,4.9375,3
34.21,-118.58,4.7125,3
34.44,-118.13,4.8295,3
33.89,-118.01,4.2292,3
33.08,-117.26,5.3905,3
36.97,-121.96,3.0777,5
34.08,-118.34,10.3661,0
35.35,-119.07,2.4123,4
34.2,-118.58,4.2330000000000005,3
37.93,-122.48,3.6731,5
34.0,-118.25,2.2813,1
37.59,-122.48,5.3991,2
41.53,-122.56,2.2024,5
34.25,-116.85,4.0132,1
33.9,-118.32,3.6625,1
33.28,-117.28,3.8156,1
33.93,-118.21,2.7679,1
33.89,-117.84,5.7951,3
34.05,-118.01,3.8125,1
34.12,-118.19,2.4932,1
35.64,-118.47,1.3023,4
37.44,-122.12,5.485,2
38.63,-121.37,4.6127,2
33.87,-118.16,2.6406,1
33.96,-118.41,3.9792,1
37.34,-121.89,2.1714,5
37.77,-122.4,4.3958,2
38.55,-121.44,2.9821,5
34.19,-118.63,5.1529,3
34.1,-118.3,1.7641,1
33.99,-118.1,3.4306,1
41.43,-122.49,3.125,5
37.96,-122.07,5.0445,2
36.31,-119.73,2.8281,4
38.15,-121.32,3.9323,5
34.11,-117.9,2.1667,1
39.79,-121.97,3.5735,5
37.67,-121.89,6.0604,2
36.96,-121.98,3.6619,5
34.06,-118.02,2.2577,1
33.96,-117.39,4.0833,3
34.58,-118.13,3.7464,1
37.71,-122.41,3.495,5
33.84,-116.47,4.3111,3
37.55,-122.28,6.1228,2
39.32,-120.26,3.0043,5
38.64,-121.31,4.6302,2
35.4,-118.98,3.4205,4
35.38,-118.95,3.5938,4
34.04,-118.29,2.0817,1
38.25,-122.62,4.6534,2
34.13,-117.87,3.4219,1
36.96,-121.98,3.1167,5
33.8,-117.9,2.4833,1
37.92,-122.31,3.724,5
34.09,-118.17,2.2348,1
37.87,-122.27,2.7372,5
38.55,-121.5,5.6402,2
34.16,-117.51,4.1,3
36.95,-122.04,3.9667,5
38.97,-121.09,5.2536,2
37.93,-122.36,3.05,5
37.81,-122.18,6.3624,2
36.63,-119.68,3.0139,4
33.98,-117.76,6.7172,3
34.02,-118.13,2.3359,1
38.04,-121.34,3.6083,5
33.54,-117.16,3.7538,1
32.71,-117.02,3.7366,1
38.9,-119.98,3.5,5
37.28,-121.83,3.1042,5
37.8,-122.41,4.1607,2
32.77,-117.25,4.0313,1
34.07,-118.35,3.3594,1
37.47,-122.24,5.1071,2
33.81,-118.21,3.0882,1
34.0,-118.25,1.3030000000000002,1
37.75,-122.44,4.0,5
34.1,-118.17,8.058,0
34.16,-118.35,3.2015,1
33.22,-117.32,2.7417,1
37.67,-122.49,4.6771,2
37.4,-120.86,3.1111,5
37.76,-122.49,3.5278,5
37.81,-122.28,0.9241,5
36.81,-119.69,2.5446,4
34.11,-118.05,5.1509,3
33.92,-118.36,2.6375,1
33.87,-118.38,6.9021,3
34.06,-118.26,1.7238,1
37.37,-122.06,4.9087,2
34.12,-117.67,5.3525,3
32.81,-117.17,5.0603,3
34.2,-119.18,2.6964,1
35.41,-120.87,3.0187,4
37.27,-121.98,5.3561,2
37.68,-121.77,2.6667,5
38.63,-121.42,2.6055,5
37.8,-121.98,7.6473,2
34.18,-118.34,3.875,1
33.93,-118.37,2.8958,1
34.01,-118.41,4.7031,3
38.09,-122.25,2.2417,5
33.81,-117.97,2.8042,1
34.09,-117.89,3.4453,1
34.59,-118.61,4.0579,3
38.51,-121.35,4.2206,5
32.83,-117.31,4.1477,3
33.03,-117.08,5.8747,3
34.13,-118.06,3.292,1
34.23,-118.25,4.6852,3
35.36,-118.96,2.4848,4
38.03,-121.31,3.7413,5
34.16,-118.37,3.6128,1
32.68,-117.1,2.0398,1
38.03,-121.35,5.7201,2
37.6,-122.31,3.6811,5
33.97,-118.25,1.6776,1
36.94,-121.77,2.0192,5
37.83,-122.11,7.202999999999999,2
34.54,-117.22,2.9072,1
33.85,-118.3,2.3942,1
33.79,-117.81,4.2564,3
39.03,-121.12,3.6563,5
33.88,-118.1,6.5515,3
33.88,-117.83,6.0132,3
36.95,-121.75,4.7071,2
37.69,-122.45,3.0625,5
37.43,-120.84,3.7784,5
38.42,-120.65,2.6078,5
33.91,-117.93,5.2017,3
34.11,-118.16,3.7235,1
38.5,-121.42,3.025,5
38.65,-121.33,2.6266,5
34.11,-117.26,1.2171,1
34.88,-120.41,5.0639,3
38.34,-122.73,2.5819,5
38.68,-121.76,1.3942,5
37.55,-122.32,4.4583,2
37.86,-122.07,3.12,5
35.73,-117.73,3.625,1
34.65,-120.47,2.3333,4
36.59,-119.44,2.825,4
34.85,-120.4,4.8185,3
37.44,-122.19,8.9955,2
36.72,-119.8,1.0481,4
35.35,-119.09,8.5325,0
32.8,-117.17,3.4706,1
33.5,-116.69,1.9107,1
32.75,-117.14,2.7852,1
34.16,-117.28,2.3778,1
35.35,-119.0,1.4015,4
33.23,-117.23,2.9875,1
38.11,-122.26,1.9667,5
36.15,-119.74,2.4688,4
37.85,-122.24,7.2354,2
39.8,-121.6,2.4537,5
38.67,-121.27,2.5199,5
37.91,-122.31,3.6417,5
37.41,-122.14,6.4588,2
37.32,-121.87,2.6818,5
32.84,-117.19,3.875,1
32.8,-117.26,3.744,1
34.53,-117.31,2.6125,1
37.8,-122.21,3.4861,5
33.76,-118.08,1.6111,1
33.8,-118.36,10.1241,0
36.76,-119.71,2.3108,4
36.06,-119.0,4.0833,4
34.11,-117.23,2.0133,1
37.63,-121.01,1.9643,5
33.19,-117.31,4.3762,3
36.89,-121.89,5.367999999999999,2
37.67,-121.9,7.4353,2
34.0,-118.4,4.6687,3
35.44,-119.02,4.0125,4
34.41,-119.31,4.1319,3
36.81,-119.88,1.3221,4
34.15,-118.43,3.2241,1
38.24,-120.79,2.9821,5
33.97,-118.13,4.6992,3
33.74,-117.99,4.506,3
37.32,-122.01,4.6613,2
37.76,-122.4,4.119,2
37.68,-122.12,2.95,5
36.97,-122.0,3.1205,5
34.53,-118.7,5.4284,3
37.62,-122.03,4.2468,2
35.29,-120.65,1.4492,4
40.64,-122.08,4.0132,5
37.91,-120.32,4.375,2
37.95,-121.23,2.625,5
34.38,-119.74,5.345,3
34.07,-117.22,3.2368,1
34.01,-118.26,1.9074,1
34.19,-118.42,2.2589,1
36.32,-119.93,2.0285,4
38.28,-121.2,3.9808,5
38.58,-121.34,7.8031,2
34.21,-118.57,4.1181,3
37.42,-122.09,3.8003,5
33.09,-115.73,2.9,1
37.72,-121.22,2.6368,5
38.07,-122.84,3.8269,5
37.85,-122.48,6.4752,2
37.95,-122.33,3.0313,5
34.04,-118.24,1.0769,1
37.69,-122.08,3.3478,5
34.06,-117.76,1.9937,1
35.31,-120.7,4.6719,4
34.36,-119.71,4.1842,3
36.33,-119.65,1.3882,4
34.16,-118.24,3.3333,1
33.93,-118.32,4.9615,3
36.68,-119.73,1.7986,4
33.82,-118.0,3.2326,1
35.2,-118.82,2.1136,4
35.77,-119.23,2.4044,4
34.1,-118.13,3.1103,1
40.8,-124.17,1.585,5
37.96,-121.92,5.2798,2
36.54,-119.39,1.8068,4
33.83,-118.18,3.3125,1
36.52,-119.35,2.6445,4
33.87,-118.4,6.435,3
32.8,-115.73,2.2083,1
34.02,-118.02,5.2405,3
33.91,-118.21,2.7109,1
34.1,-118.3,1.9354,1
38.38,-122.82,4.5132,2
34.14,-118.18,7.7116,3
37.89,-122.25,6.7138,2
33.76,-117.84,4.2798,3
34.27,-119.25,4.7727,3
34.06,-118.43,4.1908,3
32.95,-117.12,6.3542,3
34.08,-118.4,15.0001,0
37.94,-119.57,3.4861,4
37.7,-118.45,2.35,4
35.4,-118.96,3.2325,4
34.16,-118.47,4.6,3
37.7,-121.02,3.3438,5
33.76,-118.0,2.9083,1
34.11,-118.43,12.7296,0
37.68,-121.77,3.5532,5
34.12,-118.24,2.6111,1
36.6,-119.46,3.9844,4
37.44,-122.13,6.3111,2
34.23,-118.52,8.3841,0
34.12,-118.11,11.5609,0
34.18,-118.45,3.7171,1
37.68,-121.91,6.1770000000000005,2
36.33,-121.23,3.0543,4
34.25,-118.57,5.6149,3
35.29,-120.66,1.9647,4
33.51,-117.64,5.9339,3
33.62,-114.62,0.536,1
34.18,-118.43,2.6238,1
34.02,-118.26,2.0703,1
33.69,-116.15,2.9286,1
37.66,-122.07,2.6719,5
38.61,-121.27,2.9452,5
38.12,-122.27,2.6937,5
34.06,-118.44,6.2389,3
36.78,-119.76,2.1383,4
37.98,-121.32,3.0660000000000003,5
38.24,-122.04,1.6875,5
37.3,-121.94,3.2727,5
34.05,-118.21,1.6319,1
34.12,-117.2,3.5,1
34.15,-117.35,2.2974,1
32.67,-117.03,5.3505,3
34.03,-118.32,1.9531,1
35.29,-120.66,1.7031,4
33.95,-118.35,2.8892,1
37.62,-122.03,4.7109,2
34.19,-118.5,4.0,3
32.73,-117.16,1.9597,1
35.51,-120.68,4.3218,4
38.62,-121.38,2.2,5
33.98,-118.1,3.5268,1
38.73,-120.76,1.5625,5
33.7,-117.8,5.2923,3
37.99,-122.57,4.9674,2
32.97,-117.03,4.5625,3
33.75,-116.95,2.0714,1
33.72,-117.92,5.5501,3
33.98,-118.18,3.0398,1
36.96,-121.77,3.525,5
36.62,-119.34,2.6058,4
33.94,-118.27,1.5872,1
39.75,-121.8,4.3309,5
32.79,-117.09,3.1964,1
37.34,-121.8,5.8068,2
33.53,-116.12,1.654,1
34.06,-118.04,3.1875,1
34.09,-117.33,2.9292,1
39.94,-122.0,1.7125,5
34.24,-119.09,5.3806,3
33.87,-117.76,6.4265,3
38.61,-121.38,3.6053,5
39.27,-121.56,3.7125,5
33.82,-118.22,1.9311,1
38.3,-122.29,1.6691,5
37.88,-122.2,7.7736,2
38.25,-122.04,3.0938,5
33.92,-117.9,5.9177,3
36.54,-119.84,2.4375,4
33.92,-118.27,2.745,1
33.66,-117.83,5.3423,3
37.69,-121.78,4.3533,2
32.81,-116.92,3.3669,1
33.84,-118.21,3.4583,1
40.09,-122.08,2.3657,5
37.34,-121.78,7.375,2
33.89,-118.2,2.5321,1
33.85,-117.91,3.025,1
38.69,-121.37,3.0833,5
32.78,-117.06,4.8,3
33.84,-117.95,3.5455,1
32.75,-117.19,0.536,1
37.65,-118.98,4.5375,4
36.33,-119.24,3.1599,4
34.05,-118.4,10.4519,0
34.0,-118.08,2.9107,1
37.3,-120.49,1.3125,4
34.04,-117.91,4.6324,3
38.66,-121.13,6.2503,2
34.03,-117.15,6.1461,3
37.57,-122.39,6.4865,2
34.04,-118.48,4.3158,3
37.84,-121.23,4.0208,5
38.85,-121.39,4.0862,5
37.66,-121.84,5.6417,2
33.79,-117.97,3.6849,1
33.87,-118.18,3.4408,1
34.09,-117.93,4.4625,3
34.04,-117.74,3.0429,1
33.97,-118.25,1.9119,1
34.41,-119.72,3.2895,4
40.01,-122.13,2.125,5
32.6,-117.06,2.4191,1
37.36,-122.05,4.1369,2
37.75,-122.49,3.7361,5
33.98,-116.9,3.6339,1
35.12,-120.6,3.4509,4
33.74,-117.87,2.6734,1
34.41,-118.92,3.0893,1
39.45,-123.64,3.0433,5
36.43,-119.69,1.7813,4
34.38,-119.86,2.1471,4
37.78,-122.19,4.3125,2
33.87,-118.19,2.875,1
34.23,-118.53,3.2404,1
37.95,-121.28,1.2904,5
38.65,-121.27,2.9016,5
39.12,-120.2,4.1316,5
37.81,-122.29,0.7286,5
39.77,-123.23,1.2281,5
37.0,-121.96,3.3447,5
34.08,-118.07,2.806,1
37.69,-122.1,3.7222,5
38.47,-121.44,4.1597,5
34.08,-118.39,15.0001,0
34.06,-118.32,5.7393,3
34.07,-118.11,2.3393,1
32.74,-117.17,2.9422,1
33.66,-117.91,3.225,1
34.06,-118.4,8.2961,0
37.5,-122.49,4.5625,2
37.91,-122.69,4.3194,2
34.0,-118.46,4.7344,3
37.99,-122.01,3.7841,5
37.71,-122.46,3.1958,5
37.74,-122.44,4.8382,2
33.67,-118.01,5.041,3
38.39,-122.82,4.7422,2
36.55,-121.92,3.7852,5
37.83,-121.99,8.0839,2
34.15,-118.07,3.4087,1
34.1,-117.32,1.8681,1
33.74,-118.35,10.0973,0
34.2,-118.56,5.0483,3
34.01,-118.49,1.9722,1
34.09,-117.86,5.5496,3
33.75,-117.88,4.5125,3
37.53,-120.84,3.1523,5
34.16,-118.63,6.0192,3
33.99,-118.27,1.9531,1
37.23,-121.79,6.0198,2
34.17,-118.3,3.1551,1
32.72,-117.23,2.1635,1
37.32,-121.97,3.699,5
32.76,-117.17,2.7266,1
33.67,-117.99,4.2165,3
36.85,-121.41,2.8839,5
38.0,-121.73,5.0016,2
32.74,-117.24,4.05,1
37.76,-122.19,2.4659,5
37.99,-122.32,4.2852,2
36.72,-119.73,2.0294,4
34.05,-118.3,1.9323,1
34.09,-118.29,1.9766,1
34.17,-118.38,2.7708,1
37.68,-121.76,4.2361,2
33.98,-118.16,2.9375,1
33.63,-117.64,8.798,0
37.23,-121.96,7.8407,2
36.63,-121.86,2.5313,5
36.84,-121.4,2.9554,5
33.28,-115.95,1.8958,1
38.67,-121.21,4.1071,5
38.63,-121.28,10.2264,0
36.73,-119.81,1.372,4
37.29,-121.89,2.7042,5
33.98,-118.25,1.6667,1
33.04,-115.62,2.0463,1
37.97,-121.25,2.0375,5
34.38,-118.53,3.227,1
37.78,-122.22,2.0801,5
33.79,-118.1,5.7368,3
34.16,-118.34,3.6111,1
37.4,-122.09,3.2875,5
37.24,-121.92,5.3911,2
34.2,-118.2,6.987,3
34.01,-117.05,2.1927,1
37.73,-121.12,2.3924,5
37.7,-122.18,3.3906,5
37.56,-122.31,4.9013,2
34.13,-117.62,5.1261,3
34.04,-118.35,2.3687,1
40.17,-122.25,1.9727,5
36.97,-122.05,4.2542,2
34.4,-119.71,4.0451,4
34.03,-117.05,1.3993,1
33.66,-116.21,3.8846,1
33.96,-118.03,3.117,1
37.36,-121.88,3.7396,5
34.0,-117.88,3.9375,1
38.45,-122.66,4.4375,2
37.55,-122.3,3.9833,5
37.34,-121.89,1.6708,5
33.74,-116.41,2.4659,1
33.14,-117.2,3.8147,1
33.6,-117.71,3.5521,1
37.12,-120.27,2.9861,4
34.13,-118.34,6.6739,3
34.26,-119.19,5.1752,3
33.79,-117.97,4.1818,3
34.63,-118.18,4.1573,3
39.31,-123.81,3.3654,5
33.81,-117.96,4.4663,3
37.93,-121.7,2.2216,5
34.24,-118.26,5.7083,3
33.92,-118.09,3.5455,1
33.74,-117.8,5.2998,3
37.32,-120.43,5.2522,2
40.41,-120.66,2.2992,5
35.31,-120.84,2.8493,4
34.71,-120.46,4.9292,3
32.96,-117.26,10.1768,0
34.06,-118.03,2.1453,1
37.74,-122.49,3.8333,5
34.06,-118.26,2.345,1
34.11,-117.66,5.0681,3
33.66,-117.91,4.0341,1
37.35,-121.98,3.5491,5
38.75,-120.7,2.9,5
33.99,-118.31,2.2339,1
34.02,-118.25,2.1957,1
32.73,-117.14,4.0,1
34.07,-117.92,9.7066,0
34.65,-120.45,2.0,4
39.31,-122.17,2.5625,5
36.34,-119.87,2.9167,4
40.41,-120.64,1.5066,5
37.77,-122.18,2.2768,5
38.44,-122.71,1.7,5
37.25,-121.94,5.2894,2
38.51,-121.42,1.9423,5
37.66,-120.9,2.9783,5
36.05,-119.12,2.1477,4
33.65,-116.9,2.1071,1
38.34,-120.71,4.4531,2
32.91,-117.13,4.0,1
33.71,-117.93,4.1366,3
37.13,-120.26,2.0278,4
33.86,-117.91,2.4732,1
34.04,-118.36,2.3214,1
34.69,-118.15,3.25,1
38.93,-119.97,3.1806,5
37.64,-122.45,6.2498,2
34.14,-117.23,2.5625,1
36.32,-119.27,4.7723,4
34.2,-118.32,6.9909,3
36.96,-121.97,2.5610000000000004,5
37.79,-122.24,2.2542,5
38.62,-121.33,2.2574,5
34.14,-117.66,7.0844,3
38.49,-121.49,2.6613,5
34.06,-118.2,2.1136,1
36.14,-121.2,3.9647,4
34.19,-118.56,4.433,3
38.19,-122.29,4.7472,2
34.62,-119.06,2.2222,1
38.11,-122.24,4.775,2
32.9,-117.09,6.2715,3
37.76,-122.49,4.3281,2
38.96,-122.62,2.0577,5
33.11,-117.08,2.5331,1
34.09,-117.63,2.8977,1
37.93,-122.34,1.4423,5
34.21,-118.54,2.875,1
34.16,-118.37,2.7231,1
37.74,-120.93,2.3023,5
32.77,-117.07,3.5446,1
37.25,-118.45,3.0817,4
36.96,-120.07,2.2898,4
38.0,-122.32,4.0437,5
32.82,-115.37,1.9375,1
37.91,-122.27,6.3669,2
33.67,-117.77,4.5094,3
37.45,-122.17,4.4531,2
38.68,-121.37,2.5542,5
34.17,-118.13,3.6094,1
34.26,-118.42,2.1062,1
37.8,-121.2,4.0972,5
34.11,-118.15,3.7895,1
37.29,-121.98,3.2287,5
33.95,-118.02,4.2917,3
37.7,-122.48,3.049,5
40.45,-122.31,2.0469,5
37.26,-121.89,5.8479,2
33.78,-118.08,6.9324,3
39.78,-121.63,2.6823,5
37.93,-122.32,3.9464,5
34.1,-118.08,3.0819,1
37.49,-121.93,3.5714,5
34.53,-117.98,4.0945,3
37.68,-122.11,2.5772,5
33.73,-117.83,3.5387,1
38.1,-122.21,3.8029,5
33.94,-118.32,4.0536,3
33.09,-116.66,1.5909,1
33.74,-117.89,4.6875,3
37.45,-122.12,2.0096,5
34.45,-119.78,4.2109,3
37.76,-122.19,1.2083,5
37.59,-120.95,1.8929,5
37.44,-122.2,15.0001,0
37.36,-121.95,3.5625,5
34.18,-118.32,3.0179,1
34.08,-117.99,3.5625,1
34.01,-118.42,3.099,1
35.13,-117.95,4.25,3
37.94,-121.28,1.9375,5
37.8,-122.41,2.75,5
37.55,-122.0,4.1591,2
34.2,-118.58,5.1463,3
37.39,-122.25,10.6514,0
33.91,-117.94,5.6441,3
37.74,-122.17,3.0298,5
38.28,-122.0,4.962,2
37.18,-121.84,8.3837,2
35.33,-119.01,1.5429,4
33.72,-117.88,3.89,1
37.74,-122.42,3.4583,5
33.86,-118.01,3.4306,1
34.1,-116.43,2.4828,1
33.75,-117.79,9.3845,0
34.05,-118.3,1.2786,1
33.94,-117.34,7.4141,3
37.73,-120.91,2.4063,5
34.01,-118.12,1.9867,1
32.77,-117.11,3.6705,1
34.0,-117.37,3.025,1
32.91,-117.14,3.7837,1
33.77,-118.17,3.0153,1
34.06,-118.15,3.505,1
33.88,-118.37,5.9619,3
37.33,-121.9,4.226,2
34.04,-118.15,2.1944,1
38.34,-122.4,3.5781,5
38.09,-121.3,2.0694,5
37.97,-121.99,6.2135,2
37.69,-122.49,4.5,2
32.67,-117.11,1.7961,1
38.0,-122.27,5.8418,2
33.84,-117.84,5.0629,3
37.77,-122.48,3.8899,5
34.11,-117.58,4.7547,3
37.88,-122.17,7.6917,2
37.78,-122.19,3.22,5
38.94,-119.98,4.0417,5
32.9,-117.12,2.8588,1
34.45,-116.51,1.3811,1
33.98,-118.31,1.825,1
33.99,-118.41,1.1985,1
37.69,-121.02,3.5208,5
37.48,-122.21,2.8482,5
34.4,-119.91,6.0992,3
39.47,-122.1,2.4917,5
33.84,-117.86,3.0087,1
38.43,-122.73,2.1864,5
32.83,-117.1,4.3783,3
37.79,-122.23,2.9357,5
34.01,-117.45,2.76,1
33.96,-118.45,5.723,3
34.29,-119.3,2.3669,1
37.35,-122.02,5.8779,2
34.22,-118.23,5.9771,3
39.16,-121.56,2.9647,5
34.19,-118.52,3.8516,1
37.87,-122.29,3.875,5
37.69,-120.98,5.5684,2
32.74,-117.15,2.2578,1
33.9,-118.03,5.3184,3
36.57,-119.6,2.5556,4
35.64,-117.67,6.1935,3
33.82,-117.89,4.8906,3
33.95,-118.11,6.7501,3
34.12,-117.88,5.1708,3
39.26,-123.18,3.788,5
36.96,-122.03,3.5938,5
34.03,-117.67,4.7056,3
37.69,-122.13,2.875,5
33.93,-118.29,2.2778,1
33.93,-118.33,3.2862,1
33.61,-117.67,5.7871,3
34.0,-118.25,1.6382,1
38.42,-122.89,5.1512,2
33.99,-118.47,2.5938,1
34.01,-117.14,7.2972,3
37.45,-122.16,7.5418,2
37.25,-121.93,6.0358,2
38.01,-121.79,3.1728,5
38.62,-121.43,2.0639,5
39.92,-122.17,1.9038,5
33.62,-117.72,2.7634,1
33.82,-117.78,9.1808,0
34.27,-119.22,3.2158,1
37.45,-121.89,4.75,2
39.15,-121.62,3.0962,5
33.96,-117.4,3.575,1
34.18,-119.17,2.9118,1
37.75,-122.43,4.0568,5
37.78,-122.43,2.6392,5
33.83,-117.11,3.8036,1
33.52,-114.57,2.0833,1
34.09,-117.85,6.4667,3
34.0,-118.47,2.2880000000000003,1
34.42,-119.88,3.6304,4
33.76,-117.91,3.8506,1
33.88,-117.59,2.4387,1
34.13,-118.2,3.5349,1
38.02,-121.36,4.1719,5
33.22,-117.23,2.0246,1
37.55,-122.29,4.39,2
34.13,-118.22,3.3542,1
38.11,-122.57,3.4705,5
37.58,-121.98,3.6832,5
34.1,-117.46,2.5833,1
37.75,-121.43,3.1333,5
38.65,-120.93,4.5568,2
33.86,-117.81,3.5625,1
34.08,-118.32,2.4196,1
32.75,-117.09,1.6034,1
34.19,-118.56,4.8125,3
37.19,-121.59,15.0001,0
38.68,-121.37,3.5429,5
34.07,-117.69,3.8586,1
33.43,-114.73,0.8964,1
34.12,-118.19,2.7012,1
41.66,-122.26,2.1607,5
36.61,-119.46,3.625,4
33.18,-117.28,6.2096,3
37.74,-121.95,6.3325,2
33.98,-118.06,3.3562,1
35.03,-117.68,3.4338,1
34.14,-117.68,6.9532,3
37.8,-122.4,4.775,2
36.35,-119.37,5.3767,3
32.8,-117.05,6.4797,3
34.21,-118.44,3.2448,1
38.58,-122.72,5.0555,2
37.63,-122.46,5.0479,2
32.97,-117.04,4.5746,3
34.12,-118.15,3.8529,1
32.74,-117.12,3.79,1
39.18,-121.16,3.1042,5
38.89,-122.83,3.4514,5
33.97,-118.25,1.7708,1
37.98,-121.72,5.0468,2
38.4,-121.22,4.6989,2
34.11,-117.39,4.8889,3
34.21,-118.2,6.7571,3
33.99,-118.33,2.8542,1
38.52,-121.43,1.3927,5
32.73,-117.04,3.2717,1
33.7,-117.95,5.343,3
36.56,-121.92,2.7039,5
34.13,-118.37,8.5677,0
33.93,-118.28,0.4999,1
35.99,-120.12,2.25,4
33.98,-118.18,2.1836,1
32.97,-115.52,1.975,1
32.86,-117.23,3.045,1
34.07,-118.31,2.3105,1
37.43,-121.91,4.8304,2
38.03,-121.88,4.1111,5
37.74,-121.44,3.1319,5
33.95,-118.29,1.6029,1
34.02,-118.16,2.5313,1
34.43,-119.69,2.875,4
33.67,-117.38,2.2423,1
34.05,-118.22,1.2,1
33.85,-118.01,4.6326,3
33.77,-116.47,4.4107,3
38.17,-122.25,4.2955,2
33.99,-117.97,5.7268,3
33.96,-118.01,5.3054,3
39.39,-120.74,1.3523,5
37.52,-121.97,5.0824,2
34.07,-117.66,2.9474,1
37.72,-122.24,7.611000000000001,2
34.27,-118.38,2.8214,1
38.25,-122.03,3.1389,5
32.68,-117.18,3.25,1
33.97,-118.1,2.9821,1
34.08,-118.12,3.2344,1
34.44,-117.35,3.1821,1
32.76,-117.15,2.6518,1
32.68,-117.04,4.375,3
36.83,-119.83,6.9903,2
37.59,-120.59,5.6945,2
34.42,-119.71,2.925,4
35.43,-119.09,4.8571,3
37.4,-121.86,6.5226,2
33.99,-118.3,1.9853,1
39.17,-122.9,2.575,5
34.07,-118.13,3.085,1
38.48,-122.66,4.2051,5
34.17,-118.25,5.1242,3
37.72,-122.14,2.983,5
33.84,-117.88,3.5893,1
33.22,-117.23,1.808,1
34.04,-118.37,2.25,1
33.94,-118.01,4.2708,3
37.36,-122.07,7.5,2
34.27,-118.49,4.58,3
33.73,-117.9,4.1,3
37.33,-121.98,5.9567,2
34.07,-118.17,3.4952,1
33.73,-118.31,4.2059,3
35.91,-120.51,5.3245,2
37.8,-122.29,2.6094,5
33.65,-117.9,4.4135,3
34.2,-117.35,4.4367,3
37.59,-122.37,3.4412,5
34.18,-118.43,2.6364,1
37.79,-122.45,3.7188,5
33.76,-118.12,7.0796,3
37.51,-121.96,4.4107,2
33.61,-117.7,3.6484,1
37.8,-122.25,2.1429,5
37.26,-121.84,5.0509,2
37.67,-122.42,5.1205,2
34.16,-118.15,1.6887,1
32.72,-117.16,1.2668,1
37.92,-121.28,2.4412,5
32.72,-117.13,1.901,1
34.05,-118.28,1.4615,1
33.6,-117.75,4.9,3
34.08,-117.64,2.4464,1
35.38,-118.96,3.6734,4
38.54,-121.45,1.7891,5
38.69,-121.78,2.6774,5
34.1,-118.18,4.975,3
32.62,-117.05,4.2851,3
34.18,-118.14,3.9688,1
37.99,-122.54,7.3521,2
38.36,-122.0,3.3438,5
33.9,-118.29,1.7714,1
36.61,-121.84,2.5663,5
32.79,-115.56,1.1707,1
33.73,-118.3,3.5694,1
33.92,-117.46,3.5208,1
36.71,-119.55,1.9076,4
37.8,-122.41,5.4378,2
34.1,-118.23,2.712,1
33.74,-116.41,3.3639,1
38.62,-121.36,3.0580000000000003,5
37.76,-122.5,3.3393,5
37.67,-121.01,3.0721,5
32.76,-117.19,5.7914,3
37.75,-122.13,4.975,2
36.74,-119.77,3.3125,4
37.7,-122.12,2.679,5
36.87,-122.05,3.8269,5
36.81,-121.69,4.5272,2
34.21,-118.23,3.4148,1
37.72,-122.46,3.3208,5
33.07,-117.2,5.9289,3
39.71,-121.89,3.7007,5
34.13,-118.16,7.723,3
34.27,-118.68,5.477,3
37.75,-122.41,3.7813,5
37.8,-121.23,2.2254,5
37.78,-122.23,1.4844,5
36.99,-121.54,3.2614,5
37.61,-120.96,1.9444,5
34.0,-118.26,1.9208,1
39.03,-121.06,3.8417,5
39.13,-121.54,1.3375,5
38.31,-120.55,1.625,5
37.76,-122.42,2.5403,5
33.88,-118.17,3.0893,1
39.25,-121.71,4.0,5
37.12,-121.63,2.4821,5
37.3,-121.9,5.0360000000000005,2
34.1,-118.36,2.9760000000000004,1
32.79,-117.03,4.2992,3
34.08,-117.42,3.4844,1
33.63,-116.92,2.8125,1
34.08,-118.32,4.1429,3
33.61,-117.92,10.3048,0
34.46,-119.26,4.0074,3
37.69,-122.49,4.9375,2
34.06,-117.24,3.2604,1
33.92,-118.21,2.5833,1
38.65,-121.27,5.2949,2
34.02,-118.26,1.3134,1
37.6,-122.09,2.9706,5
37.71,-122.47,3.5,5
34.04,-118.04,3.0,1
37.57,-120.98,2.6406,5
38.55,-121.4,5.0,2
33.48,-117.7,6.3088,3
34.09,-118.38,3.5659,1
34.05,-118.15,3.5089,1
33.76,-117.85,2.8828,1
37.48,-122.17,5.9629,2
33.72,-117.77,7.8139,3
37.64,-121.92,5.1406,2
33.96,-118.21,2.1389,1
34.13,-117.88,4.0023,1
37.82,-122.27,1.2475,5
34.11,-118.02,3.8029,1
34.25,-118.48,5.1619,3
38.82,-121.14,5.07,2
37.86,-122.25,3.0417,5
38.26,-121.51,1.6458,5
37.73,-122.41,4.0642,5
36.96,-121.99,4.7321,2
34.17,-119.19,4.2583,3
37.29,-121.9,7.8575,2
39.17,-120.1,1.7083,5
35.34,-119.08,5.4449,3
38.23,-122.61,2.9871,5
35.37,-118.97,1.7197,4
35.2,-118.83,2.1357,4
40.93,-124.11,2.7639,5
33.77,-118.18,1.5,1
33.79,-118.05,3.2465,1
38.73,-121.28,5.419,2
33.76,-118.0,3.0625,1
35.38,-118.95,3.725,4
34.27,-118.41,2.9219,1
38.92,-120.0,3.5,5
36.2,-119.08,2.4554,4
37.77,-122.44,5.1788,2
38.67,-121.28,5.4797,2
38.74,-121.28,4.05,5
37.69,-122.16,3.7813,5
38.04,-120.3,3.2875,5
33.0,-117.24,7.5975,3
32.6,-117.07,1.9267,1
39.42,-123.85,1.7574,5
34.3,-118.71,6.3199,3
37.53,-121.96,4.9615,2
38.96,-122.64,1.7273,5
33.83,-118.11,4.2703,3
33.71,-117.86,3.375,1
35.39,-118.98,1.1875,4
32.75,-117.24,2.79,1
34.88,-120.41,3.5288,4
33.95,-118.36,4.1635,3
32.76,-117.18,4.7396,3
38.05,-121.27,3.4107,5
32.77,-117.05,1.8899,1
33.94,-117.53,4.2263,3
37.71,-122.16,4.5553,2
38.57,-121.45,5.1169,2
37.56,-122.35,14.4219,0
38.48,-122.72,6.0298,2
34.09,-118.08,3.7222,1
33.01,-117.06,3.5192,1
34.1,-118.23,2.1687,1
38.34,-122.44,1.9487,5
34.18,-118.96,6.1306,3
33.79,-117.87,4.192,3
33.57,-117.71,4.045,1
34.09,-117.71,4.1739,3
34.43,-119.69,2.5104,4
40.86,-124.08,1.1157,5
38.14,-122.24,3.724,5
33.94,-117.56,7.0215,3
33.98,-118.36,4.4038,3
33.63,-117.86,5.3099,3
37.5,-119.8,3.1771,4
36.75,-119.77,1.7083,4
36.22,-119.34,3.0905,4
37.38,-121.82,6.8462,2
34.17,-118.41,3.875,1
34.11,-118.3,6.9391,3
33.99,-118.29,1.5846,1
34.02,-118.35,1.4589,1
34.07,-118.2,2.2708,1
33.85,-118.0,4.0455,3
37.68,-122.09,2.8322,5
34.19,-118.49,3.1667,1
34.12,-118.15,3.8427,1
33.83,-117.96,6.3214,3
33.6,-117.91,5.1048,3
32.81,-117.09,5.5673,3
36.61,-121.92,3.1543,5
38.02,-120.31,3.8203,5
38.07,-122.41,6.0433,2
34.1,-118.07,3.4375,1
34.21,-118.56,3.7313,1
37.95,-122.52,7.8904,2
32.86,-116.91,2.5365,1
33.67,-117.82,2.5197,1
34.19,-118.36,4.1445,3
33.97,-118.22,4.0609,3
34.01,-117.98,5.7057,3
38.63,-121.5,3.1944,5
34.22,-118.45,2.0699,1
37.79,-122.25,2.1,5
34.07,-117.47,1.5972,1
37.62,-122.04,4.2857,2
36.35,-119.28,3.1111,4
37.76,-122.43,4.75,2
34.09,-117.94,2.1062,1
37.8,-122.42,2.0987,5
34.07,-118.26,2.625,1
33.82,-118.0,4.5294,3
34.0,-118.24,1.7132,1
33.95,-118.38,2.5833,1
33.62,-117.93,5.6315,3
37.42,-122.13,3.5364,5
37.79,-122.21,2.4167,5
33.52,-116.96,4.125,3
36.3,-119.29,5.3495,3
33.83,-117.98,3.2823,1
37.43,-122.19,6.6136,2
34.12,-118.31,8.0073,0
33.78,-118.23,2.5588,1
37.3,-121.89,5.3955,2
33.87,-118.4,5.2276,3
33.97,-118.3,2.1221,1
32.8,-117.12,3.8125,1
36.83,-119.78,2.3667,4
34.44,-119.72,6.3997,3
34.23,-118.61,6.1419,3
37.61,-120.76,3.2604,5
33.94,-118.29,1.6716,1
33.76,-118.27,3.125,1
33.67,-117.81,4.6019,3
34.05,-118.19,2.7708,1
38.36,-121.98,2.1067,5
33.78,-117.23,1.9767,1
32.84,-117.28,2.9306,1
37.83,-121.2,4.4423,2
32.82,-116.95,2.9161,1
38.26,-122.73,4.385,2
36.8,-119.74,2.4678,4
38.89,-121.3,3.4706,5
34.27,-118.68,4.0568,3
38.34,-121.99,4.0433,5
32.7,-117.14,1.9338,1
37.32,-121.89,2.8864,5
33.87,-118.33,6.4891,3
33.94,-118.01,4.9191,3
34.05,-118.36,3.0833,1
34.02,-118.49,3.1635,1
38.63,-121.24,7.2582,2
37.38,-122.21,11.3176,0
36.49,-118.96,1.742,4
33.79,-117.95,5.6935,3
32.75,-116.97,4.7973,3
36.41,-118.86,3.0391,4
37.57,-122.3,4.7917,2
38.85,-121.67,1.7417,5
33.74,-118.1,4.6528,3
33.97,-118.39,6.5778,3
38.93,-121.08,2.4278,5
32.81,-115.37,1.7604,1
37.97,-122.27,6.0666,2
34.1,-117.3,2.5625,1
33.98,-118.05,2.0147,1
38.46,-122.65,4.0647,5
37.99,-121.31,1.3729,5
34.06,-117.91,5.112,3
37.35,-121.89,2.925,5
37.81,-122.27,0.977,5
40.56,-122.35,1.9,5
40.62,-122.4,3.1439,5
33.2,-117.37,2.0272,1
37.83,-122.19,6.8538,2
33.98,-118.03,2.7578,1
33.83,-117.9,3.8456,1
37.78,-122.45,4.0,5
39.36,-121.7,1.91,5
34.12,-117.91,4.1944,3
37.77,-122.44,2.0161,5
33.92,-117.25,4.1482,3
37.37,-122.03,4.6957,2
32.75,-117.08,1.2347,1
34.12,-117.27,1.462,1
34.02,-117.91,3.2799,1
34.18,-118.54,3.9632,1
32.75,-117.23,2.4779,1
37.68,-121.02,3.5489,5
34.23,-118.48,4.5484,3
36.82,-119.72,1.9483,4
39.15,-120.06,1.1912,5
36.74,-120.04,1.6168,4
37.8,-122.26,1.6929,5
33.76,-116.57,3.1364,1
37.71,-122.45,4.3846,2
32.79,-117.19,3.8571,1
33.19,-115.46,1.0,1
35.37,-120.84,2.5552,4
33.01,-116.99,7.7517,3
33.33,-116.05,1.7292,1
36.73,-119.76,1.8723,4
37.52,-122.26,3.0833,5
33.95,-118.3,3.1346,1
34.04,-117.33,2.5187,1
37.9,-122.2,10.3416,0
33.77,-118.13,4.6852,3
33.83,-117.97,4.0185,1
38.46,-122.66,2.6023,5
35.77,-119.24,1.7813,4
33.98,-118.21,3.2788,1
39.14,-122.7,3.3929,5
33.86,-118.14,5.0106,3
34.47,-119.81,7.4734,3
33.94,-118.3,2.5679,1
34.11,-117.35,3.0833,1
33.98,-118.17,3.0938,1
34.08,-117.41,3.5655,1
33.61,-117.89,6.0247,3
33.91,-118.15,4.0313,3
38.15,-121.29,4.8787,2
33.96,-118.12,6.0723,3
32.8,-117.25,2.5813,1
33.72,-118.3,3.3397,1
37.28,-121.94,5.0822,2
33.67,-117.81,6.3767,3
37.49,-122.23,2.3333,5
34.0,-118.48,3.6121,1
34.05,-118.44,4.4674,3
37.41,-121.86,5.5073,2
36.98,-121.83,4.3321,2
38.67,-121.37,2.2723,5
33.78,-117.81,5.7934,3
33.99,-118.45,4.5673,3
35.13,-120.63,1.7878,4
33.84,-118.11,4.625,3
33.64,-117.88,8.5574,0
37.6,-122.41,6.3719,2
37.7,-122.12,2.9922,5
33.91,-117.57,5.3735,3
37.55,-122.26,5.9572,2
33.92,-117.97,3.0,1
37.68,-121.77,4.6806,2
37.57,-122.05,6.1047,2
36.73,-119.81,2.2206,4
33.71,-117.77,8.1111,3
33.94,-117.44,3.9118,1
32.68,-117.1,1.7802,1
32.63,-117.06,4.2204,3
33.64,-117.72,2.2969,1
33.88,-118.22,2.125,1
34.06,-118.46,4.2554,3
34.11,-118.28,5.4122,3
38.02,-122.02,4.8693,2
37.89,-122.16,8.7589,2
38.49,-121.54,5.1442,2
37.75,-121.94,6.6204,2
33.78,-118.17,1.918,1
33.41,-117.59,5.1298,3
32.81,-117.21,5.5413,3
33.99,-118.34,1.675,1
36.25,-119.4,2.3,4
34.25,-118.25,4.9355,3
33.96,-118.29,1.3096,1
39.75,-121.63,1.8616,5
33.74,-117.83,3.0382,1
33.88,-117.82,7.0526,3
33.46,-117.67,5.3999,3
34.15,-118.6,6.14,3
33.66,-117.59,6.0722,3
36.61,-119.54,1.4937,4
34.12,-118.17,2.9154,1
33.87,-117.5,5.0493,3
37.57,-121.97,4.6146,2
35.34,-119.05,2.6637,4
36.62,-119.5,2.2206,4
38.36,-122.7,4.221,5
33.92,-118.09,4.6976,3
40.78,-122.93,2.3667,5
37.7,-122.47,4.5341,2
33.99,-118.26,1.8242,1
33.73,-117.85,2.4539,1
34.05,-118.46,3.7721,1
33.98,-118.35,3.1194,1
38.61,-121.33,2.7079,5
36.76,-119.78,1.75,4
38.34,-121.96,3.89,5
33.76,-117.97,4.0508,3
33.86,-117.99,3.0252,1
33.89,-118.11,3.2069,1
38.83,-120.87,2.8562,5
37.81,-122.28,1.5208,5
34.07,-117.64,2.837,1
37.4,-122.1,3.4868,5
34.08,-118.27,3.2386,1
33.91,-118.32,5.7528,3
37.91,-122.31,2.7628,5
37.93,-121.66,4.7426,2
33.05,-117.24,5.3129,3
35.32,-119.04,1.2,4
37.47,-121.14,2.8833,5
37.8,-122.44,3.9856,5
33.2,-117.23,3.5109,1
38.34,-121.92,6.1112,2
37.4,-122.1,4.3077,2
40.57,-123.96,2.3167,5
38.11,-122.65,5.5524,2
34.41,-119.71,2.6538,4
34.11,-118.23,5.5051,3
38.66,-121.19,6.1185,2
38.61,-121.43,1.3696,5
33.88,-116.53,4.6855,3
34.18,-118.46,4.5081,3
34.29,-118.71,5.2067,3
38.26,-122.03,2.9576,5
37.96,-121.3,1.7788,5
33.02,-117.28,4.2356,3
37.96,-121.3,3.6591,5
34.23,-118.6,3.2564,1
34.13,-117.69,7.9627,3
41.11,-123.63,1.4911,5
37.41,-121.85,6.6842,2
37.92,-122.07,4.4312,2
34.14,-118.22,5.5291,3
33.65,-117.92,3.184,1
34.18,-118.28,5.3185,3
33.75,-118.28,1.8393,1
33.95,-118.37,2.8438,1
39.13,-121.61,1.4727,5
38.56,-121.32,4.5766,2
34.04,-118.17,1.625,1
32.71,-117.11,1.7,1
38.89,-121.08,2.6701,5
33.19,-117.22,2.7019,1
36.74,-119.81,1.5625,4
33.94,-118.14,2.9205,1
37.58,-122.34,3.8413,5
33.62,-117.71,5.8898,3
37.78,-122.22,1.4886,5
39.22,-121.64,3.8611,5
32.95,-117.05,3.9531,1
34.02,-118.31,1.3187,1
37.66,-120.97,3.5395,5
36.8,-121.64,4.5812,2
38.57,-121.46,2.0549,5
37.72,-122.44,3.4605,5
34.18,-118.41,4.375,3
37.35,-121.96,5.2019,2
34.1,-117.41,3.1287,1
34.12,-118.01,4.5491,3
33.89,-118.16,2.1859,1
33.73,-117.02,1.9476,1
37.97,-121.2,6.0582,2
38.11,-121.23,3.6312,5
37.55,-121.99,2.9074,5
34.04,-117.96,3.1591,1
33.97,-118.04,2.6082,1
34.05,-117.74,2.1354,1
33.64,-117.93,2.7143,1
37.98,-122.03,1.3894,5
37.8,-121.2,3.7546,5
37.72,-122.44,4.3125,2
37.82,-122.25,3.0233,5
33.81,-118.13,4.325,3
38.41,-122.84,4.125,5
37.95,-121.27,1.7212,5
34.05,-118.26,4.0972,3
37.38,-122.05,3.5649,5
33.72,-117.98,6.0494,3
33.81,-117.99,4.1667,3
37.01,-121.57,2.0625,5
33.93,-118.42,4.9286,3
38.0,-121.34,4.0444,5
33.65,-117.86,5.4284,3
37.58,-122.51,2.2375,5
34.18,-118.41,4.7171,3
37.7,-120.64,1.8958,5
34.0,-118.3,2.0,1
32.93,-115.88,4.0208,1
34.66,-117.5,2.0184,1
38.11,-122.25,2.6133,5
41.73,-124.22,1.7038,5
32.64,-116.2,1.4648,1
38.61,-121.53,3.6788,5
37.69,-121.82,4.9375,2
37.89,-122.29,3.1375,5
33.79,-118.09,6.6312,3
34.13,-117.99,2.9605,1
33.64,-117.69,5.7559,3
39.86,-122.23,1.8375,5
33.79,-118.2,3.0135,1
33.99,-118.28,1.275,1
32.68,-117.06,2.85,1
36.48,-119.45,3.1719,4
34.03,-118.35,2.2273,1
34.04,-118.35,2.4635,1
33.79,-117.88,5.1418,3
34.1,-118.23,2.2788,1
40.02,-122.06,2.3043,5
38.86,-120.04,3.7891,5
34.02,-118.3,1.2446,1
33.92,-118.41,4.5729,3
34.08,-117.73,3.8438,1
33.83,-118.24,4.8438,3
39.53,-121.56,1.5771,5
41.7,-122.92,2.3571,5
36.7,-121.65,3.0827,5
33.9,-118.01,4.6094,3
37.69,-120.97,3.4667,5
34.1,-118.3,1.7083,1
36.84,-119.77,3.2569,4
37.8,-122.24,2.2697,5
33.82,-118.36,5.7765,3
34.26,-118.31,5.76,3
37.89,-122.02,7.5,2
36.8,-119.76,2.2094,4
39.15,-123.1,3.8333,5
38.02,-122.14,2.0523,5
34.08,-118.36,1.9937,1
37.68,-122.15,4.2841,2
38.59,-121.32,2.5035,5
34.23,-118.37,3.6,1
37.84,-122.3,4.0018,5
37.8,-122.25,1.6121,5
34.14,-117.2,3.1513,1
41.72,-122.65,1.8533,5
38.91,-120.1,1.875,5
33.99,-118.23,2.1912,1
33.6,-117.88,8.8742,0
39.86,-121.59,2.8657,5
33.85,-117.58,5.2861,3
40.88,-123.98,2.6923,5
38.16,-122.26,4.0337,5
34.06,-118.43,7.2675,3
37.29,-121.95,3.4505,5
33.85,-117.89,3.875,1
33.84,-117.98,4.6042,3
37.8,-122.23,3.1603,5
34.04,-117.46,4.2429,3
35.38,-119.01,1.4427,4
38.54,-121.73,1.0633,5
34.97,-120.54,1.8185,4
34.23,-118.66,6.1288,3
34.21,-118.85,3.4773,1
38.33,-122.71,3.6953,5
38.56,-121.49,3.6729,5
34.03,-118.2,1.925,1
32.74,-117.24,5.5289,3
40.42,-122.25,2.8611,5
39.25,-121.18,4.3646,5
33.89,-117.03,3.125,1
37.31,-121.99,5.7833,2
32.81,-116.91,5.4834,3
37.48,-120.96,2.9844,5
33.96,-118.27,1.0208,1
38.95,-121.11,1.8238,5
38.48,-123.01,1.3712,5
34.33,-118.43,5.901,3
37.74,-121.43,1.725,5
36.86,-121.42,2.6818,5
32.76,-115.56,4.4821,3
38.61,-121.4,4.1488,5
38.25,-121.3,2.5727,5
33.76,-116.99,2.1722,1
33.86,-117.96,4.2937,3
34.13,-118.26,2.6673,1
33.74,-118.28,1.5394,1
33.77,-118.03,5.635,3
34.89,-114.65,1.6991,1
41.15,-122.68,3.631,5
38.0,-122.09,5.2015,2
38.47,-122.66,4.75,2
32.61,-117.06,2.0571,1
34.2,-118.44,2.7375,1
38.48,-122.87,3.5085,5
34.04,-118.33,2.5927,1
34.1,-118.31,1.625,1
34.01,-118.29,2.3942,1
34.27,-119.28,3.0089,1
37.39,-122.01,5.6447,2
35.28,-120.69,2.2847,4
33.94,-118.22,2.6538,1
36.04,-120.14,2.9708,4
37.34,-121.92,3.6389,5
35.19,-120.81,3.7635,4
37.0,-121.86,5.502999999999999,2
37.27,-121.86,5.6139,2
32.71,-117.14,1.8456,1
33.13,-117.05,2.3762,1
32.69,-117.12,2.0673,1
33.96,-116.51,1.4665,1
33.74,-118.04,5.3559,3
37.8,-122.42,4.3472,2
32.78,-116.97,4.7943,3
32.69,-117.04,3.5437,1
36.64,-119.89,2.975,4
36.97,-121.59,5.7396,2
35.27,-120.65,2.6208,4
38.75,-121.18,4.7941,2
34.41,-117.31,1.5288,1
37.54,-122.27,7.3644,2
37.32,-120.5,2.75,4
34.14,-118.1,3.5804,1
36.31,-119.78,3.1667,4
32.8,-116.92,3.5586,1
33.78,-118.16,2.127,1
34.65,-118.14,4.6591,3
33.79,-117.84,2.378,1
37.26,-121.83,5.5875,2
34.05,-118.25,0.8131,1
33.89,-118.1,3.5865,1
38.7,-121.47,3.625,5
34.02,-117.9,5.0704,3
34.29,-118.7,6.1834,3
32.93,-117.14,4.2109,3
34.23,-119.03,5.2773,3
39.76,-121.62,1.7788,5
33.55,-117.8,4.1304,3
33.55,-117.69,6.0743,3
37.21,-121.95,10.0187,0
40.07,-123.41,0.8362,5
35.37,-118.94,2.875,4
38.68,-121.25,4.9688,2
37.95,-122.36,2.7714,5
33.69,-117.8,6.8219,3
39.01,-120.06,4.0714,5
32.68,-117.06,2.0959,1
36.96,-120.05,1.4267,4
38.54,-121.47,1.4138,5
32.71,-117.06,3.8687,1
33.21,-117.27,4.4531,3
39.83,-121.58,2.2419,5
37.48,-122.2,1.9844,5
37.44,-122.14,6.6756,2
34.01,-118.31,1.8214,1
33.71,-118.14,5.1815,3
37.99,-120.38,2.3571,5
34.21,-118.37,3.7455,1
33.91,-118.08,2.8608,1
37.31,-121.89,3.3682,5
37.71,-122.19,5.5461,2
36.51,-119.56,1.6635,4
37.35,-121.89,3.2083,5
39.13,-121.56,1.5085,5
36.76,-119.85,1.8214,4
37.28,-121.92,7.9819,2
37.37,-118.45,4.337,4
33.93,-116.9,2.2321,1
39.34,-121.67,2.6607,5
33.84,-118.23,5.3307,3
34.07,-118.22,2.0133,1
33.85,-117.93,1.9621,1
33.17,-117.06,4.4477,3
34.18,-118.23,6.207000000000001,3
37.37,-122.1,8.3924,2
33.61,-117.74,3.7422,1
34.01,-118.29,1.0539,1
33.65,-117.59,4.5022,3
34.17,-118.57,3.1875,1
33.17,-117.1,5.4819,3
34.23,-118.55,2.8727,1
34.23,-118.83,8.7288,0
33.64,-116.11,2.0871,1
33.78,-118.16,3.1739,1
34.24,-118.4,4.775,3
38.58,-121.47,2.6976,5
38.64,-121.44,1.125,5
33.89,-117.91,7.875,3
34.27,-118.42,3.3214,1
33.65,-117.83,3.7875,1
33.79,-118.14,3.4833,1
38.36,-122.69,2.4827,5
34.04,-118.39,5.5951,3
34.75,-120.18,3.7958,4
35.37,-118.98,1.1638,4
32.74,-117.1,2.3641,1
37.99,-121.81,5.1435,2
34.22,-118.46,2.6299,1
37.34,-121.83,4.087,2
38.27,-122.04,3.1853,5
34.24,-118.94,8.9063,0
34.35,-119.08,3.2757,1
33.88,-118.34,3.2589,1
34.01,-118.46,5.6428,3
33.63,-117.73,5.5137,3
33.17,-117.3,4.1807,3
33.9,-118.12,4.125,3
38.68,-121.35,3.5403,5
32.82,-117.18,4.5625,3
36.57,-121.92,4.174,2
38.73,-121.2,7.7499,2
34.14,-116.76,0.536,1
36.77,-121.75,3.2937,5
32.73,-117.25,4.5938,3
34.09,-118.07,4.0987,3
33.76,-118.31,6.5704,3
37.86,-122.25,1.7652,5
33.87,-117.99,3.0147,1
36.97,-122.04,5.2128,2
39.77,-121.61,2.963,5
33.75,-118.3,4.2308,3
33.98,-118.28,1.9564,1
37.95,-122.33,3.7708,5
33.72,-117.99,4.2875,3
37.4,-121.87,6.9584,2
37.51,-120.84,3.8958,5
34.14,-117.95,3.0380000000000003,1
38.54,-121.72,3.1908,5
39.0,-121.44,2.4167,5
34.22,-118.46,2.8710000000000004,1
32.74,-117.21,2.2982,1
33.95,-117.55,5.9333,3
33.83,-117.95,5.0599,3
38.0,-122.27,6.1576,2
36.8,-119.75,2.3333,4
32.58,-117.12,3.0217,1
32.79,-117.09,4.0982,1
34.14,-117.9,3.3043,1
37.5,-121.04,3.1875,5
38.51,-122.47,3.4904,5
33.79,-117.81,3.75,1
39.01,-122.75,3.4187,5
32.66,-117.11,1.625,1
36.16,-121.39,3.0526,4
38.33,-122.31,3.6042,5
37.79,-122.22,2.7969,5
39.74,-121.83,2.575,5
33.87,-118.34,3.6988,1
33.98,-118.07,3.2093,1
34.14,-117.61,5.5198,3
33.86,-118.4,5.1677,3
34.12,-117.22,2.3725,1
33.36,-117.1,3.2614,1
37.85,-122.28,2.4038,5
38.0,-120.39,3.212,5
33.67,-117.81,7.7589,3
33.84,-118.22,4.0219,3
34.13,-117.45,3.6417,1
34.23,-118.24,5.3473,3
36.72,-121.68,3.2652,5
36.45,-119.23,2.1205,4
34.3,-119.23,6.9483,3
38.58,-121.37,7.3343,2
34.43,-118.66,3.775,1
33.67,-117.91,4.4625,3
33.97,-117.4,3.8618,1
37.72,-122.17,3.5313,5
38.41,-122.78,2.5917,5
33.83,-118.34,5.8972,3
37.37,-122.04,5.2319,2
34.17,-118.1,4.7241,3
34.12,-118.42,12.3767,0
40.06,-121.54,2.4028,5
36.82,-119.85,5.5842,2
34.21,-118.69,12.542,0
38.61,-121.34,2.6023,5
33.72,-118.02,4.4453,3
33.77,-117.93,4.5833,3
34.04,-117.12,4.8173,3
32.79,-116.96,2.6324,1
38.55,-121.45,1.4889,5
39.26,-121.45,3.125,5
34.87,-120.42,4.8359,3
32.61,-117.09,3.6467,1
37.68,-122.1,3.4032,5
34.54,-117.3,1.06,1
34.08,-117.95,3.125,1
34.17,-118.53,3.855,1
33.78,-118.19,0.9318,1
33.12,-117.2,5.1194,3
37.76,-122.5,3.1406,5
34.13,-118.25,2.125,1
33.92,-117.45,2.2548,1
34.17,-118.46,4.1875,3
32.79,-115.57,3.6042,1
40.23,-121.06,3.4844,5
33.61,-117.66,8.4112,0
37.25,-122.03,7.8711,2
33.94,-117.44,3.9128,1
36.96,-121.75,4.7569,2
34.13,-118.27,2.1071,1
33.87,-117.32,4.8125,3
33.03,-117.04,6.3761,3
37.95,-122.07,4.5893,2
38.7,-121.45,3.9853,5
36.01,-120.12,2.2167,4
38.54,-122.62,4.5167,2
36.77,-119.81,3.15,4
33.89,-118.41,9.0812,0
37.48,-122.24,3.5322,5
37.29,-122.02,8.7939,2
33.97,-118.07,2.4607,1
37.31,-121.79,5.1149,2
33.86,-117.94,4.75,3
34.19,-118.44,2.891,1
39.75,-121.0,2.5893,5
36.75,-119.76,1.6548,4
38.03,-122.26,4.4474,2
33.87,-117.81,6.0591,3
34.14,-118.27,2.7685,1
33.94,-118.22,2.5938,1
32.83,-117.22,3.4318,1
37.31,-121.89,3.7455,5
33.71,-118.09,8.7397,0
33.88,-118.35,4.0737,3
32.67,-117.11,1.4844,1
37.58,-122.33,3.38,5
38.0,-121.31,4.3958,2
32.81,-117.19,5.1491,3
37.89,-122.51,3.4485,5
39.32,-120.19,2.3594,5
33.71,-117.87,3.5326,1
36.74,-119.8,0.799,4
37.73,-122.38,1.4133,5
33.01,-117.23,11.1118,0
34.07,-117.46,2.9973,1
36.8,-119.84,2.0469,4
34.28,-118.71,4.6528,3
33.85,-118.29,1.9049,1
34.68,-118.17,6.6772,3
34.04,-118.41,8.0239,0
34.12,-117.87,4.2454,3
33.83,-118.08,2.7759,1
37.92,-122.08,4.4561,2
38.02,-122.1,3.6523,5
33.01,-117.06,4.4219,3
37.26,-121.81,5.9359,2
34.06,-117.7,2.3049,1
40.47,-122.33,2.125,5
34.19,-118.31,3.0625,1
33.91,-118.03,3.2143,1
37.96,-121.31,3.6094,5
38.61,-121.48,2.3438,5
34.2,-118.32,4.9886,3
36.62,-121.92,2.6713,5
38.6,-121.38,6.8469,2
37.76,-122.23,5.2915,2
33.38,-117.24,3.668,1
37.79,-122.19,2.9297,5
33.75,-117.31,2.1484,1
34.01,-117.97,3.7083,1
33.97,-117.51,3.6691,1
38.34,-122.69,4.0071,5
38.77,-120.84,4.825,2
34.13,-117.97,3.4777,1
35.86,-119.46,1.505,4
38.24,-122.64,3.7917,5
33.88,-118.0,4.7083,3
37.73,-122.42,4.0132,5
39.15,-121.74,2.8,5
36.81,-119.82,5.0698,2
37.51,-120.84,2.0643,5
33.0,-117.31,6.8443,3
37.94,-121.3,2.375,5
33.87,-118.29,4.381,3
34.04,-118.21,2.8,1
34.14,-118.24,2.1444,1
34.16,-118.24,9.5823,0
34.05,-118.36,3.3824,1
33.9,-118.11,5.0753,3
34.07,-118.4,2.9107,1
38.67,-121.75,3.125,5
33.05,-117.27,2.9083,1
36.58,-119.61,2.6974,4
32.76,-117.09,3.5481,1
33.99,-117.52,5.2759,3
35.26,-118.9,1.9066,4
34.05,-117.16,6.0701,3
37.73,-122.43,4.6786,2
32.76,-117.15,2.75,1
33.97,-118.08,3.5481,1
34.12,-117.56,3.7973,1
37.75,-122.47,6.1592,2
38.53,-121.45,2.4741,5
37.38,-122.11,5.0804,2
34.01,-118.3,1.9152,1
37.79,-122.41,3.5066,5
33.74,-116.94,4.6406,3
34.04,-117.73,3.15,1
36.95,-120.05,2.2527,4
33.81,-118.3,5.322,3
33.79,-118.3,3.1630000000000003,1
38.42,-120.42,2.7344,5
34.02,-117.66,6.7544,3
34.04,-117.66,4.2054,3
32.58,-117.06,3.5125,1
33.78,-118.18,1.5603,1
37.4,-122.07,3.7359,5
37.98,-121.29,2.5043,5
34.18,-118.1,7.7108,3
33.38,-117.25,2.0956,1
33.71,-117.21,2.1848,1
37.81,-122.24,2.7477,5
37.81,-121.95,9.0776,2
33.38,-117.25,3.0,1
33.91,-118.29,2.4741,1
34.05,-118.17,2.5962,1
37.31,-121.98,5.606,2
33.64,-117.7,8.1926,0
32.79,-116.95,2.0326,1
34.0,-117.66,5.4110000000000005,3
37.81,-121.96,8.3188,2
35.4,-119.05,3.8611,4
37.88,-122.3,1.6971,5
33.28,-116.32,3.3625,1
34.18,-119.21,3.9718,3
32.8,-114.55,1.275,1
34.18,-118.36,2.9583,1
34.23,-118.23,6.0,3
34.06,-118.37,4.0217,3
37.26,-121.94,4.9236,2
35.35,-119.01,2.1875,4
40.78,-124.18,2.1607,5
33.61,-117.67,6.1401,3
37.32,-121.79,5.5336,2
38.64,-121.36,5.5632,2
34.1,-118.04,4.1488,3
33.96,-118.17,2.3,1
37.79,-122.43,2.6782,5
33.9,-118.13,4.7663,3
33.49,-114.68,1.6395,1
38.34,-122.63,5.1966,2
33.08,-117.27,6.0922,3
33.94,-118.26,2.0,1
33.88,-118.35,4.4,3
34.11,-118.4,15.0001,0
36.75,-119.78,1.4635,4
33.88,-117.92,3.75,1
33.94,-117.45,2.1023,1
37.79,-122.23,1.8854,5
37.35,-121.99,4.3971,2
37.35,-122.05,7.3753,2
38.0,-122.11,5.76,2
37.43,-122.11,7.313,2
33.87,-118.36,3.9868,1
37.78,-122.43,1.3844,5
33.77,-118.08,2.2708,1
32.76,-117.0,4.3977,3
38.17,-122.51,3.6392,5
33.91,-118.38,5.8374,3
33.74,-117.97,4.2566,3
38.55,-121.75,3.7452,5
33.97,-118.21,2.1005,1
33.83,-118.18,4.2411,3
38.66,-121.28,3.7869,5
38.34,-122.28,3.6389,5
36.48,-121.7,3.5039,5
37.84,-122.27,2.6,5
40.45,-120.36,1.7333,5
39.7,-121.81,1.5863,5
38.68,-121.35,4.3118,2
33.71,-117.91,3.6505,1
33.78,-118.01,6.0,3
40.6,-123.11,1.1602,5
33.47,-117.69,3.668,1
33.71,-116.68,3.5882,1
37.48,-122.19,4.2708,2
37.74,-122.41,5.5563,2
33.93,-117.43,4.5122,3
33.98,-117.96,5.7407,3
37.29,-121.92,7.6659,2
37.79,-122.18,3.9712,5
33.74,-116.22,3.3107,1
34.19,-118.5,5.0796,3
34.18,-118.3,3.0973,1
34.22,-119.04,4.6458,3
39.66,-121.66,2.9625,5
34.06,-117.64,1.9659,1
36.65,-120.31,2.25,4
37.77,-122.5,3.5833,5
33.94,-118.16,3.6936,1
32.83,-117.26,10.7721,0
38.28,-121.31,1.9485,5
34.21,-118.57,5.8798,3
32.8,-116.98,3.963,1
36.64,-119.39,2.3618,4
33.83,-118.11,5.5767,3
33.93,-118.02,3.6028,1
37.77,-120.96,3.8534,5
41.68,-123.91,2.9688,5
37.79,-122.43,7.2623,2
37.75,-122.14,6.8323,2
34.65,-118.29,3.3173,1
37.31,-122.07,7.2986,2
34.2,-118.43,2.773,1
33.19,-117.38,2.4583,1
34.26,-118.5,4.8316,3
34.2,-118.45,2.5562,1
34.17,-118.14,2.3062,1
38.46,-122.75,3.0147,5
38.7,-121.25,4.2464,5
37.31,-122.04,5.154,2
34.17,-117.3,1.875,1
33.98,-118.22,2.7045,1
37.41,-122.13,5.4063,2
33.84,-118.08,3.7961,1
38.67,-121.3,3.0733,5
34.05,-118.18,2.7031,1
38.71,-121.38,3.9318,5
34.19,-118.36,5.1814,3
34.04,-118.35,3.0856,1
37.55,-121.96,4.1387,2
34.13,-116.31,1.6063,1
34.36,-119.05,2.8417,1
37.76,-122.23,5.1039,2
38.76,-120.67,2.1682,5
34.05,-117.66,3.6467,1
39.4,-121.75,2.4943,5
33.92,-118.11,4.1767,3
37.64,-122.42,2.225,5
33.95,-117.47,4.1264,3
33.47,-117.68,6.126,3
34.22,-118.42,5.3767,3
37.94,-122.31,4.3958,2
39.74,-121.59,2.3798,5
34.06,-117.9,5.4469,3
38.43,-121.95,5.1534,2
37.4,-122.06,4.3351,2
40.24,-123.68,1.725,5
32.66,-117.09,3.375,1
37.99,-121.83,4.4853,2
37.96,-121.32,3.1845,5
33.57,-114.57,1.925,1
34.03,-118.11,3.5272,1
33.95,-117.37,4.3542,3
32.76,-117.11,2.2409,1
38.07,-122.68,5.6305,2
36.78,-119.78,1.9784,4
40.65,-122.31,2.9338,5
34.07,-117.67,3.5036,1
34.02,-118.32,3.3906,1
37.75,-122.46,10.7569,0
37.88,-122.18,4.9,2
36.67,-121.68,5.0,2
37.77,-122.14,4.8304,2
37.82,-122.2,7.0175,2
33.9,-118.3,3.6,1
37.69,-122.48,3.4492,5
33.83,-117.95,4.9394,3
37.75,-122.18,1.325,5
34.02,-118.3,1.85,1
37.32,-120.61,4.25,2
34.39,-117.3,3.6615,1
34.61,-120.09,2.8906,4
33.73,-117.81,2.1719,1
34.0,-118.41,2.9338,1
33.92,-118.4,4.5987,3
33.73,-117.86,2.6385,1
38.73,-121.01,4.7276,2
36.79,-119.69,2.7404,4
37.74,-122.44,4.2672,2
36.1,-119.58,1.3967,4
33.8,-116.54,2.2216,1
39.37,-123.75,3.25,5
41.78,-121.62,1.7885,5
34.2,-118.45,2.9688,1
38.67,-120.98,5.584,2
33.78,-118.26,2.0956,1
32.72,-117.0,2.1362,1
37.31,-122.01,6.6766,2
34.07,-117.96,3.7736,1
37.64,-122.11,3.6708,5
33.84,-118.14,4.4286,3
33.34,-118.33,2.8333,1
37.86,-120.23,2.4615,4
36.79,-119.87,3.0938,4
34.44,-119.63,9.4522,0
32.74,-117.07,2.6629,1
39.0,-121.04,4.8051,2
38.03,-121.34,4.9861,2
34.19,-118.19,15.0001,0
34.09,-118.19,1.9706,1
32.72,-117.16,0.9142,1
33.89,-118.24,2.1838,1
37.92,-122.52,14.5833,0
34.06,-118.32,4.5918,3
37.88,-122.28,3.2344,5
37.32,-120.45,4.8214,2
38.38,-123.08,3.9167,5
37.35,-122.03,5.5388,2
37.07,-120.83,2.5598,4
34.16,-118.26,3.1484,1
37.78,-122.44,2.5721,5
34.64,-120.45,3.7778,4
37.75,-122.43,3.775,5
33.94,-117.44,4.1776,3
37.55,-122.03,4.9118,2
40.31,-123.17,0.536,5
33.81,-118.39,3.7778,1
33.85,-117.86,4.9306,3
32.81,-117.01,5.516,3
38.9,-121.07,1.7375,5
34.42,-117.56,3.4695,1
39.07,-121.7,3.3125,5
36.93,-121.9,5.3276,2
36.73,-119.83,2.4137,4
34.41,-119.52,4.806,3
33.88,-118.22,1.6574,1
37.73,-122.45,5.0634,2
37.37,-122.03,3.8125,5
34.24,-118.77,6.4963,3
34.19,-118.13,2.92,1
36.94,-121.84,4.9517,2
38.04,-121.25,4.9861,2
33.83,-117.98,6.212999999999999,3
33.91,-118.15,3.3182,1
40.37,-120.58,2.2661,5
38.7,-121.32,3.2444,5
33.91,-117.91,4.9766,3
39.75,-121.6,1.9766,5
38.46,-122.71,2.314,5
38.61,-122.82,4.0294,5
32.76,-117.02,1.0278,1
33.21,-117.25,2.6339,1
37.71,-122.45,4.5417,2
34.86,-118.34,2.8097,1
33.97,-118.04,2.5686,1
39.63,-120.73,3.8826,5
37.46,-121.87,15.0001,0
37.93,-122.3,4.5,2
39.36,-120.23,4.0481,5
39.23,-122.9,3.9519,5
33.88,-117.9,4.675,3
34.18,-118.51,4.8036,3
38.01,-120.29,3.0729,5
34.27,-118.46,4.8015,3
40.22,-124.0,1.319,5
37.33,-121.92,4.7768,2
34.06,-117.15,4.0658,1
33.52,-117.71,6.1007,3
37.94,-122.32,6.2712,2
33.93,-118.18,2.1641,1
33.77,-118.27,1.9964,1
37.41,-121.81,7.0544,2
40.58,-122.38,1.8375,5
33.94,-118.03,3.4861,1
38.01,-122.59,6.1724,2
33.89,-116.63,1.5227,1
34.05,-118.3,2.096,1
38.02,-122.93,3.5469,5
34.0,-118.46,3.875,1
34.3,-118.67,7.9013,0
37.8,-122.44,2.7717,5
41.75,-124.21,2.0074,5
36.79,-119.78,2.9301,4
34.07,-117.57,3.1458,1
34.11,-118.02,4.625,3
34.08,-117.72,3.2481,1
37.9,-122.29,5.337999999999999,2
37.86,-122.18,8.9571,2
38.75,-121.27,2.7188,5
35.9,-118.86,4.125,4
34.51,-117.31,2.0243,1
33.95,-118.13,3.1104,1
33.9,-118.22,1.4091,1
33.68,-117.95,3.6364,1
34.05,-118.32,1.9923,1
38.56,-121.45,4.63,2
34.57,-117.93,3.1946,1
39.29,-121.06,3.4028,5
37.91,-122.29,5.5357,2
37.75,-121.44,4.2768,2
34.16,-118.45,4.475,3
34.02,-118.34,4.0357,3
34.15,-118.34,3.5637,1
32.72,-117.25,6.597,3
37.49,-120.85,1.4063,5
35.5,-120.68,3.7672,4
34.2,-118.46,3.5255,1
36.93,-121.73,3.2917,5
37.5,-122.04,3.1696,5
33.51,-117.77,4.4464,3
37.94,-122.34,2.7391,5
37.23,-121.87,6.9473,2
34.16,-118.4,3.8056,1
34.96,-120.43,4.8155,4
34.0,-118.44,3.875,1
38.12,-122.24,4.0114,5
34.26,-116.85,2.4308,1
38.96,-119.98,3.5417,5
34.18,-118.36,2.3056,1
38.44,-122.98,3.1,5
35.58,-119.35,1.1903,4
34.04,-117.31,4.7344,3
38.19,-121.57,2.4353,5
38.53,-122.82,3.276,5
34.07,-118.3,2.4348,1
37.76,-122.43,3.3565,5
38.98,-122.83,1.6164,5
40.71,-122.32,2.4036,5
38.94,-122.62,1.5455,5
37.35,-122.06,8.758,2
37.39,-122.01,4.0068,5
37.23,-121.83,6.6659,2
38.63,-121.36,4.7283,2
38.69,-121.36,3.6989,5
33.8,-118.07,7.1221,3
33.78,-118.18,1.2746,1
33.67,-117.96,7.0173,3
37.28,-121.76,4.9097,2
37.73,-122.47,5.9245,2
37.93,-122.07,3.7433,5
37.5,-120.87,3.1042,5
34.06,-118.22,10.2264,0
35.61,-117.64,4.25,3
37.72,-121.45,5.75,2
37.96,-121.23,1.5539,5
39.2,-120.22,3.3699,5
35.37,-118.92,2.4919,4
37.58,-122.02,3.3617,5
38.35,-121.99,2.4659,5
34.01,-118.27,1.4327,1
34.48,-117.26,4.1933,3
33.99,-118.47,2.1471,1
33.99,-118.46,3.1992,1
38.51,-121.49,2.9219,5
38.13,-122.24,4.0938,5
34.19,-118.45,2.4667,1
36.95,-121.82,4.6611,2
34.07,-118.37,3.4286,1
32.9,-117.11,4.4766,3
34.0,-118.31,1.933,1
34.05,-118.32,3.5517,1
37.35,-121.88,2.8167,5
37.33,-121.82,4.3782,2
33.89,-117.84,6.7837,3
34.08,-118.14,2.3464,1
34.14,-118.26,4.1083,3
37.44,-121.9,8.6675,2
34.02,-118.44,6.2583,3
33.93,-118.31,4.2917,3
36.0,-116.22,1.1471,1
36.63,-121.89,3.0383,5
33.86,-117.76,10.1316,0
38.6,-121.36,3.875,5
34.02,-117.06,2.6875,1
33.89,-118.11,4.375,3
34.09,-118.27,3.9674,1
34.02,-118.48,2.7019,1
34.13,-118.15,4.7298,3
36.79,-119.84,3.3447,4
33.95,-118.21,2.2988,1
38.02,-122.55,6.4978,2
37.57,-120.91,2.0521,5
33.82,-117.94,2.3347,1
37.33,-121.94,2.1902,5
36.75,-119.79,1.123,4
37.79,-122.25,1.6,5
34.28,-117.53,4.1083,3
37.64,-121.0,0.9573,5
33.79,-118.34,5.0254,3
37.92,-121.23,1.8958,5
37.66,-122.11,3.2091,5
33.69,-117.77,3.7988,1
37.45,-121.9,5.6063,2
38.57,-121.44,3.776,5
36.98,-122.04,2.9286,5
32.64,-117.09,1.62,1
32.83,-117.2,2.5909,1
37.66,-122.46,5.4221,2
34.18,-118.95,6.0994,3
33.94,-117.97,5.5608,3
37.56,-122.36,15.0001,0
34.01,-117.97,3.7459,1
39.79,-120.53,2.5156,5
34.21,-118.2,7.8375,3
37.98,-122.0,4.525,2
37.75,-122.18,2.1731,5
34.07,-117.64,2.6913,1
33.76,-117.94,4.2386,3
37.46,-122.18,15.0001,0
34.42,-118.56,1.9667,1
37.5,-120.84,2.2083,5
33.97,-118.21,3.0313,1
36.72,-119.67,2.6875,4
34.04,-118.15,3.6875,1
37.93,-121.31,2.4667,5
33.89,-118.15,3.274,1
33.86,-117.96,3.7813,1
33.92,-117.22,4.0938,3
34.13,-117.26,2.1375,1
37.31,-121.81,5.7843,2
37.49,-122.28,6.912000000000001,2
37.94,-122.02,4.2569,2
37.65,-122.1,4.5303,2
36.71,-121.77,3.512,5
38.12,-122.58,4.9286,2
39.55,-122.18,3.25,5
34.04,-118.38,3.4063,1
40.34,-121.8,2.881,5
37.97,-121.3,4.061,5
32.68,-117.09,2.0114,1
34.97,-120.43,4.0125,4
33.77,-118.18,2.6371,1
36.93,-121.75,3.1327,5
37.83,-122.26,2.0978,5
33.81,-117.95,5.118,3
38.11,-122.26,2.6708,5
32.81,-117.22,3.7813,1
33.83,-118.05,5.7018,3
34.1,-118.09,3.6696,1
37.36,-122.04,6.8753,2
40.59,-122.39,1.2404,5
33.6,-117.71,2.3387,1
32.75,-117.08,2.0077,1
37.97,-121.99,5.1333,2
38.44,-122.67,4.3587,2
34.05,-118.22,1.0714,1
38.59,-121.28,3.0481,5
37.36,-121.99,4.9091,2
34.14,-117.21,5.2591,3
34.24,-117.2,3.0434,1
33.75,-117.8,5.3903,3
33.2,-117.25,2.0625,1
34.02,-118.14,2.7019,1
37.79,-122.42,4.0156,5
33.67,-117.61,6.8004,3
33.98,-118.31,2.3977,1
37.07,-120.84,2.2019,4
39.12,-121.64,4.2656,5
34.15,-118.41,4.3468,3
37.7,-121.01,3.2447,5
32.74,-116.97,4.2192,3
34.11,-118.34,3.6974,1
37.66,-122.41,3.6667,5
36.32,-119.34,3.1574,4
33.93,-117.94,3.8194,1
34.44,-119.23,2.4777,1
33.97,-117.29,4.6667,3
34.08,-117.98,3.4784,1
33.74,-118.28,1.8584,1
34.26,-116.85,2.6094,1
32.77,-116.98,8.093,3
34.02,-118.6,8.4331,0
40.28,-123.84,2.0962,5
37.82,-122.21,7.0549,2
41.03,-123.76,2.0644,5
34.14,-118.12,3.1033,1
33.05,-117.25,4.3286,3
37.34,-121.83,4.2098,2
38.54,-121.7,4.6225,2
33.94,-118.22,3.4323,1
37.33,-121.9,4.05,2
33.46,-117.67,4.6518,3
33.94,-117.23,3.0789,1
36.96,-122.06,4.5,2
37.63,-122.44,4.7625,2
37.74,-122.47,5.6787,2
33.8,-118.11,5.4602,3
33.75,-117.98,5.1345,3
34.54,-120.01,3.9375,4
39.12,-123.19,2.3125,5
34.16,-118.0,4.8059,3
34.06,-118.31,1.6987,1
32.85,-117.21,5.4067,3
37.87,-122.3,2.2208,5
36.53,-121.77,10.1854,0
34.65,-118.1,2.67,1
34.19,-118.46,6.1142,3
39.15,-121.62,1.9375,5
34.06,-117.74,1.4722,1
41.32,-122.3,2.1571,5
38.73,-120.81,2.7273,5
37.81,-122.23,8.8793,2
33.49,-117.68,4.245,3
38.22,-122.63,4.0417,5
34.07,-118.28,2.3636,1
39.73,-121.82,1.7426,5
38.53,-121.43,3.1208,5
34.57,-118.1,3.3086,1
33.86,-118.15,4.8942,3
33.82,-117.87,5.9397,3
37.27,-122.01,8.8178,2
38.26,-122.05,2.6827,5
34.14,-118.02,3.5878,1
37.72,-122.47,5.9114,2
34.66,-118.17,5.7049,3
33.61,-117.98,6.8939,3
33.93,-118.0,3.9575,1
39.59,-121.74,2.3833,5
34.02,-118.41,3.0833,1
34.15,-117.64,6.4559,3
34.12,-118.04,6.5989,3
33.95,-116.53,2.625,1
33.63,-117.92,4.9643,3
37.32,-122.04,5.7528,2
40.98,-120.38,1.6833,5
34.15,-118.36,3.6202,1
34.4,-118.52,5.305,3
36.06,-119.19,1.9091,4
37.71,-122.11,4.65,2
37.98,-122.58,4.6905,2
34.09,-117.66,3.2321,1
34.15,-117.3,4.3438,3
37.22,-121.77,6.7287,2
33.78,-117.88,3.3472,1
34.06,-117.27,2.025,1
37.92,-121.25,2.4097,5
37.72,-122.13,7.912000000000001,2
38.8,-121.15,4.1685,5
37.34,-120.5,3.4559,4
35.27,-120.65,2.5129,4
38.89,-121.15,5.2903,2
32.77,-116.99,6.1103,3
37.8,-122.21,4.0977,5
34.17,-118.45,3.2386,1
33.69,-117.78,6.0961,3
38.37,-122.78,3.7991,5
34.28,-118.77,4.5458,3
37.78,-122.48,3.5865,5
33.93,-118.37,4.4474,3
37.89,-122.07,5.6558,2
40.5,-122.28,2.6488,5
37.49,-121.89,9.7194,0
37.35,-122.09,7.5794,2
37.47,-122.24,6.1244,2
33.93,-117.97,4.1321,3
34.05,-118.19,2.6964,1
33.7,-117.19,1.9014,1
34.22,-119.03,4.7831,3
40.88,-124.09,2.4321,5
34.3,-118.43,1.7062,1
33.83,-117.91,3.0288,1
34.01,-118.1,2.66,1
36.83,-119.76,4.0196,4
37.52,-122.25,4.3594,2
32.69,-117.05,5.3908,3
37.74,-122.14,4.0662,5
33.82,-117.99,4.1167,3
34.16,-118.15,1.2891,1
34.13,-118.18,3.5341,1
38.91,-120.01,1.9851,5
34.24,-117.27,2.875,1
37.77,-122.13,7.0712,2
37.77,-122.2,2.2562,5
33.84,-117.87,4.0724,3
38.02,-120.27,3.1875,5
34.02,-118.28,2.1382,1
32.79,-117.03,5.8683,3
33.76,-118.09,1.808,1
33.99,-118.03,3.4312,1
32.61,-117.09,2.1548,1
34.24,-117.41,5.2072,3
33.95,-118.24,1.6513,1
36.79,-119.77,2.9937,4
33.82,-118.2,4.6042,3
34.14,-118.16,8.2435,0
36.21,-119.34,1.4792,4
33.64,-117.49,6.8588,3
37.86,-122.28,1.9798,5
38.01,-121.25,2.6994,5
34.12,-118.02,5.4555,3
40.77,-124.16,2.8529,5
34.07,-118.16,3.8644,1
33.97,-118.4,5.9544,3
34.1,-117.36,3.6227,1
38.49,-122.91,3.6343,5
37.31,-119.64,2.8393,4
37.31,-121.98,6.4095,2
33.86,-117.96,3.3516,1
34.16,-117.29,2.875,1
37.92,-121.28,2.1705,5
38.41,-121.94,4.5,2
34.03,-118.19,1.7995,1
34.09,-118.1,4.875,3
36.32,-119.28,3.7404,4
37.61,-122.1,4.5281,2
32.63,-117.03,5.7789,3
37.34,-122.03,6.0577,2
33.75,-117.82,4.6161,3
34.07,-118.02,2.3236,1
34.16,-118.27,3.1397,1
36.79,-121.32,3.6333,5
38.08,-122.58,5.615,2
37.92,-122.51,3.7647,5
40.58,-123.18,1.7262,5
33.87,-117.87,2.4929,1
34.02,-118.35,1.7622,1
33.62,-117.94,6.5928,3
37.53,-120.79,3.3083,5
37.96,-122.37,0.7403,5
37.54,-122.26,5.3247,2
37.74,-122.45,6.202999999999999,2
34.05,-118.29,1.3867,1
33.9,-118.35,3.3971,1
34.18,-118.38,2.1449,1
38.65,-121.31,5.5,2
38.58,-121.38,5.0497,2
33.71,-117.96,4.5962,3
37.81,-122.26,2.0062,5
35.0,-117.65,1.9107,1
34.15,-117.57,5.485,3
32.74,-117.21,6.9322,3
37.35,-121.99,4.375,2
38.34,-121.41,3.0833,5
33.04,-117.07,3.6437,1
34.23,-118.46,2.585,1
33.65,-117.91,4.0417,1
36.35,-119.3,2.3304,4
37.37,-121.98,5.0942,2
37.88,-122.22,2.4444,5
38.58,-121.44,3.9271,5
40.13,-120.71,2.9554,5
34.19,-118.92,3.0691,1
34.08,-117.92,4.1312,3
33.91,-118.26,1.9038,1
37.76,-122.25,3.567,5
36.62,-121.84,2.225,5
39.18,-121.67,3.3958,5
37.7,-122.07,4.125,2
33.25,-117.31,3.125,1
33.97,-118.14,2.0524,1
34.0,-117.92,3.8125,1
38.01,-120.24,3.125,5
38.03,-121.29,2.5842,5
40.56,-122.38,3.5347,5
37.96,-122.34,2.5382,5
34.02,-118.41,3.3955,1
33.92,-117.7,6.2141,3
37.27,-121.86,5.6876,2
37.95,-120.42,2.4922,5
33.94,-117.38,4.0625,1
34.24,-118.7,4.504,3
38.34,-122.71,3.1781,5
34.43,-118.37,5.9507,3
37.69,-121.04,4.5332,2
39.5,-121.58,2.1658,5
33.13,-116.97,6.7957,3
33.84,-118.09,4.7917,3
36.3,-119.3,5.3602,3
37.63,-121.0,1.59,5
34.26,-119.2,5.4087,3
37.04,-122.04,3.8854,5
32.92,-117.13,5.5036,3
37.73,-122.39,2.2222,5
40.22,-123.43,3.625,5
34.42,-119.72,3.5905,4
36.22,-119.32,3.6343,4
40.48,-123.73,1.7153,5
34.05,-118.41,5.8758,3
34.06,-118.62,7.4001,3
37.53,-122.32,5.779,2
37.78,-122.23,1.6009,5
33.86,-118.07,5.6818,3
36.63,-121.92,3.4943,5
36.72,-119.79,1.25,4
34.42,-119.63,8.5608,0
37.52,-122.28,4.0801,2
33.92,-118.33,3.267,1
38.61,-120.66,2.5042,5
37.81,-122.24,3.675,5
33.99,-118.29,2.0542,1
40.61,-122.57,2.8036,5
37.41,-120.63,2.6439,4
34.06,-118.36,2.9605,1
34.71,-118.16,4.1719,3
37.99,-122.03,4.9022,2
33.02,-117.26,6.3712,3
38.69,-121.45,2.2243,5
34.23,-116.76,2.6071,1
39.93,-122.2,1.9191,5
33.95,-118.14,5.2015,3
33.93,-118.13,2.6862,1
34.09,-118.32,2.0557,1
33.91,-118.23,3.0341,1
32.75,-117.07,2.5583,1
37.53,-122.25,7.6864,2
34.04,-117.39,2.8682,1
39.17,-121.02,3.2303,5
33.66,-117.9,3.1667,1
34.24,-118.28,4.45,3
35.41,-118.97,3.996,4
34.28,-118.89,5.8133,3
32.83,-116.97,2.6458,1
37.72,-122.41,4.0583,5
33.68,-117.79,6.8722,3
33.2,-117.25,2.7961,1
36.75,-119.76,1.2545,4
33.86,-117.93,4.0288,1
33.86,-118.13,5.1805,3
38.46,-122.81,4.745,2
34.0,-118.33,2.3333,1
37.41,-121.85,5.6096,2
37.38,-122.1,7.5655,2
32.67,-115.5,2.1776,1
34.13,-118.04,4.645,3
39.34,-120.35,4.0278,5
34.83,-114.64,1.7062,1
32.77,-117.11,6.6053,3
36.76,-119.77,1.2101,4
33.93,-118.29,1.7244,1
34.04,-118.85,8.4476,0
34.29,-118.47,4.2935,3
38.66,-121.36,3.6953,5
32.85,-117.22,4.6875,3
37.97,-121.33,2.0043,5
37.97,-122.35,2.5863,5
34.29,-118.89,3.4375,1
38.02,-121.82,2.2361,5
38.58,-121.48,1.245,5
33.6,-114.65,2.9653,1
39.23,-121.05,1.5313,5
37.67,-121.78,4.8571,2
37.95,-121.29,0.7714,5
38.31,-122.49,3.25,5
39.15,-123.19,2.6012,5
37.33,-121.91,4.8854,2
37.94,-121.95,6.8642,2
37.61,-121.99,4.6458,2
39.52,-121.58,1.9956,5
33.63,-117.81,8.1093,3
34.03,-117.95,2.7361,1
33.99,-118.47,3.4071,1
37.72,-122.45,2.9119,5
33.85,-117.87,5.2949,3
37.75,-122.48,4.3393,2
34.42,-119.69,2.5978,4
33.82,-117.99,3.1538,1
38.07,-120.28,2.9083,5
33.97,-118.29,1.7734,1
37.77,-122.28,3.75,5
37.96,-122.51,3.6863,5
37.48,-122.29,7.4678,2
38.57,-121.41,3.2443,5
36.2,-119.35,1.7462,4
34.21,-118.35,3.275,1
33.83,-117.53,5.5362,3
33.84,-117.99,4.9115,3
32.68,-117.05,3.2174,1
37.57,-122.31,4.6371,2
37.73,-122.44,4.1932,2
38.83,-122.0,3.4187,5
33.65,-117.9,5.2549,3
33.77,-117.79,8.5403,0
34.2,-118.6,3.2297,1
34.16,-118.14,2.1377,1
37.76,-122.51,3.0465,5
37.73,-122.48,3.1359,5
34.23,-118.53,3.0321,1
37.19,-122.1,7.1831,2
40.8,-124.16,1.1386,5
33.65,-117.91,2.1074,1
38.25,-122.67,4.0729,5
33.98,-118.34,2.9315,1
39.73,-121.84,1.6797,5
34.16,-118.34,3.6486,1
32.93,-117.12,5.3625,3
36.72,-119.79,1.3047,4
38.41,-121.38,4.45,2
37.55,-121.03,1.9728,5
33.88,-118.08,3.6417,1
38.58,-122.83,3.2452,5
35.56,-120.29,2.8110000000000004,4
37.68,-121.76,3.7301,5
32.62,-117.11,2.1719,1
37.43,-122.13,4.7375,2
37.02,-120.09,3.7143,4
34.08,-118.46,7.8426,3
37.31,-120.45,3.7652,4
36.79,-119.9,3.3125,4
37.47,-122.19,4.8068,2
37.34,-121.9,3.5966,5
33.88,-117.36,5.0346,3
33.96,-118.31,3.4643,1
37.94,-122.35,1.6571,5
37.13,-121.96,15.0001,0
33.36,-117.25,2.3214,1
33.88,-118.25,2.2121,1
34.28,-117.21,5.7421,3
34.64,-120.44,4.6023,4
37.67,-121.0,1.125,5
38.65,-121.95,3.3472,5
33.51,-117.73,6.1785,3
32.65,-117.04,4.2155,3
33.98,-118.26,1.2315,1
36.77,-119.81,2.5804,4
33.76,-117.94,3.7232,1
32.76,-117.14,2.694,1
32.84,-117.21,4.5402,3
34.11,-118.04,5.0,3
34.2,-118.57,5.223,3
37.99,-122.04,3.8897,5
35.74,-118.31,1.8419,4
39.75,-122.23,1.9375,5
38.76,-121.17,6.5322,2
39.2,-120.99,3.3009,5
40.58,-122.37,2.1538,5
34.06,-117.8,3.6298,1
37.59,-122.5,4.3542,2
37.58,-122.37,4.5486,2
34.18,-118.43,3.9099,1
33.74,-118.3,3.9375,1
37.59,-120.96,2.3849,5
39.32,-123.7,3.1071,5
34.04,-117.97,4.119,3
34.11,-117.8,4.7969,3
37.99,-121.18,2.4674,5
37.23,-121.81,6.4328,2
37.23,-121.91,7.3843,2
34.03,-118.49,4.5208,3
33.83,-118.34,5.399,3
38.01,-122.12,4.1189,5
37.95,-122.36,1.8333,5
34.18,-118.37,2.9728,1
33.51,-117.71,13.1477,0
37.52,-120.88,2.6103,5
34.16,-118.38,3.1289,1
40.25,-121.15,3.3462,5
38.37,-122.02,6.4894,2
38.57,-121.46,3.2386,5
38.61,-121.29,4.4519,2
37.78,-122.46,3.2396,5
33.65,-117.9,6.632000000000001,3
38.41,-122.4,2.5685,5
32.81,-117.21,4.3862,3
37.51,-122.25,4.8382,2
34.23,-119.06,3.0219,1
32.67,-117.06,4.0505,1
37.75,-122.47,9.3603,2
34.05,-118.17,3.1528,1
36.98,-122.0,3.5562,5
33.82,-117.94,3.8828,1
35.95,-119.04,1.8462,4
34.03,-118.28,0.8440000000000001,1
33.61,-117.9,4.0764,3
38.44,-122.69,3.5521,5
37.75,-122.47,4.4312,2
33.79,-116.95,2.1979,1
37.69,-122.1,2.9507,5
33.63,-117.97,6.1572,3
38.49,-121.81,3.9309,5
32.73,-117.13,3.6058,1
36.46,-119.69,2.8125,4
33.96,-116.97,2.4322,1
33.97,-117.37,1.4514,1
34.02,-118.09,3.2622,1
38.03,-121.28,3.9265,5
34.14,-117.85,4.9091,3
34.06,-118.27,1.3241,1
33.74,-116.93,3.6806,1
38.58,-121.31,2.5035,5
37.58,-122.35,2.8393,5
37.61,-121.01,3.4703,5
34.18,-118.63,6.6689,3
32.91,-117.07,10.3354,0
33.99,-117.9,3.443,1
38.32,-122.3,2.5035,5
37.63,-122.1,3.8171,5
37.43,-122.21,8.6963,2
34.11,-117.74,5.3637,3
36.83,-119.91,3.8056,4
32.76,-117.11,3.3854,1
38.55,-121.8,4.7168,2
38.27,-122.07,4.3586,2
36.63,-121.93,3.1912,5
33.97,-118.02,6.148,3
37.39,-122.06,3.6875,5
39.04,-120.99,2.3696,5
36.69,-119.55,1.7132,4
37.25,-121.91,4.9205,2
33.73,-118.0,6.7395,3
34.07,-118.06,2.3929,1
34.1,-117.65,3.0284,1
40.99,-123.35,1.125,5
32.84,-117.22,8.051,3
34.01,-118.44,6.0804,3
33.63,-117.87,10.8289,0
34.08,-118.02,2.6071,1
33.99,-118.39,5.1322,3
33.99,-118.42,4.0893,3
34.05,-118.45,3.7549,1
36.99,-121.93,4.7325,2
34.04,-118.21,1.9405,1
36.6,-121.83,4.3472,2
33.04,-116.61,3.875,1
37.7,-122.47,3.6588,5
33.9,-117.89,7.898,3
33.87,-117.33,5.1045,3
37.81,-121.2,7.3718,2
37.25,-121.98,15.0,0
33.8,-117.96,4.425,3
37.68,-120.97,3.3368,5
33.89,-118.06,5.1104,3
34.32,-118.42,4.3409,3
33.99,-118.27,1.4886,1
36.88,-120.29,2.4219,4
37.64,-121.0,1.1875,5
32.63,-117.04,4.1154,1
33.91,-117.98,5.0923,3
33.82,-118.19,4.6364,3
38.11,-121.27,2.4482,5
39.16,-121.57,3.725,5
41.74,-122.61,2.0591,5
37.99,-122.51,5.5791,2
34.07,-117.93,3.3977,1
34.23,-118.43,4.4432,3
37.53,-122.3,6.0,2
34.03,-117.94,3.83,1
37.89,-122.3,3.0208,5
36.28,-119.81,3.1071,4
37.85,-122.27,2.775,5
34.26,-119.21,4.2448,3
38.23,-122.63,3.0139,5
33.95,-118.25,0.9751,1
37.7,-122.09,6.005,2
34.06,-118.38,3.5556,1
34.19,-118.3,4.375,3
33.61,-117.9,13.1738,0
34.03,-118.35,1.9928,1
33.71,-117.79,6.2162,3
34.03,-118.35,1.89,1
33.8,-117.96,4.7667,3
33.85,-118.38,4.9384,3
37.81,-122.25,3.225,5
37.7,-122.16,2.9917,5
32.71,-117.13,1.825,1
34.25,-118.74,5.4243,3
37.76,-122.48,4.0977,5
32.66,-117.1,2.1542,1
33.98,-118.4,5.9856,3
33.85,-118.15,2.7268,1
33.74,-117.84,3.2104,1
33.91,-118.13,4.9107,3
34.03,-118.29,1.9167,1
34.05,-118.02,2.3611,1
34.06,-118.18,2.6083,1
34.2,-118.41,3.5164,1
33.68,-117.94,7.4056,3
34.07,-117.97,3.2,1
38.41,-122.21,5.5266,2
37.73,-121.92,2.4821,5
32.68,-117.11,1.9107,1
37.26,-121.87,5.6652,2
37.65,-122.09,2.8203,5
34.23,-118.25,4.1667,3
36.67,-121.62,2.5329,5
38.67,-121.8,3.1875,5
34.04,-118.2,1.8224,1
33.71,-116.24,2.7598,1
39.15,-121.64,5.234,2
37.15,-122.08,7.1366,2
39.0,-122.7,2.3125,5
34.1,-118.66,10.076,0
37.95,-122.08,4.8702,2
37.99,-122.08,5.0509,2
33.78,-117.8,6.925,3
37.9,-122.18,9.0064,2
32.77,-117.11,4.3875,3
33.77,-118.38,9.821,0
34.13,-118.02,5.2329,3
34.7,-118.15,3.9615,1
37.31,-121.89,4.3882,2
34.01,-118.42,3.6611,1
33.71,-117.09,1.972,1
33.98,-118.29,3.4444,1
34.15,-117.29,2.9667,1
37.48,-122.19,4.1776,2
34.18,-118.46,3.4583,1
34.09,-118.01,3.6094,1
33.91,-117.9,4.3103,3
34.48,-117.22,3.6646,1
34.03,-118.15,2.6806,1
38.48,-121.99,4.6719,2
34.18,-118.1,5.894,3
33.95,-118.26,1.6389,1
33.94,-116.51,1.7388,1
37.36,-122.06,6.8268,2
36.08,-119.03,2.6944,4
36.6,-120.19,1.5536,4
37.58,-122.07,6.0661,2
33.83,-118.31,2.9375,1
33.95,-117.4,2.4408,1
34.0,-117.35,2.5469,1
33.72,-116.21,2.3169,1
33.86,-118.19,3.1215,1
33.97,-118.16,2.1743,1
34.1,-116.32,2.6618,1
37.53,-120.86,1.6445,5
41.86,-121.93,1.74,5
34.02,-118.11,3.95,1
35.34,-119.05,4.0529,4
37.77,-122.45,3.0906,5
33.18,-117.17,3.0221,1
34.15,-118.27,3.0199,1
34.65,-120.45,3.1442,4
37.42,-122.15,3.9243,5
39.52,-122.2,2.0625,5
33.85,-117.97,4.0061,1
39.37,-121.24,2.3886,5
32.8,-117.05,7.916,3
33.92,-118.36,4.1023,3
34.01,-118.26,1.8641,1
34.17,-118.31,2.4074,1
33.77,-118.15,4.1765,3
38.4,-122.71,1.439,5
33.73,-118.31,5.0874,3
37.79,-122.47,3.9688,5
34.29,-118.44,4.6864,3
33.96,-118.23,3.0143,1
34.13,-118.14,4.9167,3
36.32,-119.31,2.5733,4
38.59,-121.48,0.9204,5
33.77,-118.18,2.3523,1
33.97,-118.12,3.1830000000000003,1
33.94,-118.29,1.5615,1
38.52,-121.98,2.7989,5
33.74,-116.88,1.5982,1
33.7,-117.98,6.3749,3
37.92,-122.31,2.8456,5
33.95,-116.5,1.6983,1
37.76,-122.24,2.6833,5
34.14,-118.37,3.5096,1
34.01,-118.42,3.5667,1
34.09,-118.2,2.5343,1
33.62,-117.65,6.2899,3
37.38,-121.89,5.7695,2
34.08,-118.24,4.025,3
34.29,-119.14,3.1618,1
37.28,-122.0,8.3605,2
38.33,-122.31,4.0132,5
37.46,-121.14,5.2452,2
32.81,-116.96,2.9097,1
35.41,-119.02,1.97,4
35.47,-120.66,3.9063,4
34.15,-118.24,3.3906,1
37.77,-122.5,3.9954,5
36.68,-121.67,2.8289,5
33.61,-117.75,3.2845,1
36.05,-119.02,2.2202,4
34.96,-120.45,2.875,4
34.01,-118.24,2.375,1
38.31,-122.48,2.7727,5
37.8,-122.22,3.0298,5
35.32,-120.7,4.2639,4
33.92,-118.4,5.9499,3
33.16,-117.23,4.0,1
34.09,-118.21,1.9881,1
33.93,-118.16,3.7361,1
37.79,-122.2,2.6667,5
37.74,-122.41,4.7031,2
34.28,-119.27,3.1757,1
33.6,-117.89,5.6336,3
33.91,-118.03,4.2437,3
33.93,-117.92,3.75,1
34.08,-117.21,3.0587,1
35.75,-118.44,2.6288,4
37.72,-122.16,2.875,5
33.12,-115.52,1.8793,1
38.31,-122.48,2.3276,5
38.44,-122.01,4.9773,2
33.57,-117.7,3.3125,1
37.75,-122.44,4.2667,2
39.25,-121.06,3.9537,5
32.58,-117.13,2.3194,1
33.86,-117.6,5.195,3
38.13,-121.73,3.0288,5
32.75,-117.11,2.113,1
36.71,-121.62,4.3451,2
34.08,-118.45,7.1576,3
33.89,-118.35,4.1552,3
33.95,-118.2,2.4267,1
33.82,-116.49,2.9569,1
38.44,-122.71,1.3684,5
33.87,-118.17,3.0319,1
36.4,-119.18,2.6648,4
37.97,-122.32,4.6937,2
32.83,-117.27,8.0639,3
34.1,-118.35,3.9044,1
39.52,-120.51,2.065,5
36.44,-119.97,2.1771,4
33.61,-117.9,3.4937,1
39.03,-121.37,2.8235,5
34.2,-118.4,2.8424,1
34.14,-118.13,3.2643,1
37.38,-122.01,4.505,2
37.48,-122.23,3.3015,5
36.53,-119.29,1.625,4
33.94,-118.27,1.6645,1
38.43,-122.87,4.0446,5
38.12,-121.27,2.4949,5
32.68,-117.07,5.0827,3
33.9,-118.18,2.7292,1
38.53,-121.45,2.1679,5
32.76,-117.14,2.1273,1
38.67,-121.2,4.6902,2
34.15,-119.2,1.4773,1
34.09,-118.14,2.918,1
33.62,-117.92,6.5842,3
39.75,-121.59,2.2,5
37.26,-121.95,5.5121,2
34.2,-118.93,3.886,1
40.53,-122.39,2.125,5
33.76,-118.03,5.742000000000001,3
34.08,-118.37,3.9783,1
32.74,-117.11,3.2422,1
37.32,-121.8,4.7027,2
39.18,-121.43,2.1667,5
33.96,-118.2,3.055,1
34.15,-118.14,0.8438,1
34.44,-119.83,3.0875,4
34.43,-118.49,5.4829,3
33.86,-118.25,6.0531,3
37.73,-121.82,4.3472,2
37.74,-122.47,4.9537,2
35.38,-118.96,3.0568,4
33.88,-117.99,6.6704,3
34.07,-118.41,15.0001,0
38.04,-121.35,3.7206,5
32.73,-117.04,3.5492,1
37.52,-122.29,5.3506,2
37.27,-121.93,6.0196,2
37.61,-122.4,3.1628,5
36.98,-120.65,1.7188,4
35.5,-119.18,2.1635,4
37.72,-122.46,4.0859,5
34.01,-118.32,2.4934,1
38.79,-123.03,3.375,5
39.05,-122.92,3.5652,5
34.01,-118.16,1.6354,1
34.23,-118.42,5.6687,3
34.09,-118.1,4.2833,3
33.84,-116.52,3.6875,1
38.0,-121.8,3.5368,5
36.3,-119.66,3.3681,4
34.69,-120.43,3.6023,4
38.36,-122.01,5.9441,2
36.59,-121.88,2.6894,5
34.17,-118.27,7.8383,3
33.68,-117.81,4.5469,3
38.04,-121.22,5.5376,2
34.07,-118.3,1.8238,1
38.05,-120.22,2.7188,5
38.0,-121.81,2.905,5
33.06,-117.25,6.439,3
34.4,-118.91,3.2024,1
34.04,-117.25,4.4472,3
38.29,-122.27,3.3021,5
34.0,-118.4,5.8083,3
37.31,-120.49,2.0521,4
37.93,-122.36,1.9375,5
33.7,-117.2,2.3276,1
38.51,-119.54,2.35,4
34.1,-118.03,2.7857,1
33.88,-118.41,7.9614,3
32.85,-116.75,4.2321,3
40.57,-122.33,2.5592,5
34.21,-118.43,2.425,1
33.92,-118.05,3.2371,1
37.72,-122.43,3.7105,5
33.71,-117.98,4.8611,3
37.79,-122.44,4.4464,2
38.01,-121.82,3.4722,5
36.81,-119.72,2.6767,4
33.67,-117.93,8.1001,3
33.56,-117.1,4.3833,3
33.93,-116.98,1.9472,1
36.61,-121.83,3.2545,5
38.07,-121.18,4.8125,2
34.12,-117.39,4.9196,3
34.05,-118.11,5.9941,3
36.69,-121.8,3.4239,5
34.24,-118.42,4.7228,3
34.03,-118.15,1.7991,1
34.87,-120.33,3.9375,4
34.07,-117.78,3.9784,1
34.06,-117.32,1.4511,1
32.74,-117.11,2.4524,1
34.02,-118.26,1.5652,1
37.8,-121.2,3.5625,5
38.59,-121.3,2.1116,5
38.53,-121.52,4.2885,2
33.88,-117.52,2.5656,1
34.13,-118.2,4.0052,1
34.03,-118.48,3.5076,1
34.03,-118.06,2.375,1
34.08,-118.19,2.3409,1
38.07,-122.16,4.5321,2
37.9,-122.27,6.9414,2
38.26,-122.07,6.0487,2
33.99,-117.72,5.7763,3
37.72,-122.42,1.2387,5
33.77,-118.2,2.225,1
33.83,-117.83,3.6707,1
32.76,-117.13,2.1563,1
33.76,-117.98,2.1375,1
33.73,-117.99,4.375,3
38.04,-121.32,4.5,2
37.85,-122.26,3.2705,5
34.04,-118.35,1.8685,1
39.5,-121.54,1.3289,5
33.61,-117.73,4.8611,3
35.37,-118.87,3.5441,4
34.09,-118.06,3.244,1
37.12,-120.27,1.7279,4
33.89,-117.48,4.7295,3
35.34,-119.02,1.5357,4
33.83,-117.92,3.6042,1
33.97,-118.08,4.2,3
33.76,-118.08,1.4617,1
32.8,-117.24,3.8018,1
34.01,-118.48,3.4852,1
38.52,-121.51,4.0972,5
37.39,-121.89,4.375,2
34.23,-118.85,6.4823,3
35.39,-118.97,2.774,4
33.81,-117.26,2.1549,1
34.61,-118.17,7.1381,3
36.72,-120.06,1.8,4
37.64,-121.18,2.875,5
34.18,-118.42,3.3594,1
37.57,-122.48,4.5556,2
34.16,-118.67,9.1228,0
33.78,-118.13,3.7232,1
38.01,-122.14,4.5,2
34.19,-118.4,3.625,1
34.0,-118.43,2.7058,1
37.36,-121.85,3.0466,5
37.79,-122.41,2.9871,5
37.69,-121.76,3.3841,5
33.91,-118.1,4.875,3
34.22,-118.61,7.3252,3
34.14,-118.41,5.738,3
38.02,-122.21,6.0224,2
36.38,-119.69,3.3214,4
37.78,-122.43,0.9355,5
35.96,-119.19,1.881,4
37.86,-122.26,3.3893,5
38.44,-122.72,3.1797,5
38.66,-121.33,2.5909,5
33.89,-118.17,7.2423,3
34.23,-118.26,7.5582,3
34.17,-119.17,4.0074,3
33.82,-118.12,4.1375,3
37.47,-122.21,3.2708,5
33.95,-118.31,4.0043,1
37.62,-121.02,2.5363,5
39.02,-122.66,1.7446,5
33.82,-118.18,3.5,1
40.23,-121.19,5.8453,2
34.13,-117.61,4.4611,3
39.15,-123.21,1.6571,5
34.23,-116.86,5.4618,3
32.73,-117.12,3.5156,1
34.07,-117.3,1.7981,1
37.53,-120.8,2.1932,5
34.08,-118.21,2.6806,1
39.26,-121.03,2.4283,5
34.98,-120.43,3.6639,4
34.17,-119.17,3.6597,1
36.3,-119.2,2.625,4
36.06,-119.03,2.162,4
33.08,-117.25,6.617000000000001,3
33.02,-116.88,5.2596,3
33.93,-118.23,1.3,1
32.77,-117.19,4.1368,3
33.12,-117.08,1.8363,1
37.31,-121.92,3.1107,5
33.8,-116.45,3.6161,1
39.11,-121.68,4.0625,5
34.08,-117.25,2.45,1
33.91,-118.26,2.4375,1
39.08,-121.1,2.5887,5
37.23,-119.91,3.625,4
37.39,-120.59,2.1061,4
33.87,-117.89,3.3594,1
34.09,-118.17,2.5523,1
34.38,-119.69,2.25,4
33.74,-117.82,3.0958,1
38.73,-120.63,4.0675,5
38.54,-121.49,1.6932,5
34.18,-118.28,6.884,3
34.01,-117.9,3.7917,1
33.95,-117.25,4.2775,3
34.17,-117.26,3.8906,1
33.9,-118.25,3.3804,1
34.6,-118.12,2.3958,1
36.09,-119.99,0.4999,4
34.21,-118.15,5.4727,3
34.15,-118.14,1.5156,1
33.2,-117.15,4.0328,1
38.56,-121.44,3.7167,5
37.85,-122.22,5.457000000000001,2
37.81,-122.47,3.4051,5
34.04,-118.38,2.2961,1
38.31,-120.27,3.075,5
36.8,-119.76,2.5893,4
33.91,-118.34,2.6689,1
38.33,-120.41,3.024,5
37.35,-119.68,3.1326,4
33.97,-118.01,6.0648,3
33.94,-118.26,2.25,1
33.63,-117.8,11.1121,0
39.76,-121.86,2.0094,5
34.04,-117.96,4.7955,3
33.35,-117.42,2.5729,1
37.8,-122.18,6.7527,2
32.69,-117.07,4.069,1
37.67,-121.88,6.4524,2
37.75,-122.45,6.0274,2
38.69,-120.95,5.2032,2
34.2,-118.9,7.9943,0
37.28,-121.9,5.3922,2
37.73,-122.17,3.25,5
37.41,-122.11,6.0884,2
37.96,-122.35,2.5164,5
37.36,-121.85,4.0452,5
36.94,-121.8,2.8214,5
32.75,-117.07,3.3026,1
36.6,-121.91,5.5519,2
34.23,-118.58,4.8929,3
33.13,-117.05,4.2813,3
34.12,-117.9,4.0529,3
36.32,-119.79,3.0667,4
38.93,-123.53,2.5625,5
34.11,-117.88,4.1411,3
37.54,-122.3,2.9405,5
33.65,-117.7,6.1863,3
34.88,-116.99,3.1528,1
37.66,-121.04,4.1705,2
37.8,-122.41,0.8836,5
34.01,-117.93,4.2266,3
39.5,-123.34,1.8967,5
36.89,-121.37,4.025,2
33.82,-117.84,4.7946,3
34.18,-118.26,8.1657,0
33.65,-117.94,5.2732,3
35.28,-120.66,2.1786,4
37.72,-122.17,3.3710000000000004,5
33.98,-117.42,3.0606,1
34.12,-118.0,4.625,3
34.26,-118.3,4.81,3
38.53,-121.51,5.3135,2
34.03,-117.17,6.3308,3
33.9,-117.88,6.5945,3
36.76,-119.75,1.4107,4
36.33,-119.65,2.3523,4
38.28,-121.35,3.2234,5
34.22,-118.48,2.1974,1
33.95,-118.29,2.0,1
35.13,-118.44,1.7917,1
32.73,-117.13,2.2429,1
36.79,-119.77,3.2642,4
34.05,-118.27,1.3169,1
37.84,-122.26,2.6736,5
37.81,-121.91,13.1499,0
37.36,-121.97,4.575,2
36.74,-119.5,4.5938,4
34.06,-118.31,2.0278,1
33.6,-117.36,3.2258,1
37.74,-122.15,3.5083,5
38.23,-122.64,4.075,5
37.77,-122.24,3.6417,5
34.57,-118.02,5.083,3
33.76,-117.99,1.9439,1
34.1,-116.38,4.1458,1
38.62,-121.41,2.5162,5
37.77,-122.25,4.3098,2
32.69,-116.58,2.919,1
39.5,-123.79,2.325,5
38.58,-121.47,2.3266,5
37.39,-121.84,5.5592,2
33.58,-117.2,4.5936,3
38.52,-121.43,2.5898,5
33.82,-117.98,5.5486,3
38.6,-121.53,2.7566,5
33.9,-117.57,3.5525,1
34.2,-118.13,4.9312,3
34.06,-118.34,7.1669,3
33.05,-117.3,3.2308,1
37.33,-122.04,7.7643,2
37.73,-122.43,4.0,5
34.21,-118.87,6.2935,3
37.66,-121.93,8.3337,2
34.16,-118.12,5.0237,3
34.3,-118.42,3.6548,1
38.6,-121.45,4.6625,2
32.85,-116.89,5.1185,3
33.88,-118.38,5.2999,3
36.74,-119.85,3.5375,4
37.69,-121.92,7.316,2
37.79,-121.22,4.4766,2
32.75,-117.14,2.2813,1
33.97,-118.06,4.3203,3
37.75,-122.16,1.5625,5
34.09,-117.35,2.5902,1
38.01,-121.34,3.2872,5
34.06,-117.96,4.4102,3
38.58,-121.36,8.4699,2
34.02,-118.45,3.4583,1
32.76,-117.15,3.0445,1
37.64,-120.87,3.8984,5
35.37,-119.02,1.7213,4
37.79,-122.44,4.0882,5
34.06,-118.31,2.8202,1
37.7,-122.14,4.5859,2
37.73,-122.48,5.1681,2
33.93,-118.04,4.1667,3
33.86,-117.95,4.53,3
35.12,-120.61,2.6974,4
34.02,-118.33,1.8783,1
36.85,-119.64,4.9904,2
33.97,-117.35,3.024,1
37.42,-122.12,5.1524,2
34.15,-119.19,3.1989,1
37.26,-121.88,3.8893,5
34.13,-117.25,3.6856,1
37.78,-121.95,6.3942,2
38.79,-121.24,3.7904,5
33.8,-117.79,6.67,3
34.04,-118.18,1.55,1
33.26,-117.26,4.3429,3
33.2,-117.37,1.6318,1
34.1,-117.69,2.6074,1
34.14,-118.39,6.5533,3
37.82,-122.23,12.3804,0
37.54,-121.94,6.7599,2
33.88,-118.37,4.5357,3
38.02,-121.2,3.3882,5
38.68,-122.04,3.0486,5
37.54,-121.97,4.7135,2
37.79,-122.22,2.1494,5
37.58,-121.02,1.7169,5
37.87,-122.25,0.949,5
36.66,-119.6,1.6094,4
34.08,-117.33,3.1799,1
34.22,-118.35,4.1302,3
34.2,-118.55,3.6905,1
37.77,-122.26,3.3571,5
33.95,-118.01,5.0861,3
37.24,-121.81,4.5,2
38.87,-120.5,4.9583,2
37.52,-122.29,6.8787,2
34.09,-117.87,3.6484,1
36.32,-119.33,5.2561,3
37.35,-122.08,7.7068,2
38.45,-122.68,4.0139,5
37.82,-122.24,4.9306,2
35.52,-119.28,2.2321,4
38.01,-121.31,1.4274,5
33.57,-117.66,8.0082,3
37.34,-122.04,4.8836,2
37.8,-122.27,1.2434,5
33.14,-117.05,2.25,1
33.43,-117.62,2.7545,1
34.39,-119.51,3.233,4
32.81,-117.25,3.9187,1
37.45,-122.16,2.1406,5
33.74,-116.95,2.7083,1
32.75,-117.13,2.5872,1
34.18,-117.99,6.5254,3
38.01,-121.29,3.75,5
34.58,-118.08,3.0101,1
34.03,-118.47,3.3889,1
32.77,-115.52,2.2417,1
37.73,-122.47,10.7309,0
34.11,-117.25,2.7473,1
33.79,-118.31,3.3958,1
37.75,-122.42,2.1971,5
34.27,-118.75,5.1698,3
37.95,-120.35,2.4,5
33.69,-117.79,8.7385,0
36.42,-121.32,3.0437,4
34.13,-117.42,4.8283,3
34.17,-118.37,3.2596,1
37.79,-122.22,2.6042,5
37.35,-122.2,13.2986,0
37.25,-121.83,3.1932,5
34.02,-118.48,2.2917,1
34.09,-117.95,2.8375,1
33.96,-118.32,3.8512,1
37.36,-121.85,3.7198,5
34.1,-118.2,2.07,1
37.54,-122.31,4.163,2
39.12,-121.52,4.125,5
37.78,-121.04,2.5643,5
33.96,-118.31,1.528,1
34.17,-118.83,8.1397,0
37.65,-120.76,2.0385,5
33.86,-118.36,5.2799,3
37.95,-122.34,3.6719,5
37.38,-122.08,5.0796,2
34.12,-117.31,1.1667,1
33.77,-118.09,1.7208,1
32.78,-116.97,2.9784,1
36.31,-119.68,2.9936,4
37.77,-122.25,3.0161,5
32.98,-117.27,5.2742,3
33.85,-117.28,2.3229,1
33.74,-118.3,2.9386,1
34.03,-118.5,7.7572,3
34.02,-117.8,5.0869,3
34.86,-120.41,4.375,4
34.06,-117.75,1.9762,1
34.87,-117.03,3.9464,1
34.63,-120.46,2.9271,4
33.8,-118.32,3.1275,1
33.85,-118.36,4.8906,3
34.25,-118.27,4.4485,3
34.21,-118.39,2.6667,1
34.16,-118.28,2.9491,1
37.5,-120.82,4.4886,2
34.19,-118.16,4.25,3
37.87,-122.08,2.9167,5
34.2,-118.88,7.3409,3
39.43,-121.22,1.7,5
37.73,-122.39,4.3393,2
37.5,-122.47,4.875,2
33.99,-118.44,5.9641,3
33.14,-117.06,3.8185,1
38.58,-120.88,4.0827,5
33.7,-117.99,4.0345,1
34.61,-120.2,3.8582,4
33.66,-117.22,3.125,1
38.67,-121.38,2.3958,5
33.96,-118.21,1.2826,1
33.78,-118.28,3.2115,1
38.0,-122.3,4.4394,2
37.78,-122.49,3.2028,5
38.04,-121.35,5.5842,2
34.11,-118.04,7.1885,3
37.7,-121.86,6.6827,2
32.8,-116.96,2.065,1
33.81,-118.04,5.6846,3
39.24,-120.07,4.962,2
35.61,-118.48,1.6236,4
34.1,-117.67,4.3438,3
34.83,-116.96,1.6667,1
37.37,-122.05,3.4028,5
34.44,-119.81,4.6806,3
33.55,-117.67,3.7609,1
35.41,-118.98,3.875,4
34.69,-118.14,2.1167,1
38.73,-122.62,2.1474,5
37.87,-121.23,3.65,5
34.04,-118.04,3.5,1
32.73,-117.12,3.4151,1
40.42,-120.66,2.5074,5
38.68,-121.2,3.4896,5
38.77,-121.14,6.4789,2
38.9,-121.28,2.7656,5
32.79,-117.24,4.1652,3
33.9,-118.11,4.4896,3
34.14,-118.83,6.4001,3
36.61,-119.52,1.8958,4
33.93,-117.42,3.1795,1
37.53,-122.26,6.2007,2
34.03,-118.36,2.1324,1
36.77,-119.69,2.6875,4
38.02,-121.29,2.5437,5
33.67,-117.95,8.289,0
38.3,-122.69,3.3827,5
34.69,-118.14,3.2699,1
33.83,-118.18,4.1301,3
32.64,-117.08,1.9241,1
34.64,-120.45,2.0865,4
34.4,-119.29,4.2656,3
33.92,-118.23,1.2222,1
37.26,-121.89,5.5,2
38.63,-121.43,1.6641,5
36.32,-119.35,3.8235,4
33.93,-118.04,4.3849,3
34.13,-117.33,2.2449,1
35.29,-120.68,3.25,4
33.98,-118.29,1.4042,1
36.68,-119.41,3.4044,4
37.73,-122.27,3.2689,5
37.98,-122.01,3.5179,5
34.08,-117.68,3.3482,1
37.34,-120.07,1.75,4
39.2,-120.1,3.087,5
32.57,-117.05,4.7337,3
33.61,-117.72,2.49,1
34.0,-118.44,3.1579,1
37.68,-121.75,5.2443,2
34.02,-118.21,2.6875,1
38.7,-121.27,4.6488,2
33.97,-118.07,3.1554,1
36.68,-119.8,2.1691,4
39.71,-121.71,3.0660000000000003,5
36.68,-121.79,3.0608,5
33.86,-117.97,3.6471,1
37.77,-122.17,3.3958,5
37.74,-122.48,3.9236,5
40.47,-122.43,2.1496,5
34.17,-118.62,3.0404,1
36.37,-121.66,6.1668,2
34.18,-118.39,3.3906,1
33.88,-117.97,5.0731,3
32.8,-115.48,2.6172,1
36.39,-119.27,4.3281,4
38.59,-121.38,3.2596,5
32.64,-117.11,1.858,1
38.04,-121.3,4.0156,5
35.42,-119.02,2.2727,4
34.1,-118.75,4.5333,3
37.55,-122.33,9.3694,2
37.76,-122.54,3.96,5
36.57,-119.97,2.0313,4
34.19,-118.39,2.9982,1
34.1,-117.37,1.6977,1
38.38,-121.94,1.0208,5
37.75,-122.12,7.6923,2
34.01,-118.07,3.7986,1
37.33,-122.07,8.0158,2
32.8,-117.08,3.625,1
36.77,-119.74,2.5737,4
40.57,-122.23,5.1585,2
33.97,-118.19,1.7562,1
37.99,-121.83,5.6779,2
34.09,-117.91,3.0441,1
33.78,-117.95,2.9726,1
37.94,-122.12,10.4549,0
36.07,-119.0,2.9815,4
36.96,-122.03,2.5067,5
37.11,-119.28,3.0729,4
35.1,-120.6,2.6875,4
32.83,-117.22,3.7841,1
39.16,-123.22,2.631,5
33.94,-118.24,1.7212,1
37.65,-121.0,0.6825,5
33.99,-118.37,8.6718,0
35.27,-119.5,3.0742,4
38.31,-122.26,5.2444,2
33.77,-118.19,1.2321,1
34.63,-118.09,1.9722,1
34.2,-116.06,1.3371,1
34.07,-118.44,8.9565,0
34.19,-118.58,3.3125,1
32.8,-117.12,3.8719,1
34.13,-118.22,2.7098,1
37.66,-121.87,2.4896,5
33.98,-118.22,1.2059,1
33.09,-116.58,3.0089,1
34.87,-120.45,7.5696,0
36.58,-121.67,6.1551,2
34.04,-117.05,2.29,1
34.0,-118.33,2.2054,1
37.3,-121.88,4.325,2
33.72,-117.89,4.65,3
34.13,-117.66,6.3842,3
37.25,-121.93,4.69,2
37.32,-121.86,4.3621,2
34.0,-117.37,2.4306,1
37.35,-121.86,2.5551,5
38.69,-120.99,4.1163,5
34.07,-118.35,4.1328,3
33.88,-117.89,5.3836,3
37.53,-121.94,5.761,2
33.98,-118.22,2.0357,1
33.86,-118.1,4.3397,3
32.98,-117.13,6.4321,3
41.31,-122.32,1.1915,5
33.83,-118.26,4.4539,3
33.92,-117.94,3.0588,1
37.38,-122.12,8.4709,2
33.73,-117.93,3.9816,1
34.51,-117.21,5.086,3
38.24,-122.64,2.5202,5
37.68,-122.12,4.38,2
34.02,-118.17,1.7813,1
33.78,-118.19,1.5844,1
37.37,-122.03,3.0047,5
37.75,-122.41,3.4063,5
32.7,-117.02,4.1837,3
33.61,-117.91,11.216,0
34.6,-120.14,2.9479,4
36.96,-121.99,2.625,5
34.43,-119.72,2.6014,4
33.98,-118.24,1.75,1
33.78,-118.04,5.7705,3
37.98,-122.09,5.6875,2
34.23,-118.56,4.6944,3
34.69,-118.16,3.9028,1
34.02,-118.42,3.1746,1
38.55,-121.55,4.106,5
37.97,-121.35,3.1406,5
32.6,-117.08,2.2544,1
33.19,-117.11,5.0461,3
32.83,-117.22,5.7451,3
38.95,-119.95,2.02,5
33.79,-118.15,3.0453,1
37.63,-122.04,3.2331,5
34.03,-118.34,2.4444,1
37.68,-121.03,3.7857,5
33.79,-116.96,2.0135,1
40.71,-122.95,2.4792,5
39.15,-121.58,1.9122,5
33.45,-117.61,4.7237,3
34.45,-118.53,5.5981,3
33.01,-117.05,10.6186,0
34.06,-118.21,2.095,1
40.62,-124.18,3.0536,5
32.72,-117.12,3.37,1
33.9,-118.16,2.7339,1
32.69,-117.12,1.0658,1
37.81,-122.21,5.2402,2
36.73,-119.76,1.4419,4
39.51,-121.55,1.1607,5
33.87,-117.99,3.59,1
36.73,-119.71,5.2608,2
33.63,-117.93,4.6161,3
38.56,-121.42,1.3571,5
34.26,-118.43,3.2583,1
37.78,-120.85,3.3169,5
33.95,-118.02,4.2292,3
34.08,-118.36,3.3864,1
33.69,-117.81,2.4233,1
37.35,-122.06,8.0599,2
37.78,-122.19,5.2328,2
38.67,-121.3,4.8523,2
33.92,-118.37,4.8611,3
37.27,-121.83,4.5615,2
33.49,-116.6,2.1830000000000003,1
34.18,-118.83,6.3586,3
34.12,-118.58,6.4018,3
34.17,-119.14,2.7260000000000004,1
34.21,-118.47,2.9735,1
34.2,-115.85,1.3571,1
37.77,-122.45,3.575,5
39.13,-121.07,4.0848,5
34.12,-118.36,8.5136,0
37.77,-122.27,5.5337,2
33.87,-118.3,3.1597,1
39.15,-120.15,5.75,2
33.06,-117.16,5.8661,3
37.97,-122.52,2.75,5
34.04,-117.21,6.2917,3
33.13,-117.07,2.6152,1
33.89,-118.19,2.1071,1
34.4,-119.53,3.1389,4
33.2,-117.36,2.9539,1
38.77,-121.28,5.8718,2
34.16,-118.15,1.6921,1
33.77,-118.2,1.5076,1
38.52,-121.44,1.6521,5
35.34,-119.03,3.0486,4
37.8,-121.22,2.1186,5
34.1,-117.48,2.5833,1
33.12,-115.51,2.101,1
37.92,-122.52,5.8509,2
37.74,-122.15,2.2,5
37.44,-121.88,5.2722,2
34.05,-118.22,1.6122,1
40.55,-122.06,3.5189,5
38.99,-122.65,1.8571,5
34.13,-118.08,5.9546,3
37.94,-122.04,5.6292,2
34.14,-118.72,5.4032,3
37.35,-121.97,4.2273,2
40.18,-122.24,1.6483,5
32.76,-117.01,2.8594,1
33.84,-117.92,4.6111,3
34.1,-118.3,2.0672,1
34.09,-118.35,1.6081,1
34.08,-118.22,1.9704,1
33.88,-117.51,4.131,3
37.69,-122.46,3.4375,5
33.72,-117.29,2.817,1
33.88,-118.36,4.4271,3
34.02,-118.34,2.5156,1
37.69,-120.75,3.8214,5
34.52,-117.3,3.1635,1
33.95,-117.41,3.0542,1
37.72,-122.39,1.1125,5
34.06,-118.42,6.871,3
33.9,-118.03,3.7308,1
36.58,-119.45,3.7813,4
37.95,-122.32,2.5769,5
33.75,-117.92,3.3629,1
38.24,-122.62,6.204,2
33.77,-116.99,2.2925,1
34.16,-118.94,8.0428,0
37.74,-122.18,2.2467,5
39.82,-120.38,2.1667,5
38.01,-121.9,4.6628,2
34.22,-118.44,3.325,1
35.52,-120.69,2.925,4
35.3,-119.01,3.9054,4
33.99,-118.05,5.193,3
34.15,-118.42,4.3214,3
38.01,-121.32,2.6765,5
40.54,-122.37,3.6923,5
37.05,-120.82,1.933,4
33.97,-118.35,2.0694,1
36.21,-119.08,2.5156,4
33.71,-116.21,1.7083,1
34.02,-117.63,5.6168,3
37.56,-121.27,2.8558,5
37.25,-121.95,5.5127,2
34.58,-118.03,4.0729,3
37.83,-122.29,3.3929,5
38.42,-120.19,3.125,5
33.97,-118.26,1.5962,1
36.82,-119.69,4.81,4
32.77,-116.95,6.3191,3
36.75,-119.73,3.1719,4
37.91,-122.09,7.0895,2
33.85,-118.24,5.9684,3
37.81,-122.23,4.7708,2
32.93,-117.14,4.5086,3
37.86,-122.27,2.6071,5
34.12,-117.92,2.9459,1
38.51,-121.45,2.2245,5
34.01,-117.32,4.4063,3
37.74,-122.44,4.5375,2
37.94,-122.33,4.0526,5
37.75,-122.42,2.9052,5
33.14,-117.08,4.3846,3
34.01,-118.46,6.8901,3
33.94,-118.12,5.2485,3
34.03,-118.3,1.8564,1
32.75,-115.72,2.0938,1
37.35,-121.75,8.1871,2
33.81,-117.82,5.4395,3
34.09,-118.09,3.0125,1
38.56,-121.37,2.9464,5
33.74,-117.98,4.4261,3
38.48,-122.74,4.551,2
37.37,-121.86,3.3306,5
34.14,-117.89,3.3654,1
35.77,-119.25,1.6786,4
34.23,-118.42,5.6629,3
37.86,-120.35,2.3056,5
35.13,-119.46,2.1955,4
35.34,-119.08,10.5941,0
33.85,-118.03,4.0865,3
33.87,-118.4,6.3231,3
32.98,-117.04,6.0226,3
40.17,-122.72,1.3889,5
34.1,-118.33,1.3157,1
37.51,-122.26,5.3264,2
37.79,-122.42,2.5013,5
33.86,-118.14,4.2062,3
37.23,-121.8,6.7385,2
35.46,-120.66,4.5179,4
33.84,-118.16,4.1538,3
37.76,-122.47,3.3239,5
37.86,-122.14,4.5744,2
38.66,-121.37,2.3844,5
34.04,-118.17,1.9667,1
34.0,-118.46,3.6458,1
38.13,-121.3,5.0528,2
33.99,-118.35,3.2021,1
33.68,-117.96,6.0905,3
33.88,-118.4,7.5,3
37.26,-121.83,5.5849,2
38.06,-122.15,5.3661,2
37.3,-121.83,3.1964,5
38.0,-121.83,2.5495,5
33.92,-118.36,2.6667,1
34.17,-118.55,7.8392,3
41.09,-123.72,1.8208,5
38.63,-121.47,2.1889,5
40.81,-124.11,2.5536,5
36.29,-119.79,4.2917,4
38.34,-122.7,2.8261,5
34.04,-118.31,1.767,1
37.73,-122.49,5.6204,2
36.75,-119.74,2.9545,4
38.31,-122.42,4.7356,2
33.15,-117.07,3.2024,1
38.64,-121.39,3.6937,5
37.37,-121.84,2.3199,5
34.23,-119.14,2.5714,1
33.93,-118.01,4.4118,3
34.07,-117.69,3.7083,1
37.85,-121.64,4.4583,2
34.02,-117.71,3.6361,1
37.65,-122.06,3.8036,5
32.81,-117.17,4.739,3
37.34,-121.94,3.7321,5
33.67,-117.95,3.0417,1
34.07,-118.26,2.5227,1
34.17,-119.15,1.6038,1
33.23,-117.33,3.33,1
34.03,-118.29,2.0848,1
33.94,-117.94,4.5096,3
33.84,-118.34,5.269,3
37.29,-121.81,6.2907,2
34.48,-117.27,3.662,1
34.62,-118.02,2.1413,1
34.31,-118.42,3.9583,1
36.85,-119.88,7.5,2
37.72,-122.45,4.475,2
34.07,-118.24,1.6136,1
34.09,-117.96,3.4427,1
32.74,-117.13,2.6604,1
34.62,-120.08,4.6554,3
37.63,-122.06,3.3611,5
32.79,-116.97,2.6635,1
33.97,-118.32,2.7139,1
33.77,-117.23,2.0,1
38.07,-122.17,6.4599,2
32.9,-116.9,4.0806,1
38.99,-123.39,3.4063,5
34.44,-119.31,12.632,0
37.53,-120.88,5.3168,2
34.14,-117.29,2.425,1
35.6,-119.34,1.9362,4
34.03,-118.16,2.359,1
34.13,-118.14,5.1072,3
38.94,-122.62,2.3179,5
33.89,-118.32,4.5053,3
38.03,-121.3,2.505,5
33.53,-117.76,10.6349,0
32.72,-117.13,2.7083,1
33.76,-117.8,6.9014,3
38.54,-121.48,2.1975,5
34.43,-119.71,3.5213,4
33.79,-117.99,3.2857,1
34.33,-118.89,3.125,1
33.82,-118.27,4.3687,3
38.07,-121.25,3.0592,5
32.8,-117.23,2.4643,1
33.93,-117.96,3.776,1
37.96,-122.04,3.6964,5
34.02,-118.28,1.9375,1
38.57,-121.34,4.4602,2
37.75,-122.45,4.95,2
33.84,-118.15,7.6526,3
33.84,-116.53,2.5885,1
34.14,-118.24,1.9125,1
33.72,-117.99,5.5514,3
33.94,-118.24,0.9705,1
34.17,-118.15,1.0846,1
33.14,-117.11,3.4455,1
33.98,-118.46,3.8068,1
37.65,-122.09,4.3897,2
37.23,-121.81,6.3178,2
33.99,-118.2,1.9132,1
38.76,-121.77,2.8365,5
32.8,-115.57,1.1853,1
36.75,-119.81,1.7636,4
37.71,-121.93,4.2281,2
36.16,-120.37,3.0658,4
34.37,-118.55,6.776,3
37.94,-122.33,3.5848,5
38.56,-122.59,4.65,2
38.33,-122.3,4.1862,5
34.11,-118.33,3.0642,1
37.52,-122.21,2.7399,5
34.02,-117.58,5.2692,3
34.01,-118.29,1.1667,1
34.9,-120.43,4.1058,4
33.79,-118.3,3.0057,1
37.99,-121.29,1.5152,5
33.54,-117.67,4.8906,3
38.25,-122.63,3.7115,5
34.04,-118.34,2.5955,1
34.09,-118.27,3.7847,1
34.07,-117.38,4.9091,3
38.68,-121.26,5.2051,2
34.07,-118.45,1.3125,1
36.73,-119.8,1.7011,4
33.61,-116.48,2.9167,1
38.7,-121.28,3.0212,5
37.31,-121.91,3.6429,5
34.06,-117.38,3.3571,1
34.01,-118.28,2.3309,1
34.15,-118.83,4.2857,3
34.01,-117.68,3.2073,1
34.11,-118.17,3.6406,1
34.23,-118.5,4.5167,3
39.06,-121.55,2.25,5
33.84,-118.18,3.835,1
33.89,-118.41,7.2316,3
33.88,-118.21,3.225,1
33.85,-117.82,6.057,3
37.83,-122.16,7.52,2
37.57,-122.33,3.1111,5
33.88,-118.2,4.2083,3
34.03,-117.68,3.0396,1
34.11,-118.26,3.5673,1
34.11,-118.05,3.2596,1
39.18,-123.17,5.9585,2
33.89,-117.98,7.1425,3
32.8,-115.64,3.1667,1
34.07,-118.04,3.8125,1
34.05,-118.3,1.721,1
41.78,-124.19,1.6654,5
35.78,-119.23,2.1806,4
38.46,-122.76,4.5152,2
37.73,-121.06,4.9236,2
32.57,-117.06,1.3362,1
37.82,-121.89,13.2949,0
34.28,-118.42,4.125,3
34.32,-118.52,8.1248,0
33.78,-117.85,3.3939,1
37.91,-122.38,5.0524,2
34.08,-117.19,4.5938,3
32.87,-117.0,4.4904,3
34.16,-118.37,3.5051,1
40.26,-120.2,2.6765,5
33.76,-117.98,4.0194,1
34.03,-118.19,2.6964,1
33.82,-118.05,8.6123,0
33.79,-118.44,11.6648,0
36.23,-119.34,3.5611,4
37.84,-122.22,7.5,2
34.12,-117.84,4.8304,3
34.09,-117.32,2.375,1
33.23,-117.35,3.8958,1
34.06,-118.21,1.8781,1
34.03,-118.14,4.0625,3
37.63,-122.09,4.7019,2
34.18,-119.19,4.6186,3
34.93,-120.43,2.8649,4
33.71,-117.99,2.7614,1
33.91,-118.06,4.6731,3
33.62,-117.63,3.7139,1
38.58,-121.81,5.9629,2
36.58,-119.63,1.2647,4
33.46,-117.74,4.89,3
35.48,-120.56,5.0947,2
37.61,-122.03,4.0125,5
38.67,-121.25,4.2262,5
33.72,-117.97,5.4286,3
39.15,-121.66,3.4426,5
34.21,-118.8,6.2893,3
32.77,-117.08,6.1628,3
34.0,-116.91,5.5,3
34.15,-118.26,2.8884,1
36.75,-119.72,2.6611,4
37.64,-122.09,5.2838,2
33.91,-117.92,6.1825,3
34.04,-118.13,3.5833,1
33.04,-115.6,3.3472,1
38.22,-121.24,3.3929,5
37.76,-122.44,6.8939,2
34.18,-118.38,3.3125,1
35.39,-118.98,1.2618,4
40.68,-122.35,1.3801,5
32.74,-117.25,2.8007,1
36.3,-119.65,2.3466,4
33.9,-118.12,2.9375,1
34.13,-117.97,3.4375,1
36.4,-119.1,3.2159,4
34.1,-117.45,2.0308,1
33.84,-117.88,6.1168,3
37.38,-122.07,4.5644,2
34.26,-117.22,4.9716,3
34.07,-118.29,1.6406,1
38.36,-122.01,4.9583,2
36.82,-119.79,3.2143,4
34.04,-118.38,2.0437,1
36.83,-119.67,4.4356,4
34.91,-120.45,2.56,4
33.8,-117.99,3.3281,1
39.77,-121.59,2.3068,5
33.63,-117.92,3.5161,1
37.08,-122.25,2.5556,5
37.89,-122.26,6.381,2
37.53,-121.92,8.4045,2
37.48,-119.84,2.5,4
34.03,-118.45,4.0231,3
34.15,-118.25,2.8478,1
33.39,-117.25,2.375,1
37.3,-121.93,4.0653,2
33.97,-118.36,4.0179,3
38.71,-120.62,4.0197,5
33.78,-117.92,3.4837,1
34.14,-118.59,10.5511,0
34.22,-118.37,2.9028,1
37.21,-121.87,9.08,0
38.65,-121.45,2.6369,5
33.82,-118.0,3.1087,1
39.15,-122.2,3.125,5
36.8,-119.95,3.4297,4
38.24,-122.6,4.8603,2
34.38,-118.55,6.3002,3
36.91,-121.75,2.5599,5
34.05,-118.29,1.847,1
34.12,-117.73,6.2089,3
34.19,-118.14,4.73,3
33.89,-118.08,3.7321,1
33.92,-117.44,3.0437,1
33.98,-118.08,3.6033,1
39.13,-123.23,3.8958,5
33.5,-117.7,5.5677,3
37.0,-122.06,2.4732,5
34.74,-120.46,5.3765,3
32.75,-117.12,2.4394,1
37.56,-122.3,5.5184,2
33.89,-118.22,2.1211,1
37.81,-122.28,1.1111,5
38.42,-122.72,2.8036,5
33.15,-117.04,2.8247,1
34.67,-118.15,3.5732,1
33.85,-118.11,4.125,3
34.13,-117.85,4.3145,3
33.83,-117.98,3.3006,1
34.21,-118.35,3.75,1
34.01,-118.45,6.4755,3
38.28,-122.04,5.2527,2
33.82,-118.13,3.7321,1
38.36,-121.96,2.7434,5
34.07,-118.48,12.8665,0
34.26,-118.54,5.6912,3
33.93,-118.42,4.5743,3
38.89,-120.03,3.8333,5
36.3,-119.31,4.0221,4
37.79,-122.2,2.3036,5
33.55,-117.27,5.5351,3
37.29,-121.94,4.0962,2
33.87,-118.18,3.7527,1
37.98,-122.53,8.5759,2
34.28,-118.46,5.5931,3
32.68,-117.04,3.775,1
37.22,-121.87,8.0595,2
38.45,-122.72,3.1467,5
36.22,-119.36,1.9355,4
33.66,-117.69,8.2953,0
38.02,-121.92,5.102,2
33.89,-118.31,3.7639,1
37.82,-122.12,6.6657,2
34.05,-118.47,4.7009,3
37.25,-121.81,4.4565,2
33.93,-118.09,4.5306,3
36.83,-119.84,7.4201,2
36.61,-121.83,3.0542,5
35.28,-120.62,6.3144,2
36.07,-119.07,3.2042,4
38.67,-121.32,4.0417,5
32.83,-117.18,3.9265,1
37.27,-121.81,4.3438,2
33.97,-118.03,2.824,1
38.94,-120.72,3.7625,5
37.92,-122.31,2.5,5
36.43,-121.62,4.7891,2
38.5,-121.49,3.0313,5
38.65,-121.26,4.6484,2
34.07,-117.95,3.2083,1
36.2,-119.35,2.2264,4
34.03,-117.93,3.8581,1
34.1,-118.24,3.1691,1
38.62,-121.48,3.8272,5
35.65,-120.64,2.9926,4
38.01,-122.64,3.7321,5
34.09,-118.06,4.0625,3
34.07,-117.15,5.3526,3
33.31,-116.95,2.2393,1
34.12,-117.23,2.1071,1
33.76,-117.88,3.4345,1
37.58,-122.08,6.0074,2
33.95,-118.44,6.2551,3
34.14,-117.66,6.9418,3
32.71,-117.13,1.6953,1
38.23,-122.18,7.2589,2
34.12,-116.05,3.125,1
37.83,-122.25,3.0897,5
34.08,-118.38,2.945,1
32.76,-117.14,2.6777,1
33.85,-118.41,4.425,3
38.05,-121.25,3.5735,5
34.04,-118.44,0.536,1
34.59,-118.15,3.7344,1
33.64,-117.92,3.1305,1
34.08,-118.35,4.5833,3
34.63,-120.45,4.9286,3
40.88,-124.09,1.5326,5
38.58,-121.22,2.233,5
34.18,-116.02,4.3021,3
33.69,-117.77,2.1406,1
33.8,-118.06,4.8,3
34.1,-118.14,2.8919,1
33.78,-118.26,2.1311,1
37.88,-122.08,2.3971,5
37.32,-122.02,6.3923,2
36.09,-119.45,2.0313,4
34.21,-118.48,3.3864,1
32.7,-117.13,1.9509,1
34.42,-119.72,2.6983,4
33.63,-117.71,5.8399,3
33.89,-117.94,6.7528,3
37.94,-122.33,3.9417,5
37.8,-122.43,3.2235,5
38.24,-122.65,4.95,2
36.45,-119.86,2.4474,4
37.74,-122.41,3.2813,5
34.12,-118.08,5.5067,3
37.78,-122.45,3.6667,5
33.64,-117.19,3.235,1
33.86,-118.13,4.4,3
38.63,-121.32,3.0348,5
32.73,-117.23,7.5557,3
34.15,-118.0,4.275,3
35.38,-120.85,2.3075,4
33.77,-118.18,1.1295,1
33.9,-118.19,2.3214,1
36.52,-121.84,6.5234,2
34.09,-117.93,4.0167,1
33.71,-118.02,5.3886,3
34.24,-118.49,6.0965,3
34.05,-117.9,7.6286,3
34.06,-118.31,1.9038,1
32.87,-116.94,5.2614,3
37.76,-121.11,4.1833,2
34.06,-117.94,4.0333,1
37.32,-121.84,5.3363,2
37.35,-122.09,10.0259,0
34.4,-118.93,3.7092,1
33.89,-117.85,5.7457,3
38.63,-121.42,1.9412,5
34.17,-118.28,5.5658,3
33.81,-118.1,5.1993,3
34.13,-117.32,2.4524,1
35.72,-118.59,1.4205,4
38.76,-120.02,4.3333,5
34.06,-118.09,2.6094,1
33.93,-118.08,3.2188,1
38.81,-121.58,1.7857,5
33.8,-118.12,5.3701,3
38.03,-120.41,2.1289,5
34.17,-118.35,3.5583,1
38.42,-122.61,4.6957,2
34.4,-119.52,3.2125,4
37.24,-121.91,4.7279,2
33.96,-118.31,4.4861,3
33.99,-118.28,1.5109,1
34.12,-117.27,0.8658,1
32.78,-116.99,5.4333,3
34.07,-118.31,2.2653,1
34.1,-118.11,3.3801,1
37.7,-122.46,3.3214,5
37.78,-122.43,2.8202,5
33.73,-118.02,5.1384,3
36.79,-119.71,3.6681,4
33.81,-118.09,7.1937,3
33.84,-118.36,3.703,1
38.7,-121.26,4.3826,2
37.82,-122.28,1.4113,5
37.52,-122.31,7.7364,2
37.76,-122.18,1.8407,5
37.28,-121.89,4.1645,2
32.71,-117.07,2.5682,1
34.15,-117.28,3.1765,1
34.08,-118.2,2.4375,1
38.44,-122.73,3.875,5
33.69,-116.37,7.8005,3
33.6,-117.69,3.475,1
33.46,-117.66,5.1024,3
33.93,-118.24,0.8984,1
33.49,-117.68,2.8357,1
37.93,-121.29,2.551,5
32.75,-117.08,1.5029,1
33.9,-117.96,6.5635,3
38.25,-122.01,3.8583,5
40.45,-122.24,3.5978,5
37.57,-122.35,4.97,2
34.15,-118.03,4.1797,3
33.97,-118.0,6.0663,3
34.08,-117.18,3.2105,1
34.2,-118.5,2.2304,1
34.17,-119.17,4.2137,3
38.65,-121.35,3.2243,5
33.77,-117.96,4.1321,3
33.9,-117.98,4.8264,3
37.47,-122.25,5.9062,2
34.12,-118.22,3.0919,1
37.69,-122.14,4.4659,2
39.11,-122.89,2.2551,5
37.36,-122.09,5.0222,2
33.91,-118.32,4.2,3
38.31,-122.28,1.76,5
38.5,-121.45,2.7101,5
33.83,-118.03,3.175,1
34.1,-117.87,3.875,1
34.05,-117.97,3.6563,1
33.02,-117.15,7.2731,3
33.97,-118.16,2.3929,1
37.45,-122.19,5.1032,2
34.03,-117.96,3.9803,1
37.37,-122.11,7.2045,2
33.73,-116.96,3.069,1
33.93,-117.5,4.3723,3
34.2,-118.5,3.915,1
34.05,-117.95,3.494,1
34.09,-118.29,2.0132,1
33.88,-118.29,2.9063,1
32.74,-117.23,4.6354,3
33.87,-118.12,3.0405,1
34.1,-118.19,3.2121,1
38.48,-122.68,5.3409,2
36.35,-119.41,2.2222,4
37.8,-121.21,2.6053,5
33.94,-118.08,2.4926,1
34.01,-118.25,1.2396,1
36.92,-121.74,3.1062,5
33.85,-117.78,7.2554,3
37.59,-120.98,4.6484,2
34.03,-118.31,2.1173,1
34.06,-118.29,1.5954,1
37.4,-120.94,3.0,5
37.35,-121.8,5.614,2
33.88,-117.92,5.3649,3
33.99,-118.1,2.7202,1
33.84,-118.1,4.5417,3
39.13,-123.2,1.375,5
34.0,-118.08,0.9817,1
34.07,-118.09,2.3424,1
38.61,-121.29,3.9727,5
37.77,-122.41,2.6083,5
34.08,-118.35,4.6838,3
33.79,-117.23,2.2969,1
33.95,-118.03,3.6509,1
39.3,-122.51,1.7463,5
33.68,-118.0,6.4858,3
33.02,-117.27,4.7179,3
40.17,-122.23,2.225,5
38.44,-122.69,3.8583,5
39.2,-121.05,2.3125,5
34.02,-118.29,2.087,1
33.89,-118.41,6.348,3
33.92,-118.35,3.6167,1
34.43,-119.88,3.3026,4
33.86,-117.97,3.5855,1
34.08,-118.37,6.0338,3
37.43,-122.21,5.7211,2
33.59,-117.66,7.5791,3
35.32,-120.84,3.526,4
32.85,-117.26,5.3787,3
34.01,-118.13,3.1538,1
32.79,-117.25,3.6429,1
34.28,-118.4,2.6652,1
39.25,-121.2,4.3523,5
34.27,-119.26,3.7337,1
34.0,-118.28,2.1607,1
34.02,-118.19,2.3575,1
37.45,-122.26,5.9285,2
33.87,-116.54,1.9167,1
36.72,-119.73,0.6991,4
34.08,-117.73,2.9063,1
33.19,-117.26,4.2361,3
34.11,-117.39,4.9444,3
34.03,-118.34,1.3444,1
33.74,-117.87,3.415,1
34.24,-118.43,4.0057,3
37.44,-121.85,7.309,2
32.84,-117.01,3.1023,1
34.1,-117.72,5.5,3
36.6,-121.86,2.9085,5
37.21,-121.84,8.3792,2
38.62,-121.4,2.2292,5
32.97,-117.05,5.5882,3
33.79,-118.11,5.7942,3
37.9,-122.27,7.9556,2
37.74,-122.16,2.0227,5
33.86,-118.35,4.3859,3
33.99,-118.22,2.7708,1
33.62,-117.66,6.2177,3
37.26,-121.96,1.8542,5
34.01,-117.01,4.7193,3
33.99,-118.09,3.692,1
34.0,-118.04,5.1985,3
34.11,-118.19,2.1667,1
34.35,-119.09,4.0122,3
34.11,-117.3,2.6771,1
33.94,-118.34,2.182,1
36.8,-119.99,3.2813,4
37.67,-121.77,5.7907,2
33.99,-118.26,1.5521,1
38.46,-122.75,2.6384,5
37.84,-122.25,3.6912,5
33.92,-117.89,3.8333,1
37.4,-122.08,5.806,2
34.03,-118.37,3.3636,1
35.29,-120.65,3.1818,4
34.22,-118.25,3.8068,1
38.56,-121.39,4.3644,2
39.14,-121.67,3.6111,5
37.86,-122.03,7.2655,2
34.43,-119.59,4.2059,3
32.79,-114.65,0.8571,1
34.01,-117.73,4.125,3
34.05,-118.42,4.8304,3
33.98,-118.2,2.1522,1
32.68,-117.1,2.0156,1
34.05,-117.74,2.625,1
34.04,-118.29,2.1542,1
34.0,-118.28,2.3403,1
37.78,-122.29,1.9427,5
33.93,-118.22,2.1964,1
38.24,-122.67,5.0544,2
34.19,-118.42,3.338,1
34.06,-117.28,5.1365,3
37.97,-122.59,4.5625,2
37.69,-122.15,3.6625,5
33.8,-117.82,4.0484,1
33.76,-117.84,3.6806,1
38.02,-121.95,2.1013,5
34.06,-117.64,1.7292,1
33.92,-118.02,3.2222,1
33.83,-118.38,4.4615,3
38.35,-122.5,3.075,5
38.9,-122.48,2.1964,5
33.84,-118.19,2.25,1
39.18,-120.87,3.9196,5
37.34,-120.48,4.67,2
36.21,-119.09,1.9861,4
37.9,-120.28,2.1538,5
33.75,-118.3,3.5056,1
40.15,-122.25,2.4375,5
37.27,-121.9,5.0714,2
34.1,-117.89,3.8304,1
37.77,-122.42,2.879,5
33.89,-117.97,10.2252,0
34.54,-117.32,3.125,1
33.74,-117.8,6.5616,3
34.01,-118.27,1.8652,1
41.75,-124.23,2.4805,5
38.67,-121.32,3.1382,5
34.33,-118.68,2.9821,1
36.75,-119.76,1.8641,4
37.8,-121.21,2.7443,5
34.1,-117.45,2.7827,1
33.98,-118.32,3.2344,1
34.77,-119.72,2.4583,4
37.61,-122.05,2.8971,5
37.87,-122.05,6.7192,2
37.97,-120.67,2.6528,5
37.85,-122.28,1.73,5
32.82,-117.08,5.9734,3
33.87,-117.96,3.141,1
34.06,-118.06,1.9189,1
37.65,-120.95,2.2279,5
33.89,-117.92,5.4716,3
37.2,-120.64,2.0066,4
38.36,-121.2,3.8897,5
34.19,-118.38,2.4375,1
34.26,-119.29,3.6007,1
34.05,-118.35,3.6435,1
39.2,-120.15,4.1016,5
33.14,-117.13,4.8526,3
34.06,-118.45,2.2444,1
38.33,-122.82,3.9917,5
34.2,-118.21,6.3794,3
37.92,-122.33,2.2301,5
36.33,-119.36,2.9844,4
34.86,-118.17,2.7361,1
38.03,-121.9,2.0034,5
34.09,-118.33,3.6953,1
33.92,-118.24,2.2411,1
33.86,-118.32,6.4391,3
34.33,-119.11,3.5541,1
37.16,-120.41,2.0809,4
34.9,-117.02,1.6515,1
37.34,-121.98,4.9562,2
38.29,-122.46,2.364,5
34.02,-117.98,4.4653,3
37.32,-121.93,4.2614,2
34.24,-116.86,3.1324,1
37.73,-121.94,6.2726,2
33.69,-117.99,1.6705,1
33.72,-118.06,5.7704,3
33.92,-118.03,3.6731,1
40.8,-124.16,1.7308,5
34.88,-120.44,6.7694,3
33.28,-117.17,5.1786,3
34.13,-118.1,12.4237,0
34.02,-118.31,2.45,1
34.09,-118.13,3.0078,1
34.08,-118.31,1.7542,1
34.0,-118.51,2.3098,1
34.04,-118.46,3.0069,1
37.98,-122.56,4.8056,2
34.05,-118.36,4.0625,3
33.82,-117.97,2.9891,1
36.93,-122.0,3.1932,5
39.75,-121.86,3.5046,5
39.51,-121.56,1.6352,5
36.07,-119.04,1.5893,4
33.83,-118.28,4.5469,3
33.85,-117.93,2.9474,1
34.06,-118.21,2.3611,1
33.94,-118.31,2.2448,1
33.98,-118.46,3.8935,1
38.43,-122.7,1.6685,5
37.46,-122.23,5.6629,2
36.76,-120.38,1.4038,4
34.09,-118.37,2.8942,1
34.1,-118.22,4.1213,3
34.19,-118.87,5.5224,3
37.68,-122.48,5.5647,2
34.4,-114.47,1.82,1
32.91,-117.16,6.0891,3
34.03,-118.18,2.9167,1
37.69,-122.11,3.4643,5
37.34,-121.84,4.0929,2
34.3,-119.15,2.98,1
32.7,-117.07,4.1645,3
33.79,-118.36,8.3609,0
32.75,-117.25,1.7622,1
33.81,-117.22,3.4237,1
34.13,-117.3,1.4531,1
35.36,-119.08,4.5791,3
32.97,-117.13,6.4696,3
33.51,-117.71,6.379,3
33.75,-118.29,2.5795,1
34.36,-119.06,2.4185,1
34.27,-118.42,1.4867,1
33.88,-117.44,6.8089,3
33.96,-118.17,2.2817,1
36.78,-119.74,2.2467,4
33.95,-118.31,3.2708,1
33.98,-118.31,3.5982,1
37.34,-121.99,5.273,2
37.35,-121.9,2.7411,5
37.72,-122.46,3.0703,5
38.4,-122.62,6.5261,2
32.92,-117.14,3.2151,1
35.33,-119.12,5.1036,3
38.11,-122.24,2.3241,5
34.1,-117.72,2.4952,1
33.83,-118.02,3.1497,1
37.67,-122.11,3.8,5
33.9,-118.23,1.641,1
33.9,-118.21,1.9583,1
37.89,-122.28,4.5893,2
33.75,-117.97,3.75,1
34.16,-118.26,3.1733,1
34.43,-119.72,2.3454,4
39.09,-122.9,1.9141,5
33.71,-118.39,7.5594,3
37.9,-122.26,7.8336,2
33.79,-117.99,4.5263,3
36.62,-121.92,4.3281,2
33.19,-117.37,1.8214,1
37.94,-121.28,1.8814,5
36.76,-119.8,1.6429,4
33.78,-117.18,1.3417,1
34.26,-118.3,3.5568,1
34.19,-118.22,4.9297,3
33.7,-117.79,4.4286,3
34.71,-120.45,6.4678,3
34.2,-118.55,3.5313,1
34.07,-117.4,2.066,1
33.96,-118.44,5.6435,3
33.86,-118.14,4.8571,3
34.02,-118.41,3.0965,1
32.78,-115.56,4.6154,3
34.01,-118.34,1.7945,1
34.18,-118.63,6.7977,3
36.58,-119.49,1.9913,4
33.94,-117.41,3.25,1
34.08,-118.12,3.1583,1
37.28,-122.01,9.1569,0
37.6,-122.03,4.5721,2
38.02,-121.35,2.8403,5
34.16,-118.35,4.2212,3
38.46,-122.69,5.0,2
34.06,-118.29,2.0185,1
38.0,-121.31,3.9792,5
37.4,-120.69,3.5167,5
37.1,-119.85,3.375,4
36.62,-121.92,3.4327,5
36.13,-120.36,3.0134,4
33.96,-117.38,3.4491,1
33.96,-118.24,2.1078,1
35.39,-118.96,3.1297,4
32.76,-117.12,2.4297,1
34.16,-118.33,3.7941,1
34.09,-118.16,2.1696,1
36.19,-120.09,1.4191,4
33.48,-117.65,5.4188,3
33.84,-117.97,5.25,3
34.12,-117.65,6.2083,3
36.97,-122.04,5.1806,2
34.08,-117.65,3.375,1
33.78,-117.95,3.7303,1
37.57,-120.02,2.7188,4
38.25,-122.68,3.8269,5
34.01,-118.14,2.25,1
34.07,-117.68,1.7806,1
34.26,-118.45,4.175,3
38.0,-122.28,3.4471,5
37.64,-120.98,2.1458,5
33.8,-118.18,3.0513,1
32.87,-116.86,5.0524,3
37.53,-122.31,4.6125,2
41.35,-120.51,2.5074,5
34.14,-117.34,2.225,1
38.71,-122.64,2.625,5
33.95,-117.75,7.5839,3
37.99,-121.28,2.8854,5
38.64,-121.41,2.3214,5
35.79,-119.1,1.8144,4
37.55,-122.31,3.25,5
33.94,-118.24,1.2679,1
33.89,-118.09,3.6875,1
34.09,-117.48,3.6394,1
37.58,-122.36,4.0987,2
39.73,-121.84,1.5481,5
37.25,-121.97,6.131,2
37.29,-119.6,2.625,4
38.58,-121.0,5.3344,2
39.52,-121.56,1.7308,5
38.46,-122.7,5.0415,2
34.14,-117.86,3.1905,1
33.76,-118.1,5.6051,3
32.71,-117.11,1.1818,1
33.95,-118.25,1.0375,1
32.75,-117.11,1.7696,1
34.44,-119.71,4.1316,3
33.77,-118.12,10.2233,0
34.17,-118.85,4.5625,3
38.73,-122.0,3.875,5
37.52,-122.3,5.5902,2
34.07,-118.19,3.0241,1
34.1,-118.11,3.3229,1
33.85,-118.17,3.07,1
33.94,-118.0,3.9543,1
33.99,-118.06,4.5478,3
32.91,-117.08,6.5853,3
34.12,-118.19,4.2344,3
37.56,-122.01,4.4259,2
38.05,-121.3,1.15,5
37.76,-122.45,3.5744,5
35.55,-119.36,2.7,4
37.62,-121.05,3.4125,5
32.82,-117.17,3.1146,1
33.24,-117.29,3.1875,1
36.65,-120.25,2.4937,4
33.2,-117.29,2.4754,1
34.27,-119.28,4.6667,3
34.03,-118.33,1.7377,1
38.32,-122.29,2.7667,5
37.34,-121.89,0.8894,5
37.53,-122.31,5.9539,2
34.46,-119.23,3.2026,1
37.59,-122.03,4.6786,2
33.77,-117.89,3.9219,1
38.33,-121.1,4.1974,5
34.12,-117.47,4.1797,3
33.72,-117.87,3.8421,1
34.06,-118.22,2.2344,1
33.8,-118.11,4.3897,3
34.16,-118.13,2.4817,1
33.9,-117.46,3.3187,1
36.71,-119.56,2.181,4
34.04,-118.32,2.0259,1
34.0,-116.57,3.5208,1
38.55,-122.82,3.8616,5
33.84,-118.35,3.5414,1
33.53,-117.8,4.1591,3
37.41,-122.1,5.4721,2
34.1,-117.71,1.875,1
37.57,-122.33,3.4333,5
38.44,-122.68,2.9107,5
34.14,-118.24,2.4421,1
34.02,-118.18,3.0972,1
33.96,-118.14,2.1731,1
38.57,-121.5,1.0114,5
33.91,-118.2,2.8793,1
33.81,-118.21,3.6923,1
37.64,-122.11,5.2312,2
33.76,-116.95,1.7079,1
37.94,-122.07,3.5057,5
33.6,-117.87,6.6155,3
37.8,-121.22,1.6111,5
35.24,-118.99,2.35,4
37.29,-122.01,7.5,2
33.84,-117.87,5.3812,3
34.15,-118.57,10.9201,0
33.92,-118.16,3.5938,1
38.62,-121.32,2.6897,5
34.16,-118.45,3.7105,1
38.23,-122.64,3.3011,5
38.91,-120.02,2.2056,5
34.0,-118.45,4.7,3
37.74,-122.25,4.4562,2
37.93,-122.31,5.3433,2
39.93,-122.18,2.1759,5
39.16,-121.65,2.3963,5
39.01,-121.47,2.3661,5
34.11,-117.89,4.5221,3
35.32,-119.08,5.0012,3
34.95,-120.42,3.1078,4
33.49,-117.68,6.3568,3
37.79,-122.24,3.375,5
37.69,-122.12,2.3973,5
34.19,-118.86,6.1949,3
37.55,-122.27,8.1221,2
38.58,-121.45,3.4914,5
37.76,-122.18,3.9063,5
34.28,-118.42,3.2865,1
40.59,-122.42,2.6792,5
39.74,-121.88,1.6785,5
32.8,-117.23,3.0293,1
33.64,-117.87,10.2849,0
34.25,-118.41,2.6429,1
34.71,-120.47,5.6177,3
33.66,-117.83,7.9217,3
37.08,-122.14,5.2101,2
33.79,-118.17,2.375,1
33.93,-118.09,4.1449,3
33.77,-117.95,4.1917,3
34.06,-118.3,1.8214,1
38.65,-121.29,3.8816,5
34.09,-118.6,7.6091,3
33.86,-118.15,2.4659,1
33.79,-118.27,3.3929,1
34.44,-118.53,5.1163,3
33.98,-118.09,3.1607,1
37.8,-122.41,5.8660000000000005,2
35.74,-120.47,3.7303,4
40.32,-122.34,2.6352,5
34.17,-118.32,2.9306,1
33.54,-117.77,4.1699,3
33.82,-118.36,6.1359,3
34.26,-118.41,2.5313,1
32.84,-117.2,3.2583,1
32.72,-117.24,6.6013,3
37.28,-122.02,9.3464,0
34.04,-118.09,6.4385,3
34.65,-120.45,3.3203,4
36.55,-119.38,3.017,4
38.63,-121.39,3.8068,5
33.85,-118.18,3.975,1
34.45,-118.5,6.0097,3
34.06,-118.24,1.7395,1
33.79,-117.92,2.8622,1
34.05,-118.39,5.7509,3
38.16,-120.88,4.0109,5
34.07,-117.43,2.3768,1
34.19,-118.64,4.4167,3
34.24,-118.26,4.4821,3
34.94,-116.96,3.9934,1
34.86,-120.45,2.2791,4
35.37,-118.94,1.8523,4
33.98,-117.43,4.2589,3
32.7,-117.03,2.2866,1
35.35,-119.06,2.575,4
32.76,-117.06,1.7452,1
36.83,-119.85,6.7181,2
38.16,-121.16,2.4906,5
33.8,-118.26,3.1779,1
40.76,-124.17,2.8056,5
33.05,-116.56,4.125,1
37.01,-120.77,3.125,4
33.96,-118.42,5.0714,3
37.24,-121.94,5.5944,2
38.67,-121.36,2.2339,5
33.72,-117.28,2.1667,1
34.01,-117.9,3.9702,1
34.05,-118.21,2.52,1
39.52,-121.49,3.9028,5
37.0,-121.97,4.8269,2
33.01,-117.05,4.625,3
36.62,-121.83,3.5,5
37.62,-120.99,1.5515,5
33.96,-118.24,1.7396,1
33.89,-117.86,6.9612,3
34.04,-118.16,1.5078,1
37.65,-121.0,2.5089,5
32.83,-117.19,4.3317,3
34.03,-118.41,3.6019,1
36.73,-119.73,2.2437,4
36.83,-121.4,3.067,5
39.12,-120.96,2.5326,5
38.03,-121.3,3.1471,5
37.19,-119.68,2.8167,4
32.76,-117.12,2.5991,1
35.28,-120.65,2.5455,4
32.86,-117.25,12.4429,0
32.7,-117.11,1.7402,1
34.17,-118.11,4.99,3
33.79,-118.18,1.6384,1
33.82,-118.1,5.2155,3
37.92,-122.36,1.3929,5
34.05,-118.38,4.2404,3
33.84,-117.9,3.5329,1
36.59,-119.4,3.5074,4
34.17,-118.29,2.3482,1
37.43,-122.15,5.0203,2
38.79,-123.01,3.2546,5
33.88,-118.33,3.2417,1
37.41,-122.09,4.2463,2
37.97,-122.35,3.2188,5
35.36,-119.05,3.6548,4
33.7,-117.94,6.1181,3
33.93,-118.31,5.5787,3
36.73,-119.81,2.101,4
34.05,-118.03,3.5129,1
32.69,-117.1,1.2413,1
35.42,-119.03,1.6286,4
37.49,-122.28,6.5475,2
37.79,-122.43,3.4375,5
38.12,-122.24,4.2902,2
33.78,-118.03,5.1061,3
37.97,-122.62,7.7006,2
32.82,-116.93,4.2586,3
38.74,-121.3,2.3611,5
38.7,-121.06,6.314,2
37.77,-122.22,2.59,5
33.91,-118.1,3.2708,1
38.43,-122.91,4.6705,2
33.85,-118.1,5.2639,3
36.81,-119.71,1.7969,4
34.07,-118.26,2.0214,1
38.6,-121.44,2.8231,5
33.66,-117.97,2.8061,1
37.78,-122.23,1.9338,5
36.3,-119.2,1.3444,4
33.99,-118.25,2.1793,1
34.14,-118.23,2.6268,1
37.3,-122.08,7.0813,2
34.22,-117.21,5.0,3
33.96,-118.25,2.3864,1
34.19,-118.33,3.7344,1
37.59,-122.01,2.875,5
34.43,-117.31,1.6784,1
32.96,-117.13,6.712000000000001,3
34.05,-118.38,4.4191,3
37.47,-122.2,4.2083,2
38.02,-120.43,3.6875,5
37.91,-122.18,10.9405,0
33.85,-118.04,5.6094,3
36.22,-119.08,3.0324,4
37.33,-121.85,2.6,5
34.22,-118.21,9.2463,0
34.9,-117.06,1.4318,1
37.4,-122.11,4.1875,2
34.34,-119.08,2.7593,1
38.96,-122.63,2.3083,5
37.4,-122.0,2.9706,5
33.85,-118.15,4.1439,3
36.75,-119.77,1.5227,4
37.69,-122.13,3.395,5
34.13,-117.31,2.2865,1
34.19,-118.38,2.7379,1
33.97,-118.41,6.2022,3
33.92,-118.24,3.2768,1
39.42,-123.32,2.3906,5
34.12,-118.15,6.0199,3
37.99,-121.83,4.9167,2
33.71,-118.02,5.8623,3
37.79,-122.43,2.7165,5
33.86,-117.93,3.3438,1
37.25,-121.96,4.5156,2
33.86,-117.98,4.1287,3
37.77,-122.49,3.7036,5
34.24,-118.44,4.095,3
34.28,-117.36,4.2386,3
32.76,-115.39,6.2558,3
33.81,-117.99,2.4526,1
38.0,-121.33,3.2889,5
36.42,-121.91,3.7083,5
33.73,-117.9,3.7147,1
33.63,-117.95,3.9917,1
37.63,-120.94,1.425,5
38.34,-122.31,4.5293,2
37.96,-121.27,1.425,5
39.76,-121.89,3.07,5
37.33,-121.03,3.06,5
38.06,-122.32,5.0969,2
34.17,-118.02,9.4667,0
33.89,-118.21,3.4792,1
32.67,-117.11,1.6806,1
37.34,-122.05,7.7865,2
33.72,-116.37,3.312,1
33.81,-118.36,4.5592,3
38.4,-122.65,6.8586,2
34.43,-119.7,2.375,4
37.73,-122.41,3.7835,5
37.44,-121.91,5.0362,2
37.79,-122.23,2.293,5
38.53,-121.4,0.9274,5
33.95,-117.95,6.8189,3
37.85,-122.27,1.3785,5
34.91,-120.6,2.1094,4
34.29,-119.3,2.6333,1
34.05,-116.98,7.2708,3
33.79,-118.2,2.9514,1
32.72,-116.98,4.6667,3
34.02,-118.35,1.5143,1
36.5,-121.73,5.6383,2
33.77,-117.89,4.1951,3
38.23,-122.63,4.0703,5
32.75,-117.14,1.0353,1
39.05,-120.94,3.1972,5
36.53,-119.56,3.2019,4
37.66,-120.99,1.933,5
33.04,-117.28,3.5179,1
38.53,-121.28,3.1042,5
33.97,-118.36,2.6823,1
37.66,-120.98,2.6346,5
34.09,-117.92,5.0123,3
34.25,-118.57,8.7471,0
34.17,-118.32,4.0648,3
38.48,-121.45,2.9571,5
34.87,-117.06,3.5987,1
37.9,-122.3,4.5824,2
34.13,-118.1,15.0001,0
34.07,-118.49,13.5728,0
33.2,-117.27,4.2054,3
32.81,-115.37,2.3594,1
36.72,-119.76,2.875,4
40.79,-124.15,3.0216,5
33.85,-118.1,4.6429,3
37.95,-121.32,1.7885,5
38.14,-121.27,2.2883,5
37.23,-121.82,7.5218,2
33.99,-118.55,7.9096,3
34.01,-118.18,2.3462,1
33.9,-118.4,7.8924,3
33.99,-117.95,5.0142,3
33.7,-117.37,3.2481,1
38.1,-122.49,4.9286,2
34.42,-119.71,4.1062,3
33.9,-118.35,2.8777,1
37.67,-121.76,6.3705,2
33.84,-118.28,3.8633,1
33.76,-118.08,1.2813,1
37.71,-121.75,4.8624,2
34.09,-118.29,1.9835,1
37.8,-122.25,3.0149,5
33.72,-118.33,6.4246,3
34.08,-118.1,2.5,1
38.7,-121.24,5.7133,2
36.69,-121.65,2.7367,5
33.86,-118.18,3.6719,1
34.31,-119.29,3.9063,1
34.06,-117.47,2.7574,1
33.62,-117.94,3.6607,1
33.85,-118.03,3.8426,1
37.66,-121.79,5.98,2
37.67,-120.93,3.3844,5
34.21,-118.61,5.6407,3
37.84,-122.0,9.5271,0
35.13,-118.46,2.6417,1
32.92,-117.15,4.9024,3
33.78,-118.2,1.9872,1
33.52,-117.05,4.8083,3
37.4,-122.2,8.2782,2
37.79,-122.39,4.6563,2
41.02,-124.16,2.1726,5
33.76,-117.82,6.2944,3
33.86,-117.89,3.3008,1
33.92,-118.37,4.4722,3
33.88,-117.87,3.025,1
33.63,-117.71,4.5909,3
33.8,-118.45,11.9993,0
33.71,-117.77,7.5847,3
32.87,-117.23,5.417000000000001,3
34.08,-118.38,2.8889,1
34.21,-118.56,3.5333,1
34.25,-118.56,8.565,0
33.74,-117.96,4.1484,3
37.36,-121.98,7.8543,2
37.93,-121.68,1.6554,5
38.89,-120.01,3.0089,5
35.27,-119.07,2.5804,4
38.23,-122.65,3.45,5
37.79,-122.24,2.125,5
32.78,-115.57,6.2715,3
37.26,-121.85,6.4339,2
38.3,-122.08,6.8872,2
33.83,-118.43,5.145,3
34.14,-118.03,4.7308,3
39.82,-122.11,2.625,5
37.32,-121.93,2.5833,5
34.14,-117.98,3.6336,1
34.01,-118.34,2.5568,1
34.06,-118.43,5.3777,3
36.6,-119.63,1.9676,4
37.65,-122.09,4.7143,2
37.99,-122.28,4.375,2
33.95,-118.3,1.2455,1
37.73,-122.45,5.1238,2
33.74,-117.94,4.2222,3
32.81,-117.23,3.8026,1
34.07,-118.25,2.2545,1
37.62,-122.42,4.4643,2
34.05,-117.94,3.7708,1
33.78,-117.96,6.37,3
34.02,-117.43,3.05,1
34.03,-118.38,2.9344,1
37.58,-121.96,5.7192,2
37.77,-122.42,2.5755,5
